Transaction Hash,Status,Method,Blockno,DateTime (UTC),From,From_Nametag,To,To_Nametag,Amount,Value (USD),Txn Fee,_source_file
0xfd92748de551af45420c4f2370e800ca20cb35c7207a045d7d9f59bf00027a70,Success,Swap,66984932,2025-11-04 07:00:39,0xf2295226d0755e77205473da574055279961fd60,,0x10ed43c718714eb63d5aa57b78b54704e256024e,PancakeSwap: Router v2,0 BNB,$0.00,5.72e-06,export-transaction-list-1788775101004.csv
0x0885c76696c6e8d85e801651da154bd3e7a0b60a6715d19ecef0f4d12aa5d88c,Success,Proxy Buy,66984916,2025-11-04 07:00:27,0xf2295226d0755e77205473da574055279961fd60,,0xcb066e1dd6cd69bb214ce99f1be64b2c473e36ce,,0.023426379 BNB,$17.40,6.87e-06,export-transaction-list-1788775101004.csv
0xa865d93dfb01ca1df3e61776de9cd4d6ea9af8fb972eef29ba0f74c192d00584,Success,Approve,66984480,2025-11-04 06:55:00,0xf2295226d0755e77205473da574055279961fd60,,0x769c9ea01f59fe4fbe6e1999049d045cd1614444,,0 BNB,$0.00,2.46e-06,export-transaction-list-1788775101004.csv
0xb6529a383c62e7f1fdcd8febee50c904916c455973d0df6615dc002d65f5e8ff,Success,Transfer,66984459,2025-11-04 06:54:44,0xf2295226d0755e77205473da574055279961fd60,,0xfc432bc34c1a6e51aadf4bc6ebc2a29a92676bd3,,0.029314954 BNB,$21.78,1.11e-06,export-transaction-list-1788775101004.csv
0x5a07915600a74515009b42914016e56b9ec0e6a88a25b869df0457b06737c1ac,Success,Swap,66984395,2025-11-04 06:53:56,0xf2295226d0755e77205473da574055279961fd60,,0x10ed43c718714eb63d5aa57b78b54704e256024e,PancakeSwap: Router v2,0 BNB,$0.00,6.36e-06,export-transaction-list-1788775101004.csv
0x7a79332d0c657456207ed507cb8bda3c37d23b9829ee18dd52f2c472e005f69f,Success,Swap,66984379,2025-11-04 06:53:44,0xf2295226d0755e77205473da574055279961fd60,,0x10ed43c718714eb63d5aa57b78b54704e256024e,PancakeSwap: Router v2,0 BNB,$0.00,5.75e-06,export-transaction-list-1788775101004.csv
0xd0bd7af2275ade333764fa99a15cfcf91190bd48f7d851884bfe0a4bf987392b,Success,Swap,66984374,2025-11-04 06:53:40,0xf2295226d0755e77205473da574055279961fd60,,0x10ed43c718714eb63d5aa57b78b54704e256024e,PancakeSwap: Router v2,0 BNB,$0.00,5.6e-06,export-transaction-list-1788775101004.csv
0x16cd19a29930ba6c7613de4ae82be35bdd66139fd3dbe2f4df16b6eecb8d91b1,Success,Proxy Buy,66984352,2025-11-04 06:53:24,0xf2295226d0755e77205473da574055279961fd60,,0xcb066e1dd6cd69bb214ce99f1be64b2c473e36ce,,0.022620947 BNB,$16.80,6.7e-06,export-transaction-list-1788775101004.csv
0xe6574140c8fde00cb9b3d005ee21cba695755769afec547ecfc8043ae13b6e3a,Success,Swap,66984342,2025-11-04 06:53:16,0xf2295226d0755e77205473da574055279961fd60,,0x10ed43c718714eb63d5aa57b78b54704e256024e,PancakeSwap: Router v2,0 BNB,$0.00,5.61e-06,export-transaction-list-1788775101004.csv
0x5432f7dff97c319f22142582fe9918dd44492644870fbb703781ffff2a364eaf,Success,Swap,66984263,2025-11-04 06:52:17,0xf2295226d0755e77205473da574055279961fd60,,0x10ed43c718714eb63d5aa57b78b54704e256024e,PancakeSwap: Router v2,0 BNB,$0.00,5.71e-06,export-transaction-list-1788775101004.csv
0xd0189df5342fa04599383f436a310517e21b4480ae59cfa0ec12ef6ea9bb6d11,Success,Proxy Buy,66984247,2025-11-04 06:52:05,0xf2295226d0755e77205473da574055279961fd60,,0xcb066e1dd6cd69bb214ce99f1be64b2c473e36ce,,0.021618954 BNB,$16.06,6.04e-06,export-transaction-list-1788775101004.csv
0xc309e2cc97a949ec7b932956ca9aa71fd03210367861aadd7c47f39df13593be,Success,Swap,66984099,2025-11-04 06:50:14,0xf2295226d0755e77205473da574055279961fd60,,0x10ed43c718714eb63d5aa57b78b54704e256024e,PancakeSwap: Router v2,0 BNB,$0.00,5.74e-06,export-transaction-list-1788775101004.csv
0x2f704d609694d167d2c54b283e6304e8612ee3bf185e0f7f9a801d6d397ace82,Success,Swap,66984075,2025-11-04 06:49:56,0xf2295226d0755e77205473da574055279961fd60,,0x10ed43c718714eb63d5aa57b78b54704e256024e,PancakeSwap: Router v2,0 BNB,$0.00,5.69e-06,export-transaction-list-1788775101004.csv
0xd4c4bd340341f0d705e373cd4ec0a93e467842ab20681b9bec22f83330824de4,Success,Proxy Buy,66984045,2025-11-04 06:49:34,0xf2295226d0755e77205473da574055279961fd60,,0xcb066e1dd6cd69bb214ce99f1be64b2c473e36ce,,0.023681291 BNB,$17.59,6.99e-06,export-transaction-list-1788775101004.csv
0xf416f16bbe05a4a1718275c1c9eb69ff6abd803a4ad843df92b9de11aa8da4b2,Success,Approve,66983942,2025-11-04 06:48:16,0xf2295226d0755e77205473da574055279961fd60,,0x4bf13146a49e5749544f15b7969e855e067a4444,,0 BNB,$0.00,2.4e-06,export-transaction-list-1788775101004.csv
0x25b3b9a36d22b70dc06fccb86c28f6f4d077f75542f725462567eaa353aa2c46,Success,Transfer,66983911,2025-11-04 06:47:53,0xf2295226d0755e77205473da574055279961fd60,,0x93223e509edf4256dec08d9049c3ea904d3529dd,,0.035466373 BNB,$26.35,1.07e-06,export-transaction-list-1788775101004.csv
0xe3ed325ff0f2be775679fce9bbb4fe0343e7f8e9c62ab7a6a8b968fc394af400,Success,Swap,66983728,2025-11-04 06:45:36,0xf2295226d0755e77205473da574055279961fd60,,0x10ed43c718714eb63d5aa57b78b54704e256024e,PancakeSwap: Router v2,0 BNB,$0.00,6.27e-06,export-transaction-list-1788775101004.csv
0xb087b7fe26942edbed6959173ccd963d31c90dd215822391654f86944defcb06,Success,Swap,66983687,2025-11-04 06:45:05,0xf2295226d0755e77205473da574055279961fd60,,0x10ed43c718714eb63d5aa57b78b54704e256024e,PancakeSwap: Router v2,0 BNB,$0.00,6.16e-06,export-transaction-list-1788775101004.csv
0x8aaf33516afe5157d52451e4cc1a7c0cdc889efba2e9cc1f0f834e936c4bfa9a,Success,Swap,66983612,2025-11-04 06:44:09,0xf2295226d0755e77205473da574055279961fd60,,0x10ed43c718714eb63d5aa57b78b54704e256024e,PancakeSwap: Router v2,0 BNB,$0.00,6.32e-06,export-transaction-list-1788775101004.csv
0x2c57de5124e68a83417345d67c49c88b0f2b64db8bd36553f1aa5e95618e74b9,Success,Swap,66983562,2025-11-04 06:43:31,0xf2295226d0755e77205473da574055279961fd60,,0x10ed43c718714eb63d5aa57b78b54704e256024e,PancakeSwap: Router v2,0 BNB,$0.00,5.78e-06,export-transaction-list-1788775101004.csv
0xb7e6d0e728e9c10f655845df80cd9aa0ca75a3b3a5e600ef914ed5e0e07f3de9,Success,Proxy Buy,66983484,2025-11-04 06:42:33,0xf2295226d0755e77205473da574055279961fd60,,0xcb066e1dd6cd69bb214ce99f1be64b2c473e36ce,,0.024190958 BNB,$17.97,6.86e-06,export-transaction-list-1788775101004.csv
0x1816f74cfcfedc919b80e9b2e7df519ebea30e923d2cd8163ca47246ff910f9c,Success,Approve,66983392,2025-11-04 06:41:24,0xf2295226d0755e77205473da574055279961fd60,,0x2d0834cdebd27fa6c8acec08c04f07ac74e34444,,0 BNB,$0.00,2.44e-06,export-transaction-list-1788775101004.csv
0x74f66330ac18f928c48c439d1bf1c1313e9096f9ca742b298c79879afcf6d80d,Success,Transfer,66983369,2025-11-04 06:41:07,0xf2295226d0755e77205473da574055279961fd60,,0xecab2e72f07c9f5305fd9292c0ffdacfd4098e24,,0.001133496 BNB,$0.84,1.08e-06,export-transaction-list-1788775101004.csv
0x1f56523a058f01dcce4efd88c47c18f5acf90392b87a81d39cdfeed52eea3fb8,Success,Proxy Buy,66983194,2025-11-04 06:38:55,0xf2295226d0755e77205473da574055279961fd60,,0xcb066e1dd6cd69bb214ce99f1be64b2c473e36ce,,0.026875911 BNB,$19.97,6.08e-06,export-transaction-list-1788775101004.csv
0xfc9c6e241de22c12fb8d295e2d8b415704800e751efd97d1a4e266100621eb35,Success,Swap,66983189,2025-11-04 06:38:52,0xf2295226d0755e77205473da574055279961fd60,,0x10ed43c718714eb63d5aa57b78b54704e256024e,PancakeSwap: Router v2,0 BNB,$0.00,6.17e-06,export-transaction-list-1788775101004.csv
0xd401b873910231b4d20f34aaca928225992b570bb45f5541c0241e8af63e4bee,Success,Swap,66983080,2025-11-04 06:37:30,0xf2295226d0755e77205473da574055279961fd60,,0x10ed43c718714eb63d5aa57b78b54704e256024e,PancakeSwap: Router v2,0 BNB,$0.00,6.33e-06,export-transaction-list-1788775101004.csv
0x7c4fce7ee5e7aa95850d705994c2c6b70050d701152a3f16700154158f50a6c3,Success,Swap,66982961,2025-11-04 06:36:01,0xf2295226d0755e77205473da574055279961fd60,,0x10ed43c718714eb63d5aa57b78b54704e256024e,PancakeSwap: Router v2,0 BNB,$0.00,5.59e-06,export-transaction-list-1788775101004.csv
0x9a6d06a91c3516a7f0fd4046d12f5767a8adb3c52737265021b436292a29d437,Success,Proxy Buy,66982924,2025-11-04 06:35:33,0xf2295226d0755e77205473da574055279961fd60,,0xcb066e1dd6cd69bb214ce99f1be64b2c473e36ce,,0.022916698 BNB,$17.02,7.51e-06,export-transaction-list-1788775101004.csv
0xd645c6cb811bf1826f3b22f277b75f976ffc77bd5c0f94774da13873d7121d34,Success,Approve,66982773,2025-11-04 06:33:40,0xf2295226d0755e77205473da574055279961fd60,,0x51845609a86a948b6d9d8dda0130fcc252524444,,0 BNB,$0.00,2.43e-06,export-transaction-list-1788775101004.csv
0x383620472233d707da9a7fa1d2263c0c87a74904f05b5236fa9401b0a92a5f09,Success,Transfer,66982746,2025-11-04 06:33:19,0xf2295226d0755e77205473da574055279961fd60,,0x0375711e15e70e9724069ef0e7716740edf2082c,,0.013492736 BNB,$10.02,1.11e-06,export-transaction-list-1788775101004.csv
0x0543e5ba30d4b874027e048ee75afa4515ae7eaec3f2c9a5e6c25ad4555a0e3f,Success,Swap,66982738,2025-11-04 06:33:13,0xf2295226d0755e77205473da574055279961fd60,,0x10ed43c718714eb63d5aa57b78b54704e256024e,PancakeSwap: Router v2,0 BNB,$0.00,5.76e-06,export-transaction-list-1788775101004.csv
0x46b54f6ab61fd5ba2d58882c32923856ac91bad73a6cf919be719c989a9dc651,Success,Proxy Buy,66982732,2025-11-04 06:33:09,0xf2295226d0755e77205473da574055279961fd60,,0xcb066e1dd6cd69bb214ce99f1be64b2c473e36ce,,0.018200017 BNB,$13.52,6.03e-06,export-transaction-list-1788775101004.csv
0x7b82057a0fe569b60b01fd1eeffb82c9a6fb451fc877ffa6392077e2678742ba,Success,Swap,66982685,2025-11-04 06:32:34,0xf2295226d0755e77205473da574055279961fd60,,0x10ed43c718714eb63d5aa57b78b54704e256024e,PancakeSwap: Router v2,0 BNB,$0.00,5.63e-06,export-transaction-list-1788775101004.csv
0xfd4f3714f10b94be231703fd3ec359ef84b6d1b5a2952b700cafcc09456f0482,Success,Proxy Buy,66982665,2025-11-04 06:32:19,0xf2295226d0755e77205473da574055279961fd60,,0xcb066e1dd6cd69bb214ce99f1be64b2c473e36ce,,0.01627962 BNB,$12.09,6.04e-06,export-transaction-list-1788775101004.csv
0x202457a5011ab560cb38613b14ee0194dd3edd8dc23ff05e80106687de443129,Success,Swap,66982635,2025-11-04 06:31:56,0xf2295226d0755e77205473da574055279961fd60,,0x10ed43c718714eb63d5aa57b78b54704e256024e,PancakeSwap: Router v2,0 BNB,$0.00,6.15e-06,export-transaction-list-1788775101004.csv
0xe1dad5a2df174fcc631d5c21d99af3e2273614ce0cee8eef718118ba7c7cf9d7,Success,Proxy Buy,66982577,2025-11-04 06:31:13,0xf2295226d0755e77205473da574055279961fd60,,0xcb066e1dd6cd69bb214ce99f1be64b2c473e36ce,,0.02372031 BNB,$17.62,6.02e-06,export-transaction-list-1788775101004.csv
0x04717a8fad6b61986571e5bd2942ee81e0e577c7790c0229dce0720f3230a518,Success,Swap,66982560,2025-11-04 06:31:00,0xf2295226d0755e77205473da574055279961fd60,,0x10ed43c718714eb63d5aa57b78b54704e256024e,PancakeSwap: Router v2,0 BNB,$0.00,5.64e-06,export-transaction-list-1788775101004.csv
0x84c19190f15461f6314ad877707d357f39d50a51415279569ff5c42cf09a6e22,Error in Main Txn : execution reverted,Swap,66982469,2025-11-04 06:29:52,0xf2295226d0755e77205473da574055279961fd60,,0x10ed43c718714eb63d5aa57b78b54704e256024e,PancakeSwap: Router v2,0 BNB,$0.00,2.4e-06,export-transaction-list-1788775101004.csv
0x80c5202c034e1d2cd12d9852c008132a66491cec4b378bf3f0e21c05130fad42,Success,Swap,66982468,2025-11-04 06:29:51,0xf2295226d0755e77205473da574055279961fd60,,0x10ed43c718714eb63d5aa57b78b54704e256024e,PancakeSwap: Router v2,0 BNB,$0.00,6.35e-06,export-transaction-list-1788775101004.csv
0xfd4ac323374552b8bdd4c37b7de0e51dec98f70056e998a545202dfb724be6dd,Success,Proxy Buy,66982438,2025-11-04 06:29:28,0xf2295226d0755e77205473da574055279961fd60,,0xcb066e1dd6cd69bb214ce99f1be64b2c473e36ce,,0.023936128 BNB,$17.78,7.08e-06,export-transaction-list-1788775101004.csv
0x05e8f28e4e345ad0145ef0fdbed524b4daab847442087fd78acd56e536c00618,Success,Approve,66982236,2025-11-04 06:26:57,0xf2295226d0755e77205473da574055279961fd60,,0x4ad8a59cfc5b9553f80f2b32ef8228debbf44444,,0 BNB,$0.00,2.41e-06,export-transaction-list-1788775101004.csv
0x141c3328635550282a3a843936cfd873e516466ca0cab94dd341be0a2e33c1aa,Success,Transfer,66982216,2025-11-04 06:26:42,0xf2295226d0755e77205473da574055279961fd60,,0xb2d29c14e6aaf672cafa825c7d5535108c754b96,,0.002239521 BNB,$1.66,1.07e-06,export-transaction-list-1788775101004.csv
0xb0f3f77f659b3e260f4d10647ec38915c28a70e4d83ced3e54af218af02cf558,Success,Proxy Buy,66981893,2025-11-04 06:22:40,0xf2295226d0755e77205473da574055279961fd60,,0xcb066e1dd6cd69bb214ce99f1be64b2c473e36ce,,0.020026173 BNB,$14.88,6.75e-06,export-transaction-list-1788775101004.csv
0x9d33298532193ab55ebc61d0b187fa2a2030078f82842417f6beb3ff0204fc60,Success,Swap,66981858,2025-11-04 06:22:13,0xf2295226d0755e77205473da574055279961fd60,,0x10ed43c718714eb63d5aa57b78b54704e256024e,PancakeSwap: Router v2,0 BNB,$0.00,5.76e-06,export-transaction-list-1788775101004.csv
0x0a57b0bfc97349cce008622fb451f76f162322fd094d78fd70e79970c035a000,Success,Proxy Buy,66981782,2025-11-04 06:21:16,0xf2295226d0755e77205473da574055279961fd60,,0xcb066e1dd6cd69bb214ce99f1be64b2c473e36ce,,0.022916693 BNB,$17.02,7.03e-06,export-transaction-list-1788775101004.csv
0xec328269eddba8ab20f0eac9704ab4df27d8e46def8b22bfb1bee3f4b1e2fb1f,Success,Approve,66981672,2025-11-04 06:19:54,0xf2295226d0755e77205473da574055279961fd60,,0x38fa39b814a58fecd9e0e4dea387672279994444,,0 BNB,$0.00,2.44e-06,export-transaction-list-1788775101004.csv
0x4d44e1b439819f58c8cd748436f396f167cfaca395dee0ac0d4dd16f286533d7,Success,Transfer,66981651,2025-11-04 06:19:38,0xf2295226d0755e77205473da574055279961fd60,,0x1cf5952b98a4d9015d637e56b42e8e6eb60e6d47,,0.019339149 BNB,$14.37,1.1e-06,export-transaction-list-1788775101004.csv
0xca36f07e65c7c784bcbe3f0ab27c8052f3e5bebea6f2fef7c50dcf514376d503,Success,Swap,66981552,2025-11-04 06:18:24,0xf2295226d0755e77205473da574055279961fd60,,0x10ed43c718714eb63d5aa57b78b54704e256024e,PancakeSwap: Router v2,0 BNB,$0.00,6.28e-06,export-transaction-list-1788775101004.csv
0x9edebd6755c356a41c8a3433b3fe0e4f59b49671f710bc0110db968dca2e0f06,Success,Proxy Buy,66981511,2025-11-04 06:17:53,0xf2295226d0755e77205473da574055279961fd60,,0xcb066e1dd6cd69bb214ce99f1be64b2c473e36ce,,0.027596518 BNB,$20.50,6.72e-06,export-transaction-list-1788775101004.csv
0x8c5c4ddd208f1df7cdba8216d0813ad4b49afa89a63c188abec552f2d0b1532e,Success,Swap,66981427,2025-11-04 06:16:50,0xf2295226d0755e77205473da574055279961fd60,,0x10ed43c718714eb63d5aa57b78b54704e256024e,PancakeSwap: Router v2,0 BNB,$0.00,6.15e-06,export-transaction-list-1788775101004.csv
0x4b38442346e5e5c24a0ba81bbdcfdae42ed7fc0100ae64b8c2d6a477a7f88a68,Success,Swap,66981417,2025-11-04 06:16:43,0xf2295226d0755e77205473da574055279961fd60,,0x10ed43c718714eb63d5aa57b78b54704e256024e,PancakeSwap: Router v2,0 BNB,$0.00,6.33e-06,export-transaction-list-1788775090354.csv
0x8ba77a48de9fad15ae7481b23f13e18863f9d2a4fe42bfdfd1766130a60c3805,Success,Swap,66981277,2025-11-04 06:14:58,0xf2295226d0755e77205473da574055279961fd60,,0x10ed43c718714eb63d5aa57b78b54704e256024e,PancakeSwap: Router v2,0 BNB,$0.00,6.35e-06,export-transaction-list-1788775090354.csv
0xcc0cc494a2821fc019725a45e6dbdc73513c0b756461c783f9bb5c9768761a7b,Success,Swap,66981228,2025-11-04 06:14:21,0xf2295226d0755e77205473da574055279961fd60,,0x10ed43c718714eb63d5aa57b78b54704e256024e,PancakeSwap: Router v2,0 BNB,$0.00,6.24e-06,export-transaction-list-1788775090354.csv
0x1b99ec2df88024f7cd8228e68178c85fc20a4653fdd678e994429c286c58f272,Success,Proxy Buy,66981209,2025-11-04 06:14:07,0xf2295226d0755e77205473da574055279961fd60,,0xcb066e1dd6cd69bb214ce99f1be64b2c473e36ce,,0.024445807 BNB,$18.16,6.89e-06,export-transaction-list-1788775090354.csv
0x6797c074d5a95daff68ae347e28ce94b5b3686b785e696b5ef4ba448091b61d7,Success,Approve,66981118,2025-11-04 06:12:58,0xf2295226d0755e77205473da574055279961fd60,,0xe630bf559c9cf6147fafc0e1388d85ee5fcc4444,,0 BNB,$0.00,2.44e-06,export-transaction-list-1788775090354.csv
0x720f222a9e28e157612af4d0f1de9eccd22fd5285127090e3f6ecbe67451211d,Success,Transfer,66981094,2025-11-04 06:12:40,0xf2295226d0755e77205473da574055279961fd60,,0xfd1117533785d086a2f5e1f99118f3d603e0dc6e,,0.0254842 BNB,$18.93,1.07e-06,export-transaction-list-1788775090354.csv
0xee37a6997de3b39641f50c5cf100a8292531ba9b08d803e144331fe10c2c5b3c,Success,Approve,66980529,2025-11-04 06:05:37,0xf2295226d0755e77205473da574055279961fd60,,0xb88d0ebd621bd49a88a9789e534e562ab7f74444,,0 BNB,$0.00,2.38e-06,export-transaction-list-1788775090354.csv
0xa3642c06727aee6fb1db4b95c7b06179b72f806edd102679fc80e9aef1fc30b1,Success,Transfer,66980498,2025-11-04 06:05:13,0xf2295226d0755e77205473da574055279961fd60,,0x3fe487e46bfe271c1cbdddb5b6136985c2fc7264,,0.003115358 BNB,$2.31,1.08e-06,export-transaction-list-1788775090354.csv
0xef2ac623f9c3683a4eaefbbb2c72851926c43499e75536a6b20654ae3df380ce,Success,Proxy Buy,66980381,2025-11-04 06:03:46,0xf2295226d0755e77205473da574055279961fd60,,0xcb066e1dd6cd69bb214ce99f1be64b2c473e36ce,,0.0279022 BNB,$20.73,6.02e-06,export-transaction-list-1788775090354.csv
0xcea1c421afdccdb07ca7888b62dc1a819b0a9fee05b6e1942b5fb43b1d03cac0,Success,Swap,66980221,2025-11-04 06:01:46,0xf2295226d0755e77205473da574055279961fd60,,0x10ed43c718714eb63d5aa57b78b54704e256024e,PancakeSwap: Router v2,0 BNB,$0.00,5.65e-06,export-transaction-list-1788775090354.csv
0x4546696fc0cb652e342c989a04f3e9848d4ce8ec0148f9e7ad6184b97dd1d31d,Success,Swap,66980008,2025-11-04 05:59:06,0xf2295226d0755e77205473da574055279961fd60,,0x10ed43c718714eb63d5aa57b78b54704e256024e,PancakeSwap: Router v2,0 BNB,$0.00,6.26e-06,export-transaction-list-1788775090354.csv
0xba66d600c6a4d0797ab45bf0077e6e0a77fc09d895cd6d7c4e210e2bda83fa78,Success,Proxy Buy,66979989,2025-11-04 05:58:52,0xf2295226d0755e77205473da574055279961fd60,,0xcb066e1dd6cd69bb214ce99f1be64b2c473e36ce,,0.024445841 BNB,$18.16,6.99e-06,export-transaction-list-1788775090354.csv
0xc0a41770e019e98b012ba3212a1379121b9b9a5679d4275d1bdae1183f1d1ab7,Success,Approve,66979907,2025-11-04 05:57:50,0xf2295226d0755e77205473da574055279961fd60,,0x84146e7421795f9d9f64ffec63726952ffc04444,,0 BNB,$0.00,2.4e-06,export-transaction-list-1788775090354.csv
0x8c9113ac54f92f74d726a1442a3b2f08022cc5e308e83d4d20c7e48c60c5fd9e,Success,Transfer,66979883,2025-11-04 05:57:32,0xf2295226d0755e77205473da574055279961fd60,,0xd072c59f5bcc440db5f80342294c5e2256b31d63,,0.023244425 BNB,$17.27,1.07e-06,export-transaction-list-1788775090354.csv
0x31b294d1c0c5ffb091b4f587a04dc90419d1b4dd96b46c1c82d3d456e55a0a02,Success,Swap,66979860,2025-11-04 05:57:15,0xf2295226d0755e77205473da574055279961fd60,,0x10ed43c718714eb63d5aa57b78b54704e256024e,PancakeSwap: Router v2,0 BNB,$0.00,5.61e-06,export-transaction-list-1788775090354.csv
0x0be70fa4218576bcee6d577b3d44c9c74cde1be12d326d738f74f9425ad10c28,Success,Proxy Buy,66979628,2025-11-04 05:54:21,0xf2295226d0755e77205473da574055279961fd60,,0xcb066e1dd6cd69bb214ce99f1be64b2c473e36ce,,0.023681259 BNB,$17.59,7.01e-06,export-transaction-list-1788775090354.csv
0xc02388caaa5ca4ee274d382f62cff52dfd7f2f624fafa60c30128a97e7bc295d,Success,Approve,66979370,2025-11-04 05:51:07,0xf2295226d0755e77205473da574055279961fd60,,0x32ee51acb53b1cd4a8ba9b8253e38f23ce7a4444,,0 BNB,$0.00,2.43e-06,export-transaction-list-1788775090354.csv
0x59207dd0d16e3c870a352b0d9d5f7a48f7c7f6ca59c2a1db84af3451cf4952ed,Success,Transfer,66979355,2025-11-04 05:50:56,0xf2295226d0755e77205473da574055279961fd60,,0xaaf7a9a2ba9a93d6aa240a283949fdf7ba196c6c,,0.034773492 BNB,$25.83,1.07e-06,export-transaction-list-1788775090354.csv
0xcb78767d55f1112c084988ede5fb72050aef621773a34c403e407eb372cb27dd,Success,Swap,66979242,2025-11-04 05:49:31,0xf2295226d0755e77205473da574055279961fd60,,0x10ed43c718714eb63d5aa57b78b54704e256024e,PancakeSwap: Router v2,0 BNB,$0.00,5.61e-06,export-transaction-list-1788775090354.csv
0x4f5ec4debd6acd7bd34f55ad261bfbbafa0c7703704bc0df8c8c9f6d63d7ed04,Success,Swap,66979210,2025-11-04 05:49:07,0xf2295226d0755e77205473da574055279961fd60,,0x10ed43c718714eb63d5aa57b78b54704e256024e,PancakeSwap: Router v2,0 BNB,$0.00,5.72e-06,export-transaction-list-1788775090354.csv
0x03bf81be9c32bb8e59a571232ce13de8bf5539320eff659e8281be73d399da40,Success,Swap,66979097,2025-11-04 05:47:43,0xf2295226d0755e77205473da574055279961fd60,,0x10ed43c718714eb63d5aa57b78b54704e256024e,PancakeSwap: Router v2,0 BNB,$0.00,6.36e-06,export-transaction-list-1788775090354.csv
0xcfa700d674ea142ce5e7116446242996e9b280d324cde530ac5efc76107c0bbe,Success,Swap,66979025,2025-11-04 05:46:49,0xf2295226d0755e77205473da574055279961fd60,,0x10ed43c718714eb63d5aa57b78b54704e256024e,PancakeSwap: Router v2,0 BNB,$0.00,5.61e-06,export-transaction-list-1788775090354.csv
0x133e078334cda43520ed45fe9fb06b55239c472eb4b97941b3ad3d67fa10550e,Success,Proxy Buy,66979007,2025-11-04 05:46:35,0xf2295226d0755e77205473da574055279961fd60,,0xcb066e1dd6cd69bb214ce99f1be64b2c473e36ce,,0.024414567 BNB,$18.14,6.05e-06,export-transaction-list-1788775090354.csv
0x99eb6902807bc6298e04e9ce15b94bf727d9db1633e13ab0ccdb10a57ffdff69,Success,Swap,66979004,2025-11-04 05:46:33,0xf2295226d0755e77205473da574055279961fd60,,0x10ed43c718714eb63d5aa57b78b54704e256024e,PancakeSwap: Router v2,0 BNB,$0.00,5.77e-06,export-transaction-list-1788775090354.csv
0x8490680cbcf732d68f41e0ddb32122e33ed1cee2488e95ead6d60371c74d9519,Success,Swap,66978999,2025-11-04 05:46:29,0xf2295226d0755e77205473da574055279961fd60,,0x10ed43c718714eb63d5aa57b78b54704e256024e,PancakeSwap: Router v2,0 BNB,$0.00,6.19e-06,export-transaction-list-1788775090354.csv
0xfa4ac7ee9ed40f6a13bf88f2126f0206dcb2fab7e1ef313acb7095d75709f898,Success,Proxy Buy,66978953,2025-11-04 05:45:55,0xf2295226d0755e77205473da574055279961fd60,,0xcb066e1dd6cd69bb214ce99f1be64b2c473e36ce,,0.023126027 BNB,$17.18,5.99e-06,export-transaction-list-1788775090354.csv
0x4d9580e77f6207aa2756ac7191a5b31eb3f2a5836b4fd3973ff074072d799330,Success,Swap,66978930,2025-11-04 05:45:37,0xf2295226d0755e77205473da574055279961fd60,,0x10ed43c718714eb63d5aa57b78b54704e256024e,PancakeSwap: Router v2,0 BNB,$0.00,5.71e-06,export-transaction-list-1788775090354.csv
0xf7acec6b1477983d7ca1eb7471d9f9ea1bd597e3d325bdadc51181a5fed75e37,Success,Swap,66978907,2025-11-04 05:45:20,0xf2295226d0755e77205473da574055279961fd60,,0x10ed43c718714eb63d5aa57b78b54704e256024e,PancakeSwap: Router v2,0 BNB,$0.00,5.68e-06,export-transaction-list-1788775090354.csv
0x7a026703dfac93ad03b386cac6f2d513c15124b860d13f18d1ba6ac03c94deea,Success,Swap,66978883,2025-11-04 05:45:02,0xf2295226d0755e77205473da574055279961fd60,,0x10ed43c718714eb63d5aa57b78b54704e256024e,PancakeSwap: Router v2,0 BNB,$0.00,6.36e-06,export-transaction-list-1788775090354.csv
0x4686b2a1bc2b55fbd8070bed9024d005fab8e1ccf78cf442166bbe4afeef3c0a,Success,Proxy Buy,66978876,2025-11-04 05:44:57,0xf2295226d0755e77205473da574055279961fd60,,0xcb066e1dd6cd69bb214ce99f1be64b2c473e36ce,,0.02291671 BNB,$17.02,7.59e-06,export-transaction-list-1788775090354.csv
0x508181c9d78e306140d26849ee38578e2d4e642bd11ecf7ee42aeecc0f9acfb7,Success,Approve,66978838,2025-11-04 05:44:28,0xf2295226d0755e77205473da574055279961fd60,,0x00c682aea81696bb9ec7c34a957e8c5335e04444,,0 BNB,$0.00,2.42e-06,export-transaction-list-1788775090354.csv
0x65e7de3a43ac3e3559caa0a170503594d7e431592b44eabccc5078b4eab787f2,Success,Transfer,66978813,2025-11-04 05:44:10,0xf2295226d0755e77205473da574055279961fd60,,0xdba3a095dbffe023217e75c20301cc254027c604,,0.003043143 BNB,$2.26,1.09e-06,export-transaction-list-1788775090354.csv
0xde00b0257e64d9ed517865d13db1e6b807d739fac007e406b7657a5dd826c8d9,Success,Proxy Buy,66978712,2025-11-04 05:42:54,0xf2295226d0755e77205473da574055279961fd60,,0xcb066e1dd6cd69bb214ce99f1be64b2c473e36ce,,0.027252284 BNB,$20.25,6.01e-06,export-transaction-list-1788775090354.csv
0xb0a888b6cb69f0901947b84ea46fb39330a46104e0f6a6bcc7568f46f57bd75a,Success,Swap,66978698,2025-11-04 05:42:43,0xf2295226d0755e77205473da574055279961fd60,,0x10ed43c718714eb63d5aa57b78b54704e256024e,PancakeSwap: Router v2,0 BNB,$0.00,5.69e-06,export-transaction-list-1788775090354.csv
0x3e61541c5abe99fab99410332c91de13120fa05881a49bbe23a1742d57dcdb01,Success,Swap,66978610,2025-11-04 05:41:37,0xf2295226d0755e77205473da574055279961fd60,,0x10ed43c718714eb63d5aa57b78b54704e256024e,PancakeSwap: Router v2,0 BNB,$0.00,5.62e-06,export-transaction-list-1788775090354.csv
0x98d025792510d663a46358d2cc6c6906ed8befe6766e821a796d720ae5726c35,Success,Proxy Buy,66978505,2025-11-04 05:40:19,0xf2295226d0755e77205473da574055279961fd60,,0xcb066e1dd6cd69bb214ce99f1be64b2c473e36ce,,0.024918059 BNB,$18.51,6.59e-06,export-transaction-list-1788775090354.csv
0x286b38357ae0df953bf0c29a5dc28e8c96dbe7083ac3cc53fa240ba87bf96952,Success,Swap,66978461,2025-11-04 05:39:46,0xf2295226d0755e77205473da574055279961fd60,,0x10ed43c718714eb63d5aa57b78b54704e256024e,PancakeSwap: Router v2,0 BNB,$0.00,6.31e-06,export-transaction-list-1788775090354.csv
0xd0579b294383ec32e6e512ad902baf7954d9d40ffa5e0f8e3ad096c46ec669ca,Success,Proxy Buy,66978360,2025-11-04 05:38:30,0xf2295226d0755e77205473da574055279961fd60,,0xcb066e1dd6cd69bb214ce99f1be64b2c473e36ce,,0.023426407 BNB,$17.40,7.6e-06,export-transaction-list-1788775090354.csv
0xe4af2c8e7ca8665a47cc5fadfa374a2ba99aff58850c3353d88e95c2bcf8cec6,Success,Approve,66978272,2025-11-04 05:37:24,0xf2295226d0755e77205473da574055279961fd60,,0xc4de134b1fc75d1b3eaee8dd425b4723cc2a4444,,0 BNB,$0.00,2.43e-06,export-transaction-list-1788775090354.csv
0xc8d87ca43ae8b04edc0e239c67e46d61ed6fe5ad7bb74a3a2a6514b13022cce5,Success,Transfer,66978248,2025-11-04 05:37:06,0xf2295226d0755e77205473da574055279961fd60,,0xfebeed4030503ccea096f1f2635493e7d2a51411,,0.001597313 BNB,$1.19,1.1e-06,export-transaction-list-1788775090354.csv
0x8dff51d4333cc90db5aa33da97d81e4561b88c023ce241b779a680c9f0a4b466,Success,Proxy Buy,66978199,2025-11-04 05:36:29,0xf2295226d0755e77205473da574055279961fd60,,0xcb066e1dd6cd69bb214ce99f1be64b2c473e36ce,,0.021031453 BNB,$15.62,6.09e-06,export-transaction-list-1788775090354.csv
0x36cebc6a2fd9a4ecc2993ec2bb9ddfa2c2ed37e5045517b62146cecfc250dedf,Success,Swap,66978163,2025-11-04 05:36:02,0xf2295226d0755e77205473da574055279961fd60,,0x10ed43c718714eb63d5aa57b78b54704e256024e,PancakeSwap: Router v2,0 BNB,$0.00,6.24e-06,export-transaction-list-1788775090354.csv
0x863cc7a322f8df107a6cd84e74a6241e84148d12aa178914a7ea0f2bdc600633,Success,Proxy Buy,66978109,2025-11-04 05:35:22,0xf2295226d0755e77205473da574055279961fd60,,0xcb066e1dd6cd69bb214ce99f1be64b2c473e36ce,,0.019869876 BNB,$14.76,6.75e-06,export-transaction-list-1788775090354.csv
0x7e6ab5e99df42539b974a1065da50c5335f439d82ceea2d52d2aeb56585c5179,Success,Swap,66978092,2025-11-04 05:35:09,0xf2295226d0755e77205473da574055279961fd60,,0x10ed43c718714eb63d5aa57b78b54704e256024e,PancakeSwap: Router v2,0 BNB,$0.00,5.73e-06,export-transaction-list-1788775090354.csv
0x64f945bfad6c032b605a40b6aeb77d5838f2a60b75f5359694d3bd5ea4a17b71,Success,Proxy Buy,66978004,2025-11-04 05:34:03,0xf2295226d0755e77205473da574055279961fd60,,0xcb066e1dd6cd69bb214ce99f1be64b2c473e36ce,,0.020942657 BNB,$15.56,6.02e-06,export-transaction-list-1788775090354.csv
0xcad076203d77034535ba0af0cf74ddee64b2ad6ca9668ae4fc98cb69e2842e09,Success,Swap,66977875,2025-11-04 05:32:26,0xf2295226d0755e77205473da574055279961fd60,,0x10ed43c718714eb63d5aa57b78b54704e256024e,PancakeSwap: Router v2,0 BNB,$0.00,6.17e-06,export-transaction-list-1788775090354.csv
0x1f409008c232bf8352aa741794e0ae33c75f29d963f19afade7b8fd881c75d7f,Success,Swap,66977850,2025-11-04 05:32:07,0xf2295226d0755e77205473da574055279961fd60,,0x10ed43c718714eb63d5aa57b78b54704e256024e,PancakeSwap: Router v2,0 BNB,$0.00,5.76e-06,export-transaction-list-1788775090354.csv
0xa7c68e41f7c6eae0eca3b2adcc07cb2ebd88bd8387c74248b80897eaa24a7939,Success,Proxy Buy,66977800,2025-11-04 05:31:30,0xf2295226d0755e77205473da574055279961fd60,,0xcb066e1dd6cd69bb214ce99f1be64b2c473e36ce,,0.024955547 BNB,$18.54,7.03e-06,export-transaction-list-1788775090354.csv
0xebc0a1aac0c1beac4961ab2ac036291ad8ca39a8aff3860daf39ef1c57760d76,Success,Approve,66977667,2025-11-04 05:29:50,0xf2295226d0755e77205473da574055279961fd60,,0x8705611a000eaf7b29b08adcbc2b19b945c14444,,0 BNB,$0.00,2.4e-06,export-transaction-list-1788775090354.csv
0x2311c4dc25ca815fe4acc2b01f1a29f9de570269c26850b36c4eec2929a0251f,Success,Transfer,66977631,2025-11-04 05:29:23,0xf2295226d0755e77205473da574055279961fd60,,0xda8536b39a743bc5e3c6f6089a3808515cd70328,,0.001822281 BNB,$1.35,1.08e-06,export-transaction-list-1788775090354.csv
0x1ecf99c609a1d6f0971dda1a76a5e9e2c38b6fc71e8836b9520f863d60e7ac55,Success,Proxy Buy,66977454,2025-11-04 05:27:10,0xf2295226d0755e77205473da574055279961fd60,,0xcb066e1dd6cd69bb214ce99f1be64b2c473e36ce,,0.018275427 BNB,$13.58,6.07e-06,export-transaction-list-1788775081351.csv
0x5d6d51ee4fb6cc827e57fcda918469216ee84ff02f42b8aff2811a8436312755,Success,Swap,66977412,2025-11-04 05:26:39,0xf2295226d0755e77205473da574055279961fd60,,0x10ed43c718714eb63d5aa57b78b54704e256024e,PancakeSwap: Router v2,0 BNB,$0.00,6.35e-06,export-transaction-list-1788775081351.csv
0xb36ddfb25b7c754fb6870d80b0876387eb2072ac729d6116da88defbaac92479,Success,Proxy Buy,66977377,2025-11-04 05:26:13,0xf2295226d0755e77205473da574055279961fd60,,0xcb066e1dd6cd69bb214ce99f1be64b2c473e36ce,,0.027022352 BNB,$20.08,6.75e-06,export-transaction-list-1788775081351.csv
0xbda330afc7c82afe543ec1869d2bcb3534597fafed1b804a8cc0a33c2002e776,Success,Swap,66977290,2025-11-04 05:25:07,0xf2295226d0755e77205473da574055279961fd60,,0x10ed43c718714eb63d5aa57b78b54704e256024e,PancakeSwap: Router v2,0 BNB,$0.00,5.68e-06,export-transaction-list-1788775081351.csv
0x8845e36237a20891acd8d73d82578817749bcd8b8c854b77b6e6e2c8191359fd,Success,Swap,66977287,2025-11-04 05:25:05,0xf2295226d0755e77205473da574055279961fd60,,0x10ed43c718714eb63d5aa57b78b54704e256024e,PancakeSwap: Router v2,0 BNB,$0.00,6.31e-06,export-transaction-list-1788775081351.csv
0x0155ff20323a838af063f3aaac302b4da295c52f3cd11f87b11d11a8202f1569,Success,Swap,66977203,2025-11-04 05:24:02,0xf2295226d0755e77205473da574055279961fd60,,0x10ed43c718714eb63d5aa57b78b54704e256024e,PancakeSwap: Router v2,0 BNB,$0.00,5.65e-06,export-transaction-list-1788775081351.csv
0x8f5ad067c9910bfa89c024332a640077a763b10af4b4887559f8ca59c5c02f42,Success,Swap,66977161,2025-11-04 05:23:31,0xf2295226d0755e77205473da574055279961fd60,,0x10ed43c718714eb63d5aa57b78b54704e256024e,PancakeSwap: Router v2,0 BNB,$0.00,5.69e-06,export-transaction-list-1788775081351.csv
0x7f0143cd0bc203d8f0b049b8f45ae8d97871a55af49a141863e80c1e583f4a63,Success,Swap,66977134,2025-11-04 05:23:10,0xf2295226d0755e77205473da574055279961fd60,,0x10ed43c718714eb63d5aa57b78b54704e256024e,PancakeSwap: Router v2,0 BNB,$0.00,5.69e-06,export-transaction-list-1788775081351.csv
0x2f323f0eefecfe6120269dcfb686f8d336d87b29fa8ecebfcf5f76c10c6f67b9,Success,Proxy Buy,66977115,2025-11-04 05:22:56,0xf2295226d0755e77205473da574055279961fd60,,0xcb066e1dd6cd69bb214ce99f1be64b2c473e36ce,,0.024445833 BNB,$18.17,7.47e-06,export-transaction-list-1788775081351.csv
0xfc45d274f9a02ebfbe09644d4babe9932b02f9f355cf76a2e46b9fa66da0d095,Success,Approve,66977051,2025-11-04 05:22:08,0xf2295226d0755e77205473da574055279961fd60,,0x64b06376b966507cffb6dff7951aa4c8ae414444,,0 BNB,$0.00,2.41e-06,export-transaction-list-1788775081351.csv
0x45ae7f05b606c63fdfa2eec099b46b8888aade74744f05decacbcc6986636019,Success,Transfer,66977022,2025-11-04 05:21:46,0xf2295226d0755e77205473da574055279961fd60,,0x56e67bd6c6f83bc31b12dc0501135afcb4bb0f4c,,0.001155381 BNB,$0.86,1.07e-06,export-transaction-list-1788775081351.csv
0x397eb2e164f087414c94f00f95426a086831ca9f28bc9b60c84a7a5ebc8084d3,Success,Proxy Buy,66976966,2025-11-04 05:21:04,0xf2295226d0755e77205473da574055279961fd60,,0xcb066e1dd6cd69bb214ce99f1be64b2c473e36ce,,0.017881508 BNB,$13.29,6.19e-06,export-transaction-list-1788775081351.csv
0xc83d41fa02ded8271fb7cb29d62a0d4fe777275ae88174f89f081054ad881afe,Success,Swap,66976942,2025-11-04 05:20:46,0xf2295226d0755e77205473da574055279961fd60,,0x10ed43c718714eb63d5aa57b78b54704e256024e,PancakeSwap: Router v2,0 BNB,$0.00,5.75e-06,export-transaction-list-1788775081351.csv
0x91f3414950ddeb7ac13ca833c22477806a66289b610263b939a830aa9968dd6a,Success,Proxy Buy,66976717,2025-11-04 05:17:58,0xf2295226d0755e77205473da574055279961fd60,,0xcb066e1dd6cd69bb214ce99f1be64b2c473e36ce,,0.01677405 BNB,$12.47,6.62e-06,export-transaction-list-1788775081351.csv
0xf01004a1cc9f04ebe748812949707061bdc220d275d9c0db6744d65256c0af71,Success,Swap,66976700,2025-11-04 05:17:45,0xf2295226d0755e77205473da574055279961fd60,,0x10ed43c718714eb63d5aa57b78b54704e256024e,PancakeSwap: Router v2,0 BNB,$0.00,6.28e-06,export-transaction-list-1788775081351.csv
0xdb0921b680a5b9b45c8ea9f96f12ddf4d7c9298b66b7514851b01859d31e2f0b,Success,Proxy Buy,66976657,2025-11-04 05:17:13,0xf2295226d0755e77205473da574055279961fd60,,0xcb066e1dd6cd69bb214ce99f1be64b2c473e36ce,,0.026209539 BNB,$19.48,6.64e-06,export-transaction-list-1788775081351.csv
0x83af0ab09a6654a45389a3c40c653155c95d69728de1d34853e8e21b35ae794a,Success,Swap,66976606,2025-11-04 05:16:34,0xf2295226d0755e77205473da574055279961fd60,,0x10ed43c718714eb63d5aa57b78b54704e256024e,PancakeSwap: Router v2,0 BNB,$0.00,5.61e-06,export-transaction-list-1788775081351.csv
0xd4323e66755a51b868a83ea9bb9817dbb306303974b3946d8825f4aa5356b1b9,Success,Proxy Buy,66976541,2025-11-04 05:15:46,0xf2295226d0755e77205473da574055279961fd60,,0xcb066e1dd6cd69bb214ce99f1be64b2c473e36ce,,0.016695932 BNB,$12.41,5.99e-06,export-transaction-list-1788775081351.csv
0x7b18372f05e7ac779e6e46efd412e7e5b06ce120c2287de7e6da92665b3008cd,Success,Swap,66976490,2025-11-04 05:15:07,0xf2295226d0755e77205473da574055279961fd60,,0x10ed43c718714eb63d5aa57b78b54704e256024e,PancakeSwap: Router v2,0 BNB,$0.00,5.7e-06,export-transaction-list-1788775081351.csv
0x8484dd2ce2510cd33a7b6fdb73289f8c3928ea4389ccc81fe5bad9bd145f3b16,Success,Proxy Buy,66976482,2025-11-04 05:15:01,0xf2295226d0755e77205473da574055279961fd60,,0xcb066e1dd6cd69bb214ce99f1be64b2c473e36ce,,0.021339474 BNB,$15.86,6.21e-06,export-transaction-list-1788775081351.csv
0x6fce0a0984e121b1fca77c9afb76ee2f011d48f61f345b875b14b268ab634fb9,Success,Swap,66976479,2025-11-04 05:14:59,0xf2295226d0755e77205473da574055279961fd60,,0x10ed43c718714eb63d5aa57b78b54704e256024e,PancakeSwap: Router v2,0 BNB,$0.00,5.64e-06,export-transaction-list-1788775081351.csv
0x9e94fc24e1416279d5fe9a810a7c132ba6d434a02f5112645fe7891a7ad9c688,Success,Swap,66976475,2025-11-04 05:14:56,0xf2295226d0755e77205473da574055279961fd60,,0x10ed43c718714eb63d5aa57b78b54704e256024e,PancakeSwap: Router v2,0 BNB,$0.00,6.32e-06,export-transaction-list-1788775081351.csv
0x9d7cb79ce49306a353eecd3c3635371ff064f3b886013948ad7e6484d7a5364d,Success,Swap,66976474,2025-11-04 05:14:55,0xf2295226d0755e77205473da574055279961fd60,,0x10ed43c718714eb63d5aa57b78b54704e256024e,PancakeSwap: Router v2,0 BNB,$0.00,5.73e-06,export-transaction-list-1788775081351.csv
0x132b62fe51e15370de3f671f87e7c52d5924ee8eabc59f0783457812fac7e4c2,Success,Proxy Buy,66976470,2025-11-04 05:14:52,0xf2295226d0755e77205473da574055279961fd60,,0xcb066e1dd6cd69bb214ce99f1be64b2c473e36ce,,0.024955554 BNB,$18.55,6.92e-06,export-transaction-list-1788775081351.csv
0xad360b98a49993242a2f3c092c73da9ff0f030841a72fc5640bc3b96528a579c,Success,Approve,66976428,2025-11-04 05:14:21,0xf2295226d0755e77205473da574055279961fd60,,0xd7de97f706f558e00d4fb8abd78e0022e9044444,,0 BNB,$0.00,2.4e-06,export-transaction-list-1788775081351.csv
0x50f9e87aef8be27acbd7a099bf3855e06d31ec2e43cc7c7e01fe266384674503,Success,Transfer,66976406,2025-11-04 05:14:04,0xf2295226d0755e77205473da574055279961fd60,,0xb5026fbe71e65b4a906a61f410e9dfd78fb2d684,,0.047188896 BNB,$35.07,1.1e-06,export-transaction-list-1788775081351.csv
0xe58dbb4cfd2a1c8f811041b02888922f24557b481710f1774a0289b7ec7825f4,Success,Swap,66976378,2025-11-04 05:13:43,0xf2295226d0755e77205473da574055279961fd60,,0x10ed43c718714eb63d5aa57b78b54704e256024e,PancakeSwap: Router v2,0 BNB,$0.00,5.59e-06,export-transaction-list-1788775081351.csv
0x96dc2b8b27c54dcc3cbc147decc875330f9b74fb2912e6242b018085493b0813,Success,Swap,66976336,2025-11-04 05:13:12,0xf2295226d0755e77205473da574055279961fd60,,0x10ed43c718714eb63d5aa57b78b54704e256024e,PancakeSwap: Router v2,0 BNB,$0.00,5.71e-06,export-transaction-list-1788775081351.csv
0x77774447acca89cd2b5e9265ef3c4fda0d3bbab10bf80702449ffea4a2a7c606,Success,Swap,66976261,2025-11-04 05:12:16,0xf2295226d0755e77205473da574055279961fd60,,0x10ed43c718714eb63d5aa57b78b54704e256024e,PancakeSwap: Router v2,0 BNB,$0.00,5.75e-06,export-transaction-list-1788775081351.csv
0xab0cde55a8275064768c372910579095403596af8431264cd6d998bfd950da2d,Success,Proxy Buy,66976231,2025-11-04 05:11:53,0xf2295226d0755e77205473da574055279961fd60,,0xcb066e1dd6cd69bb214ce99f1be64b2c473e36ce,,0.029986671 BNB,$22.28,5.98e-06,export-transaction-list-1788775081351.csv
0x2a26130d35112b44d99823b06d507eeccc756efa92de9c6be5cf9b5632a8b377,Success,Swap,66976208,2025-11-04 05:11:36,0xf2295226d0755e77205473da574055279961fd60,,0x10ed43c718714eb63d5aa57b78b54704e256024e,PancakeSwap: Router v2,0 BNB,$0.00,5.66e-06,export-transaction-list-1788775081351.csv
0xf23d50220a07464cf232bfb0700abcd90d7fb7c180c9443f98617491530d8f2f,Success,Proxy Buy,66976016,2025-11-04 05:09:12,0xf2295226d0755e77205473da574055279961fd60,,0xcb066e1dd6cd69bb214ce99f1be64b2c473e36ce,,0.018792679 BNB,$13.97,6.68e-06,export-transaction-list-1788775081351.csv
0x65dee1c9a30fa5c33b0d45cf8fcee41c2a865fdf2340834a9de4514c695d8b88,Success,Swap,66975971,2025-11-04 05:08:38,0xf2295226d0755e77205473da574055279961fd60,,0x10ed43c718714eb63d5aa57b78b54704e256024e,PancakeSwap: Router v2,0 BNB,$0.00,5.59e-06,export-transaction-list-1788775081351.csv
0x805e8c11772ef6dba99b5a1f7f47729d9fb1a82bab05937a74fcc03a675c4e90,Success,Proxy Buy,66975966,2025-11-04 05:08:34,0xf2295226d0755e77205473da574055279961fd60,,0xcb066e1dd6cd69bb214ce99f1be64b2c473e36ce,,0.026589309 BNB,$19.76,6.2e-06,export-transaction-list-1788775081351.csv
0xac96dcc66a8c4d1ccbeb1e22b77a272578d63fd7c6bc76da5d9a0c5e80141c3f,Success,Swap,66975958,2025-11-04 05:08:28,0xf2295226d0755e77205473da574055279961fd60,,0x10ed43c718714eb63d5aa57b78b54704e256024e,PancakeSwap: Router v2,0 BNB,$0.00,5.63e-06,export-transaction-list-1788775081351.csv
0x36b09a8a490a27bfd246f0cde4831774f30108be1bc625a6002e66a0559f1c86,Success,Swap,66975926,2025-11-04 05:08:04,0xf2295226d0755e77205473da574055279961fd60,,0x10ed43c718714eb63d5aa57b78b54704e256024e,PancakeSwap: Router v2,0 BNB,$0.00,5.79e-06,export-transaction-list-1788775081351.csv
0x3108f43d43550d39d5068bef900d1e7eee81d216c18714a1c1267849bf3bccb4,Success,Swap,66975881,2025-11-04 05:07:31,0xf2295226d0755e77205473da574055279961fd60,,0x10ed43c718714eb63d5aa57b78b54704e256024e,PancakeSwap: Router v2,0 BNB,$0.00,5.6e-06,export-transaction-list-1788775081351.csv
0x3d2e02391f4238072ad3553d2f1b244886d9937af2a30e57cd9e1dc49c1475a7,Success,Swap,66975875,2025-11-04 05:07:26,0xf2295226d0755e77205473da574055279961fd60,,0x10ed43c718714eb63d5aa57b78b54704e256024e,PancakeSwap: Router v2,0 BNB,$0.00,6.35e-06,export-transaction-list-1788775081351.csv
0xa4e53356989de51fe576cbbf0edee815372103cafdd4e1ce93c942833e618770,Success,Proxy Buy,66975873,2025-11-04 05:07:25,0xf2295226d0755e77205473da574055279961fd60,,0xcb066e1dd6cd69bb214ce99f1be64b2c473e36ce,,0.022916735 BNB,$17.03,7.63e-06,export-transaction-list-1788775081351.csv
0x45378ccdc78c9f5ec51c37d84facc2306bddb58f8f48026a0dc47b264a6c0c5d,Success,Approve,66975829,2025-11-04 05:06:52,0xf2295226d0755e77205473da574055279961fd60,,0x354aa080e9bde5dde34048fcf8d8ddf2653b4444,,0 BNB,$0.00,2.39e-06,export-transaction-list-1788775081351.csv
0x912965590e652b031e69c260435b4dc4dcc9b2e9aebcc7522cf5d21719990ea0,Success,Transfer,66975806,2025-11-04 05:06:34,0xf2295226d0755e77205473da574055279961fd60,,0x9a8285c9d5f8bd1858fe2fb623e03ef92e2b7f4c,,0.000961656 BNB,$0.71,1.09e-06,export-transaction-list-1788775081351.csv
0xa954a30de8dc82dfbdb78d2aa9f81153914781c9e7dd5e29a0b69cf6b3b77291,Success,Proxy Buy,66975680,2025-11-04 05:05:00,0xf2295226d0755e77205473da574055279961fd60,,0xcb066e1dd6cd69bb214ce99f1be64b2c473e36ce,,0.022750675 BNB,$16.91,6.03e-06,export-transaction-list-1788775081351.csv
0xc3765e053c1928a7855c866a34260d7b6b43c869c472124e797e7cbf865e73ef,Success,Swap,66975625,2025-11-04 05:04:19,0xf2295226d0755e77205473da574055279961fd60,,0x10ed43c718714eb63d5aa57b78b54704e256024e,PancakeSwap: Router v2,0 BNB,$0.00,6.32e-06,export-transaction-list-1788775081351.csv
0x05a1054a1c1799ffce5f8fe0513cb112501d529a4ed6922e991e976b0c8ff30c,Success,Swap,66975605,2025-11-04 05:04:04,0xf2295226d0755e77205473da574055279961fd60,,0x10ed43c718714eb63d5aa57b78b54704e256024e,PancakeSwap: Router v2,0 BNB,$0.00,6.34e-06,export-transaction-list-1788775081351.csv
0x8b43c9ad8ce038bf39e7005fe54d305552d80b1c3c28c932ea21a770eb03ab54,Success,Proxy Buy,66975501,2025-11-04 05:02:46,0xf2295226d0755e77205473da574055279961fd60,,0xcb066e1dd6cd69bb214ce99f1be64b2c473e36ce,,0.02342642 BNB,$17.41,7.55e-06,export-transaction-list-1788775081351.csv
0x9c3e79227a9f599aec36636f759399887a90fcc4cd922066c245e1690defeec8,Success,Approve,66975262,2025-11-04 04:59:46,0xf2295226d0755e77205473da574055279961fd60,,0x9abdbedaa7555552d2d2a5a9460d30e67b3b4444,,0 BNB,$0.00,2.42e-06,export-transaction-list-1788775081351.csv
0x9eb300a51d03cd6486bf7008360f8c69ee50454b43fbba380fe423cb4c61e6f5,Success,Transfer,66975239,2025-11-04 04:59:29,0xf2295226d0755e77205473da574055279961fd60,,0xfb15c7c0dcf10fad91d350292c014260e52585a3,,0.035528055 BNB,$26.40,1.1e-06,export-transaction-list-1788775081351.csv
0xe4f8891903f1707182f9d52bdac06c6364b13fabf13e6df6ad55d521ed2fb6a8,Success,Swap,66975131,2025-11-04 04:58:08,0xf2295226d0755e77205473da574055279961fd60,,0x10ed43c718714eb63d5aa57b78b54704e256024e,PancakeSwap: Router v2,0 BNB,$0.00,5.63e-06,export-transaction-list-1788775081351.csv
0xcdd49695aaf9c1ea3f00770f94d2c0ede838ffd06147b2c8834eec3fe7dba114,Success,Swap,66975090,2025-11-04 04:57:37,0xf2295226d0755e77205473da574055279961fd60,,0x10ed43c718714eb63d5aa57b78b54704e256024e,PancakeSwap: Router v2,0 BNB,$0.00,5.76e-06,export-transaction-list-1788775081351.csv
0x60afeaa6b406207cec2c4e73c4bbdee3f3a136fd43f6e224fdf9391b54519d0d,Success,Proxy Buy,66974852,2025-11-04 04:54:39,0xf2295226d0755e77205473da574055279961fd60,,0xcb066e1dd6cd69bb214ce99f1be64b2c473e36ce,,0.023171539 BNB,$17.22,7.05e-06,export-transaction-list-1788775081351.csv
0x0171e6e86b5bf9d2f58ce64582e97334294aa35567101cc292dc2b00016b48db,Success,Swap,72546056,2025-12-22 13:52:23,0xf2295226d0755e77205473da574055279961fd60,,0x10ed43c718714eb63d5aa57b78b54704e256024e,PancakeSwap: Router v2,0 BNB,$0.00,6.15e-06,export-transaction-list-1788775059928.csv
0x3b806490e9c577aaece14847e5f80627d5c739e4fc61bcedae764237bfbb246b,Success,Proxy Buy,72545876,2025-12-22 13:50:08,0xf2295226d0755e77205473da574055279961fd60,,0x606aab244bf3cb5d4297ffe814029412ecf1a13a,,0.015518856 BNB,$11.53,6.84e-06,export-transaction-list-1788775059928.csv
0x74338b658f6b9436bd491a08e1e113c729cacc207abbfcad259142afa2f4b750,Success,Swap,72545857,2025-12-22 13:49:54,0xf2295226d0755e77205473da574055279961fd60,,0x10ed43c718714eb63d5aa57b78b54704e256024e,PancakeSwap: Router v2,0 BNB,$0.00,6.05e-06,export-transaction-list-1788775059928.csv
0xe452b03e8cd4b7a370da1b7803b6a439f3c37193af2b561ed0a6bf593f1f7bd1,Success,Proxy Buy,72545689,2025-12-22 13:47:48,0xf2295226d0755e77205473da574055279961fd60,,0x606aab244bf3cb5d4297ffe814029412ecf1a13a,,0.017819689 BNB,$13.24,7.79e-06,export-transaction-list-1788775059928.csv
0x55f026db12a7ba3f9373b0478b800ca2e7eb3528e331e078f6d07beb84eacbc4,Success,Approve,72545481,2025-12-22 13:45:12,0xf2295226d0755e77205473da574055279961fd60,,0xf7e06aa4472ecbdaefbeb5f5fac62b8548974444,,0 BNB,$0.00,2.38e-06,export-transaction-list-1788775059928.csv
0x248d3803260df5e576806d8cc4cda66d64dee0e8e81f7c140dd49344b54fc0af,Success,Approve,72545365,2025-12-22 13:43:45,0xf2295226d0755e77205473da574055279961fd60,,0x0587232b7b65ce3b2c8123ea1f9f5f14601a4444,,0 BNB,$0.00,2.44e-06,export-transaction-list-1788775059928.csv
0x5015492b46298fe9177240ea0f3f872d99a0cba8b29254115611e0da3b98570d,Success,Proxy Buy,72544926,2025-12-22 13:38:15,0xf2295226d0755e77205473da574055279961fd60,,0x606aab244bf3cb5d4297ffe814029412ecf1a13a,,0.022152164 BNB,$16.46,7.84e-06,export-transaction-list-1788775059928.csv
0xf428d4d449da1b2890444f76ede9e85cc5db6334249215dcd36a19edf8068d7d,Success,Approve,72543499,2025-12-22 13:20:25,0xf2295226d0755e77205473da574055279961fd60,,0x5bc5e46c77445fbec734cee41673e7b07fa14444,,0 BNB,$0.00,2.41e-06,export-transaction-list-1788775059928.csv
0x8317e2f99d27bd6f7375a00eccf81990adbacc9d59dfbfc9e0441d8d2bdb3954,Success,Approve,72541628,2025-12-22 12:57:02,0xf2295226d0755e77205473da574055279961fd60,,0x2c0adc5db8ead610736e0d819d8fc3d870e44444,,0 BNB,$0.00,2.46e-06,export-transaction-list-1788775059928.csv
0xb6c05265ac8c6cdbf977f7d1c0cc818a46601cfc80defa76cfb8ae7fbfee15a9,Success,Approve,72541549,2025-12-22 12:56:03,0xf2295226d0755e77205473da574055279961fd60,,0x70e2f742ad36705217fe314cf8c75ff5affb4444,,0 BNB,$0.00,2.45e-06,export-transaction-list-1788775059928.csv
0x48241a12edfd0ee32cb030f7e95d16680b990c00d516d2a9a8d9a563ac322abe,Success,Proxy Buy,72541083,2025-12-22 12:50:13,0xf2295226d0755e77205473da574055279961fd60,,0x606aab244bf3cb5d4297ffe814029412ecf1a13a,,0.020623007 BNB,$15.33,7.61e-06,export-transaction-list-1788775059928.csv
0xa8f4ad71a6c8c6da81bc5a0259db7eda1f9615428695b1957c10cdf6ec55dca9,Success,Approve,72540302,2025-12-22 12:40:27,0xf2295226d0755e77205473da574055279961fd60,,0xf9ec1d96e2bf883b01d8ef499942b5af80d24444,,0 BNB,$0.00,2.46e-06,export-transaction-list-1788775059928.csv
0x4ac698778bc06c117b6df7a1eed08c9d8ca8f8c9dfcd8845250912a46529c067,Success,Swap,72539968,2025-12-22 12:36:17,0xf2295226d0755e77205473da574055279961fd60,,0x10ed43c718714eb63d5aa57b78b54704e256024e,PancakeSwap: Router v2,0 BNB,$0.00,6.04e-06,export-transaction-list-1788775059928.csv
0x77944792920b518cf32217bc32258aaac8449531c5be40f7542620849fc28f8e,Success,Proxy Buy,72539633,2025-12-22 12:32:06,0xf2295226d0755e77205473da574055279961fd60,,0x606aab244bf3cb5d4297ffe814029412ecf1a13a,,0.022152158 BNB,$16.46,7.84e-06,export-transaction-list-1788775059928.csv
0x2361a3dde276c7c4eaee2e779a60b24dbdc80d89bfdf92d441c8c78b66719491,Success,Approve,72538432,2025-12-22 12:17:05,0xf2295226d0755e77205473da574055279961fd60,,0x2386f2ceddb51f1f9aa064260f3a5c655f484444,,0 BNB,$0.00,2.42e-06,export-transaction-list-1788775059928.csv
0x6f3a49974501bad2bfb1beb02fcf9a6a646db9f5e0b7b8db177f0260bf0db69b,Success,Swap,72537379,2025-12-22 12:03:55,0xf2295226d0755e77205473da574055279961fd60,,0x10ed43c718714eb63d5aa57b78b54704e256024e,PancakeSwap: Router v2,0 BNB,$0.00,6.16e-06,export-transaction-list-1788775059928.csv
0xf784de3ed9c8cf433611f6a5565bef8429b0af793ae74fd376ed0250467d406d,Success,Proxy Buy,72537083,2025-12-22 12:00:13,0xf2295226d0755e77205473da574055279961fd60,,0x606aab244bf3cb5d4297ffe814029412ecf1a13a,,0.018314382 BNB,$13.61,6.74e-06,export-transaction-list-1788775059928.csv
0x58178a9937240352f0bb84bd9be02f2db238ec17087db6557819af18f100f377,Success,Swap,72536815,2025-12-22 11:56:52,0xf2295226d0755e77205473da574055279961fd60,,0x10ed43c718714eb63d5aa57b78b54704e256024e,PancakeSwap: Router v2,0 BNB,$0.00,6.13e-06,export-transaction-list-1788775059928.csv
0xf80c0e8eac041175b77f0e0d09f07205f58c4d777b21efb4c70e2d4ced953fab,Success,Swap,72536728,2025-12-22 11:55:47,0xf2295226d0755e77205473da574055279961fd60,,0x10ed43c718714eb63d5aa57b78b54704e256024e,PancakeSwap: Router v2,0 BNB,$0.00,6.21e-06,export-transaction-list-1788775059928.csv
0xe79329208ff243dccf3714c48ccaa6bd23d5ae4905dcff02a5fd8e42dc43056a,Success,Proxy Buy,72536723,2025-12-22 11:55:43,0xf2295226d0755e77205473da574055279961fd60,,0x606aab244bf3cb5d4297ffe814029412ecf1a13a,,0.021132747 BNB,$15.71,7.65e-06,export-transaction-list-1788775059928.csv
0x1be9d7714823ff4b7dc7083acb7ff32be90852086099155a800d328acf55148a,Success,Approve,72536595,2025-12-22 11:54:07,0xf2295226d0755e77205473da574055279961fd60,,0x0bb889698614a22cf0e825f1d5b25e90907b4444,,0 BNB,$0.00,2.42e-06,export-transaction-list-1788775059928.csv
0x0e592148bbf1162843023bcd8ec8b8d9d537496fe0c033256f80d0e2f1aeaa6c,Success,Proxy Buy,72536243,2025-12-22 11:49:43,0xf2295226d0755e77205473da574055279961fd60,,0x606aab244bf3cb5d4297ffe814029412ecf1a13a,,0.017178062 BNB,$12.77,6.31e-06,export-transaction-list-1788775059928.csv
0x837f03e878e0406dd74a5199675b91e5544c8967824a73fa453fcb17d23e948f,Success,Swap,72535931,2025-12-22 11:45:49,0xf2295226d0755e77205473da574055279961fd60,,0x10ed43c718714eb63d5aa57b78b54704e256024e,PancakeSwap: Router v2,0 BNB,$0.00,6.07e-06,export-transaction-list-1788775059928.csv
0x40bf07603edbce6defc31bc06584a243a12b185769b0b6b2e16220df25e66570,Success,Proxy Buy,72535542,2025-12-22 11:40:57,0xf2295226d0755e77205473da574055279961fd60,,0x606aab244bf3cb5d4297ffe814029412ecf1a13a,,0.018584244 BNB,$13.81,7.15e-06,export-transaction-list-1788775059928.csv
0xc8a14b76a2964e02841d582747a7858a1d1d20b68be3a10453736a8fc1fc5b8d,Success,Approve,72534881,2025-12-22 11:32:41,0xf2295226d0755e77205473da574055279961fd60,,0xa11d5eac35a3eaaf4804203ac4934381c1634444,,0 BNB,$0.00,2.39e-06,export-transaction-list-1788775059928.csv
0x2b2bec2484f1f804714a8b0ac5cacfbd577d3ddc620287cd1807834eaf4002f4,Success,Approve,72534821,2025-12-22 11:31:56,0xf2295226d0755e77205473da574055279961fd60,,0xd8888ca18a2e322316cfc76470cf8fb409c84444,,0 BNB,$0.00,2.38e-06,export-transaction-list-1788775059928.csv
0xfc7e372808096ab82e9139e3654eaec98c00edb31e55b7e4c873bcd4bdaa9c50,Success,Proxy Buy,72534341,2025-12-22 11:25:56,0xf2295226d0755e77205473da574055279961fd60,,0x606aab244bf3cb5d4297ffe814029412ecf1a13a,,0.035136645 BNB,$26.11,6.94e-06,export-transaction-list-1788775059928.csv
0x924cb75c04c59ecc5c76b5d365d7de4f49b57a02a0b67ca7a34fad4bcfbf78a8,Success,Swap,72533907,2025-12-22 11:20:31,0xf2295226d0755e77205473da574055279961fd60,,0x10ed43c718714eb63d5aa57b78b54704e256024e,PancakeSwap: Router v2,0 BNB,$0.00,6.21e-06,export-transaction-list-1788775059928.csv
0x929671fd06ca27b993772caff69cc4dadf62342e56e22cfef7a60a86c2b91dea,Success,Swap,72533457,2025-12-22 11:14:53,0xf2295226d0755e77205473da574055279961fd60,,0x10ed43c718714eb63d5aa57b78b54704e256024e,PancakeSwap: Router v2,0 BNB,$0.00,6.15e-06,export-transaction-list-1788775059928.csv
0x386234c1ecd4421e818c97fc179aaff624006ae2eec3c7efe2bc32780b4f9472,Success,Proxy Buy,72533126,2025-12-22 11:10:45,0xf2295226d0755e77205473da574055279961fd60,,0x606aab244bf3cb5d4297ffe814029412ecf1a13a,,0.019858521 BNB,$14.76,7.16e-06,export-transaction-list-1788775059928.csv
0xf78a8ac05280bf7b921bb8a7b97d9ee787d0c60b9ba002288885a061a5e8731a,Success,Approve,72532959,2025-12-22 11:08:40,0xf2295226d0755e77205473da574055279961fd60,,0x3afa1e64cca04ce7cc10c99f3c111d34fcae4444,,0 BNB,$0.00,2.37e-06,export-transaction-list-1788775059928.csv
0xb1fff0b855f08fd4eff34459fcc1291d5e46642ddc40597c1ac76c4bea1e573e,Success,Proxy Buy,72532445,2025-12-22 11:02:14,0xf2295226d0755e77205473da574055279961fd60,,0x606aab244bf3cb5d4297ffe814029412ecf1a13a,,0.016545391 BNB,$12.30,7.04e-06,export-transaction-list-1788775059928.csv
0x89681f7ace0a7e45da21460c8e60a18451e859c4b6b99caad71c492cf3c8e2df,Success,Approve,72531142,2025-12-22 10:45:57,0xf2295226d0755e77205473da574055279961fd60,,0x1675313ac41aaaa6bca1a9823f22f2d095d14444,,0 BNB,$0.00,2.44e-06,export-transaction-list-1788775059928.csv
0x9ef493eae2487629e67658332c8eb31308d8243e3a2d28d4339fb3a62e2c1685,Success,Swap,72530471,2025-12-22 10:37:34,0xf2295226d0755e77205473da574055279961fd60,,0x10ed43c718714eb63d5aa57b78b54704e256024e,PancakeSwap: Router v2,0 BNB,$0.00,6.22e-06,export-transaction-list-1788775059928.csv
0xae20a8b1b6cce7dfb44903aac826eab122a2870a10aacdb60a6c230f3b796de0,Success,Proxy Buy,72530400,2025-12-22 10:36:41,0xf2295226d0755e77205473da574055279961fd60,,0x606aab244bf3cb5d4297ffe814029412ecf1a13a,,0.01858421 BNB,$13.81,7.56e-06,export-transaction-list-1788775059928.csv
0xb1bfdc88fefc001f810108008075527f094b5f3fbca4a629880094883c9e67d0,Success,Approve,72529339,2025-12-22 10:23:25,0xf2295226d0755e77205473da574055279961fd60,,0xe1e15ee7e237aa4c28616b3803072757eb694444,,0 BNB,$0.00,2.44e-06,export-transaction-list-1788775059928.csv
0x96307755724b2c79141e4227b9bb77e99adb8f7a8d5221ef7c1de6c08fb4edd0,Success,Approve,72527648,2025-12-22 10:02:17,0xf2295226d0755e77205473da574055279961fd60,,0x68c54873b71aaf8d5266fc0a28cd83854f534444,,0 BNB,$0.00,2.42e-06,export-transaction-list-1788775059928.csv
0xdca3734d94e42993761cd3e4d212103c3d8c91e03c58a1d87cd7d327eb488c91,Success,Approve,72527059,2025-12-22 09:54:55,0xf2295226d0755e77205473da574055279961fd60,,0x3529db06d3c52b733b7ecee119284e8355e74444,,0 BNB,$0.00,2.4e-06,export-transaction-list-1788775059928.csv
0x3481237d570c1fd9343f0a12e3a235f9443ac0efcbfd38526d469cc1f8623e29,Success,Approve,72527004,2025-12-22 09:54:14,0xf2295226d0755e77205473da574055279961fd60,,0xfd4808e42f19361ed401be892685c8f70fba4444,,0 BNB,$0.00,2.37e-06,export-transaction-list-1788775059928.csv
0x6d5d2b168d08f938715985c472c98ae317996a2b25eeff9708898b83f10255b2,Success,Proxy Buy,72526756,2025-12-22 09:51:08,0xf2295226d0755e77205473da574055279961fd60,,0x606aab244bf3cb5d4297ffe814029412ecf1a13a,,0.017475636 BNB,$12.99,6.73e-06,export-transaction-list-1788775059928.csv
0xf395d0ac4f0233346da81f98086a31ea6e11270d81ce7bc02d7464522ad1077b,Success,Swap,72526731,2025-12-22 09:50:49,0xf2295226d0755e77205473da574055279961fd60,,0x10ed43c718714eb63d5aa57b78b54704e256024e,PancakeSwap: Router v2,0 BNB,$0.00,6.02e-06,export-transaction-list-1788775059928.csv
0x49dadf65571ddce9a325d56548ecce22e4af2d537ffd10fb8111d3203363f799,Success,Proxy Buy,72526511,2025-12-22 09:48:04,0xf2295226d0755e77205473da574055279961fd60,,0x606aab244bf3cb5d4297ffe814029412ecf1a13a,,0.017721487 BNB,$13.17,6.87e-06,export-transaction-list-1788775059928.csv
0xa4e9fab1f7541310ebac940c752a0b74f100481157e6ee93027a12014a188dd2,Success,Swap,72526216,2025-12-22 09:44:23,0xf2295226d0755e77205473da574055279961fd60,,0x10ed43c718714eb63d5aa57b78b54704e256024e,PancakeSwap: Router v2,0 BNB,$0.00,6.09e-06,export-transaction-list-1788775059928.csv
0x28da2af8033cc07d081b10f4b9f76c7a057de814f5beb345c9fc1ca1933f41a8,Success,Proxy Buy,72526111,2025-12-22 09:43:04,0xf2295226d0755e77205473da574055279961fd60,,0x606aab244bf3cb5d4297ffe814029412ecf1a13a,,0.019603649 BNB,$14.57,7.68e-06,export-transaction-list-1788775059928.csv
0x2b45fb2066b7836368caf4c0012cf7338d2b0a335be424090f0e115d156bcfcf,Success,Approve,72525161,2025-12-22 09:31:11,0xf2295226d0755e77205473da574055279961fd60,,0xd1922acccc723638cfce509c7efdd4fb8d754444,,0 BNB,$0.00,2.4e-06,export-transaction-list-1788775059928.csv
0xe7436c0f7e9f2cfbb1e9cc2cee51526f93da566e7700388354077cadd661ad08,Success,Transfer,72525138,2025-12-22 09:30:54,0xf2295226d0755e77205473da574055279961fd60,,0x5ba7587e3aff939a4cd5e5f68f3a3de0b7a3941b,,0.001955802 BNB,$1.45,1.08e-06,export-transaction-list-1788775059928.csv
0x8032b6cee606ef13931ffe1a9c9adfb7689250783932145f711aa28e9dcfec98,Success,Swap,72524154,2025-12-22 09:18:36,0xf2295226d0755e77205473da574055279961fd60,,0x10ed43c718714eb63d5aa57b78b54704e256024e,PancakeSwap: Router v2,0 BNB,$0.00,6.16e-06,export-transaction-list-1788775059928.csv
0x88fd28df197ff52b12a79d56f6c9488707db34d739b7c23b858a6687210c9d0a,Success,Proxy Buy,72523913,2025-12-22 09:15:35,0xf2295226d0755e77205473da574055279961fd60,,0x606aab244bf3cb5d4297ffe814029412ecf1a13a,,0.017309948 BNB,$12.86,7.73e-06,export-transaction-list-1788775059928.csv
0xb3d05ad77e6f406979004016857a705c253a6591d07e0f4ffd27b51fc0e1032b,Success,Approve,72523317,2025-12-22 09:08:08,0xf2295226d0755e77205473da574055279961fd60,,0xf5a82b03417e4affff60e370a2902f9e927b4444,,0 BNB,$0.00,2.44e-06,export-transaction-list-1788775059928.csv
0x7ecffafb0054eae7da15eab5cf0f342ce70190b4dbb478cafddc74c84564253f,Success,Swap,72523277,2025-12-22 09:07:38,0xf2295226d0755e77205473da574055279961fd60,,0x10ed43c718714eb63d5aa57b78b54704e256024e,PancakeSwap: Router v2,0 BNB,$0.00,6.07e-06,export-transaction-list-1788775059928.csv
0x6faeee544824382f9e4d52977375ec8813eff5c45ec5193d0709b597fbb8c3d1,Success,Proxy Buy,72560955,2025-12-22 16:58:39,0xf2295226d0755e77205473da574055279961fd60,,0x606aab244bf3cb5d4297ffe814029412ecf1a13a,,0.018329382 BNB,$13.62,7.66e-06,export-transaction-list-1788775055426.csv
0xcb588c8acaab2697b1df682f5469b7e236727e3f768c6ee39be7d855f4fac79b,Success,Approve,72560693,2025-12-22 16:55:22,0xf2295226d0755e77205473da574055279961fd60,,0x66c25c665fb8a3471fdc903f4ef64195df2e4444,,0 BNB,$0.00,2.4e-06,export-transaction-list-1788775055426.csv
0x535297cc3b5e5878e89427a8c646b7590cc44f648bb44a6e0fe800c570df77d4,Success,Approve,72559798,2025-12-22 16:44:11,0xf2295226d0755e77205473da574055279961fd60,,0xdf35999eef028d3d7c6f034304325a2925944444,,0 BNB,$0.00,2.39e-06,export-transaction-list-1788775055426.csv
0x1b48942f6bb1cb2c147a9f4778355a579aef221f2c708f7693efc16b2f20f19f,Success,Approve,72559170,2025-12-22 16:36:20,0xf2295226d0755e77205473da574055279961fd60,,0xe9d747218f2eaae2f6fcae4190b5592ed9344444,,0 BNB,$0.00,2.44e-06,export-transaction-list-1788775055426.csv
0xc401e0697dfa28d424b158ba8c7cfc240ff222593bde70f1f616ac08dbf84251,Success,Approve,72558537,2025-12-22 16:28:25,0xf2295226d0755e77205473da574055279961fd60,,0x3831967ce47182d2d52133668682d21224f04444,,0 BNB,$0.00,2.39e-06,export-transaction-list-1788775055426.csv
0xace3af44fae10a679cdedd65767567fa0f878d324edaa373aa4e30ed0d70b922,Success,Approve,72558396,2025-12-22 16:26:40,0xf2295226d0755e77205473da574055279961fd60,,0xce5f0c5e95c864dc2c8492603fe0c9fba5744444,,0 BNB,$0.00,2.45e-06,export-transaction-list-1788775055426.csv
0xfdd0f8bc85146cfebb61e8b6d341131dd0b070e3761780eb2e0a28ab5b84adb6,Success,Approve,72558040,2025-12-22 16:22:13,0xf2295226d0755e77205473da574055279961fd60,,0xdece4d222c51c708797c7fc33b7f021ce7524444,,0 BNB,$0.00,2.42e-06,export-transaction-list-1788775055426.csv
0x9356467ee7b720bc47d08d19e3250334d009512b4f4548671dd2d2fc22ec0f10,Success,Proxy Buy,72557481,2025-12-22 16:15:13,0xf2295226d0755e77205473da574055279961fd60,,0x606aab244bf3cb5d4297ffe814029412ecf1a13a,,0.022152188 BNB,$16.46,7.81e-06,export-transaction-list-1788775055426.csv
0xb80f49529d5c3a57cb378290014d86f050d02acd85629b6a6913854a526a1cff,Success,Approve,72556466,2025-12-22 16:02:32,0xf2295226d0755e77205473da574055279961fd60,,0x1a9479fc67b3bf8fe2693759a5f24c07a9324444,,0 BNB,$0.00,2.38e-06,export-transaction-list-1788775055426.csv
0x7e7fc3fc02a390051c8e29e3fa6bc9350baa5adcc933dbb1fd3a39a9bb95de3b,Success,Approve,72556229,2025-12-22 15:59:34,0xf2295226d0755e77205473da574055279961fd60,,0x5daf2bc69382410c962c360035ddc283733b4444,,0 BNB,$0.00,2.39e-06,export-transaction-list-1788775055426.csv
0xe9992ca1e15f785dec9cfacb66094e65ac32289cd1839fd373cc31a9dfce7df7,Success,Approve,72556041,2025-12-22 15:57:13,0xf2295226d0755e77205473da574055279961fd60,,0xee6aa178a5aff2c9c42a5971d2257023ec074444,,0 BNB,$0.00,2.38e-06,export-transaction-list-1788775055426.csv
0x152465a1f8137be7dab22f234eedb5937e08ba4fbca4f7c1ea36e32b674814d0,Success,Approve,72555919,2025-12-22 15:55:42,0xf2295226d0755e77205473da574055279961fd60,,0x4093a73e8c7a9454fc5551d7b509853f26494444,,0 BNB,$0.00,2.41e-06,export-transaction-list-1788775055426.csv
0x1e25550c65e9428091227b0f6d485d57a4a556fc8022142c1281fd147197c81c,Success,Approve,72555448,2025-12-22 15:49:49,0xf2295226d0755e77205473da574055279961fd60,,0x909cde15cff871b51e1a3fe16540f6c385574444,,0 BNB,$0.00,2.41e-06,export-transaction-list-1788775055426.csv
0xd54dae6892d3c34ac457efa9780f587e6107a12e17586c06cce4941af0503ced,Success,Approve,72555333,2025-12-22 15:48:22,0xf2295226d0755e77205473da574055279961fd60,,0xcb4e9b955070dee1947caf1769492e28803e4444,,0 BNB,$0.00,2.46e-06,export-transaction-list-1788775055426.csv
0x7520a2a66cd953d4bf168f43255893f8c8baa774c314fb5e9c6afa03e219de7a,Success,Proxy Buy,72554259,2025-12-22 15:34:57,0xf2295226d0755e77205473da574055279961fd60,,0x606aab244bf3cb5d4297ffe814029412ecf1a13a,,0.017309933 BNB,$12.86,7.65e-06,export-transaction-list-1788775055426.csv
0xcbd2b822253992c0a5d7b2c4de12445f5afadf6281856d6f9482abc28197dc97,Success,Approve,72553702,2025-12-22 15:27:58,0xf2295226d0755e77205473da574055279961fd60,,0x7348a84774695298765e2f2cc91dd18a8ab44444,,0 BNB,$0.00,2.46e-06,export-transaction-list-1788775055426.csv
0xef7bc201255d06bbb50cd2fbf038c81505861ee5c32a5d2724e19c9666219dad,Success,Approve,72553604,2025-12-22 15:26:45,0xf2295226d0755e77205473da574055279961fd60,,0xe1289f47ac153084f703baf054813ae3f1524444,,0 BNB,$0.00,2.42e-06,export-transaction-list-1788775055426.csv
0xb500303e4dbfb58854b63ef8fad7dea60bc55557c022ad1bccbf71690bb1934b,Success,Swap,72553186,2025-12-22 15:21:31,0xf2295226d0755e77205473da574055279961fd60,,0x10ed43c718714eb63d5aa57b78b54704e256024e,PancakeSwap: Router v2,0 BNB,$0.00,5.69e-06,export-transaction-list-1788775055426.csv
0x79ea0e629f9c1827cd3db1e4f2a7c7f2d703b6fdb865632c26ecf6ac1b34bbd0,Success,Proxy Buy,72553163,2025-12-22 15:21:14,0xf2295226d0755e77205473da574055279961fd60,,0x606aab244bf3cb5d4297ffe814029412ecf1a13a,,0.022152149 BNB,$16.46,7.26e-06,export-transaction-list-1788775055426.csv
0xfe6bfa7347cb481b674dfaae314c9fa8db9a97ac1e566a9bac8f476dfa08a926,Success,Approve,72553134,2025-12-22 15:20:52,0xf2295226d0755e77205473da574055279961fd60,,0x7c909153cbfc72f9d306ea3b369f382eace64444,,0 BNB,$0.00,2.43e-06,export-transaction-list-1788775055426.csv
0xe26bf804e7c05345318f71a482af194c6b350cbd50cae6e1f9bda91597853adb,Success,Proxy Buy,72552392,2025-12-22 15:11:36,0xf2295226d0755e77205473da574055279961fd60,,0x606aab244bf3cb5d4297ffe814029412ecf1a13a,,0.024997248 BNB,$18.58,6.88e-06,export-transaction-list-1788775055426.csv
0xdb4ce6002a1449e9bc8748929348ad9ce8a75d61836561117e7df73a0256ca90,Success,Swap,72552214,2025-12-22 15:09:22,0xf2295226d0755e77205473da574055279961fd60,,0x10ed43c718714eb63d5aa57b78b54704e256024e,PancakeSwap: Router v2,0 BNB,$0.00,6.23e-06,export-transaction-list-1788775055426.csv
0x1bc0a462d89ab2b9c1b99eb20d3d0ae992226e3aa9b55213a1573a5b0e67a279,Success,Proxy Buy,72551545,2025-12-22 15:01:01,0xf2295226d0755e77205473da574055279961fd60,,0x606aab244bf3cb5d4297ffe814029412ecf1a13a,,0.021132712 BNB,$15.70,7.16e-06,export-transaction-list-1788775055426.csv
0xa369f796271b9b859cb38ac6743ba600cb5129ded95980a84a2c4a0814db0fad,Success,Approve,72551348,2025-12-22 14:58:33,0xf2295226d0755e77205473da574055279961fd60,,0x96476d45c59f64b1a3a3469e418ab24a74fd4444,,0 BNB,$0.00,2.46e-06,export-transaction-list-1788775055426.csv
0x62cd2091a8b514a601d1451e32dc1e8a7918985deb92839774b54aa209b194b5,Success,Swap,72551258,2025-12-22 14:57:25,0xf2295226d0755e77205473da574055279961fd60,,0x10ed43c718714eb63d5aa57b78b54704e256024e,PancakeSwap: Router v2,0 BNB,$0.00,6.22e-06,export-transaction-list-1788775055426.csv
0x0cb0e6671456915230d51530153bdec84d33292c94de981fd48e85c86ef6e384,Success,Proxy Buy,72551177,2025-12-22 14:56:25,0xf2295226d0755e77205473da574055279961fd60,,0x606aab244bf3cb5d4297ffe814029412ecf1a13a,,0.018584193 BNB,$13.81,7.58e-06,export-transaction-list-1788775055426.csv
0x7ee7c927242b31f4feeff95579b949578a56156b41555bc7116ee8595d71d533,Success,Approve,72550990,2025-12-22 14:54:04,0xf2295226d0755e77205473da574055279961fd60,,0x7cee2883b5da08f194262cdca6b7e31f0a924444,,0 BNB,$0.00,2.46e-06,export-transaction-list-1788775055426.csv
0x6e85ae2665a29cff744ec07a16f05b64b6ae688d4ef246accf64f08eca42efee,Success,Approve,72550752,2025-12-22 14:51:06,0xf2295226d0755e77205473da574055279961fd60,,0xf951f165efdbdeebb6c9e9ff9db93324d13c4444,,0 BNB,$0.00,2.45e-06,export-transaction-list-1788775055426.csv
0x4be6ea4f367884ce1a6d522ab16e2fd6972540d0801db6200c197efc8302311e,Success,Proxy Buy,72549828,2025-12-22 14:39:33,0xf2295226d0755e77205473da574055279961fd60,,0x606aab244bf3cb5d4297ffe814029412ecf1a13a,,0.025324358 BNB,$18.82,6.79e-06,export-transaction-list-1788775055426.csv
0x176bd3a44ac571d87dc5f84b7aabb5657fcdef2365f29649f6b506123ac3cbeb,Success,Swap,72549811,2025-12-22 14:39:20,0xf2295226d0755e77205473da574055279961fd60,,0x10ed43c718714eb63d5aa57b78b54704e256024e,PancakeSwap: Router v2,0 BNB,$0.00,6.09e-06,export-transaction-list-1788775055426.csv
0xa94bd4a58d916cefee0c580ca7a639c3412fab68f3dea8a1c446688d6013257f,Success,Swap,72549648,2025-12-22 14:37:18,0xf2295226d0755e77205473da574055279961fd60,,0x10ed43c718714eb63d5aa57b78b54704e256024e,PancakeSwap: Router v2,0 BNB,$0.00,6.24e-06,export-transaction-list-1788775055426.csv
0x447015d3dea45e025486cadd8415d3ccf4c323406f77baf559ad38609f975f8c,Success,Proxy Buy,72549636,2025-12-22 14:37:09,0xf2295226d0755e77205473da574055279961fd60,,0x606aab244bf3cb5d4297ffe814029412ecf1a13a,,0.020313297 BNB,$15.10,6.79e-06,export-transaction-list-1788775055426.csv
0x502d75c11f0809bb49cd5ffed5b96c9791799be578daee3b75cca409bfdf774a,Success,Swap,72549497,2025-12-22 14:35:25,0xf2295226d0755e77205473da574055279961fd60,,0x10ed43c718714eb63d5aa57b78b54704e256024e,PancakeSwap: Router v2,0 BNB,$0.00,6.21e-06,export-transaction-list-1788775055426.csv
0x6af39f1097899d1654a949342d2703b7036c5bba7ed2327f40f94ca96fec852e,Success,Swap,72549206,2025-12-22 14:31:46,0xf2295226d0755e77205473da574055279961fd60,,0x10ed43c718714eb63d5aa57b78b54704e256024e,PancakeSwap: Router v2,0 BNB,$0.00,5.66e-06,export-transaction-list-1788775055426.csv
0x1bd7a5ede377c03aea2ac9882af8fe815e321495b729bfaada64d17bffdbb111,Success,Proxy Buy,72549187,2025-12-22 14:31:32,0xf2295226d0755e77205473da574055279961fd60,,0x606aab244bf3cb5d4297ffe814029412ecf1a13a,,0.020027881 BNB,$14.88,6.88e-06,export-transaction-list-1788775055426.csv
0xf9004f4fb700df96f82d61628fb06b773e41c598b93c945795a3d230acda8f64,Success,Swap,72549165,2025-12-22 14:31:16,0xf2295226d0755e77205473da574055279961fd60,,0x10ed43c718714eb63d5aa57b78b54704e256024e,PancakeSwap: Router v2,0 BNB,$0.00,6.15e-06,export-transaction-list-1788775055426.csv
0x9d4fd1c9fda96a436576d894ab61148723e06cc3e6456b08a4668beaf9fbacac,Success,Proxy Buy,72549046,2025-12-22 14:29:46,0xf2295226d0755e77205473da574055279961fd60,,0x606aab244bf3cb5d4297ffe814029412ecf1a13a,,0.021897312 BNB,$16.27,7.75e-06,export-transaction-list-1788775055426.csv
0x76fdc9d3b6095a3650e03f7145ca84c7141d3bd2fc6cdf4eb4a1a5c399ee21e9,Success,Approve,72548955,2025-12-22 14:28:38,0xf2295226d0755e77205473da574055279961fd60,,0x813e612f84d1d328ad58ad98d52009ad83ce4444,,0 BNB,$0.00,2.41e-06,export-transaction-list-1788775055426.csv
0x816dacccdf819308c34195099b3afc9bc0ca5da7d5f8350f0f0bf6ed6054a2bd,Success,Proxy Buy,72548792,2025-12-22 14:26:36,0xf2295226d0755e77205473da574055279961fd60,,0x606aab244bf3cb5d4297ffe814029412ecf1a13a,,0.024191003 BNB,$17.98,7.74e-06,export-transaction-list-1788775055426.csv
0x945ee3497e14dc101b4e12a5d1205c8b2dd96d122157b18fc46cb8d066f6f6b3,Success,Approve,72548731,2025-12-22 14:25:50,0xf2295226d0755e77205473da574055279961fd60,,0x8403e908a727f4a19feaaa52ff41f575ec804444,,0 BNB,$0.00,2.39e-06,export-transaction-list-1788775055426.csv
0x61d7e9c31363a975fff7e7fd21cd1a75321b5f6709dcda899e25d58440a539a2,Success,Transfer,72548708,2025-12-22 14:25:33,0xf2295226d0755e77205473da574055279961fd60,,0x468ee14818460ce6bdae5223afd6626035ecd1fa,,0.000882785 BNB,$0.66,1.11e-06,export-transaction-list-1788775055426.csv
0x6818bd44656d8c464850cabc6b3c6f7f02dae37105be604fc2a1fad2ecd481ab,Success,Swap,72548460,2025-12-22 14:22:27,0xf2295226d0755e77205473da574055279961fd60,,0x10ed43c718714eb63d5aa57b78b54704e256024e,PancakeSwap: Router v2,0 BNB,$0.00,6.14e-06,export-transaction-list-1788775055426.csv
0x25dfc2b29c78edcc11702f40e9d31b32f41cb42f186985c6f0993765b52571f6,Success,Swap,72548410,2025-12-22 14:21:49,0xf2295226d0755e77205473da574055279961fd60,,0x10ed43c718714eb63d5aa57b78b54704e256024e,PancakeSwap: Router v2,0 BNB,$0.00,6.17e-06,export-transaction-list-1788775055426.csv
0x7c5d967ab9eee3fe0186a47ea9665bfac135229d8c9b90b2af4c329ea6d468a2,Success,Proxy Buy,72548366,2025-12-22 14:21:16,0xf2295226d0755e77205473da574055279961fd60,,0x606aab244bf3cb5d4297ffe814029412ecf1a13a,,0.019348757 BNB,$14.38,7.02e-06,export-transaction-list-1788775055426.csv
0xe22427ffffc61413ac01b0c862e219734241a6cf05ad0bbd56c30fa328b1376c,Success,Approve,72548229,2025-12-22 14:19:34,0xf2295226d0755e77205473da574055279961fd60,,0x11de3335d0a642377601bbb8ecff2e804cb84444,,0 BNB,$0.00,2.45e-06,export-transaction-list-1788775055426.csv
0xd3eea6c11ce803d931dbf68c70442a2de0e3dfded01cac1198f33c8ea0f8b816,Success,Approve,72547751,2025-12-22 14:13:35,0xf2295226d0755e77205473da574055279961fd60,,0xaccde982ff4d8d726fac7e2554317fbcb0b24444,,0 BNB,$0.00,2.42e-06,export-transaction-list-1788775055426.csv
0x4feb62c31677319853671a65100dcb7e185f63ae5d603617c8955b76ada74814,Success,Approve,72547527,2025-12-22 14:10:47,0xf2295226d0755e77205473da574055279961fd60,,0xec936688d02b4dbf1103fc903b6a44157bfb4444,,0 BNB,$0.00,2.42e-06,export-transaction-list-1788775055426.csv
0x7430560f2e7ce46584b8d034b5dba64c9d568dd7fd5924be733c7e21f408099c,Success,Approve,72547138,2025-12-22 14:05:55,0xf2295226d0755e77205473da574055279961fd60,,0x5df43b2ec0dc1b0e4f9b376c0accfcc468904444,,0 BNB,$0.00,2.46e-06,export-transaction-list-1788775055426.csv
0x3c03d037814daefcc6d06930e3f61ef1018928bb7a8af9b0aa19a2a1151d1526,Success,Transfer,72547116,2025-12-22 14:05:39,0xf2295226d0755e77205473da574055279961fd60,,0x52a8b5fa08ebd9f286e4f338222c50fd5eb997af,,0.005051619 BNB,$3.75,1.08e-06,export-transaction-list-1788775055426.csv
0xc89b40ca73c822aa30b4f31b1d4e5721c0360940b7c7877b984011ebae30463f,Success,Swap,72546265,2025-12-22 13:55:00,0xf2295226d0755e77205473da574055279961fd60,,0x10ed43c718714eb63d5aa57b78b54704e256024e,PancakeSwap: Router v2,0 BNB,$0.00,6.03e-06,export-transaction-list-1788775055426.csv
0x9a3435506e6a0136f870d010a1dd9796c1ef2b8c52ac6ef6aaedf045dc033370,Success,Proxy Buy,77466646,2026-01-26 05:22:18,0xf2295226d0755e77205473da574055279961fd60,,0x606aab244bf3cb5d4297ffe814029412ecf1a13a,,0.019269384 BNB,$14.32,6.79e-06,export-transaction-list-1788775049205.csv
0x60f5d5f41b9773f1247832bc893c21d621f6fe5c8c3d86940548e90f63534187,Success,Swap,77466114,2026-01-26 05:18:18,0xf2295226d0755e77205473da574055279961fd60,,0x10ed43c718714eb63d5aa57b78b54704e256024e,PancakeSwap: Router v2,0 BNB,$0.00,6.2e-06,export-transaction-list-1788775049205.csv
0x28773f6b0dc20ce4c24eff253f68b72ef0d7c6219c80f29cb1b7feba92bec735,Success,Swap,77465345,2026-01-26 05:12:32,0xf2295226d0755e77205473da574055279961fd60,,0x10ed43c718714eb63d5aa57b78b54704e256024e,PancakeSwap: Router v2,0 BNB,$0.00,6.09e-06,export-transaction-list-1788775049205.csv
0x59c1ad3c01036a9877528cfecf85d109f2586f99f103167ccdfcd24ce4aeaad5,Success,Proxy Buy,77465211,2026-01-26 05:11:32,0xf2295226d0755e77205473da574055279961fd60,,0x606aab244bf3cb5d4297ffe814029412ecf1a13a,,0.017055132 BNB,$12.67,7.83e-06,export-transaction-list-1788775049205.csv
0x102cb4368c89266f340e0e78e017530894237a0271b5f507575981a2c781edf6,Success,Approve,77464124,2026-01-26 05:03:23,0xf2295226d0755e77205473da574055279961fd60,,0xb586fb77d50238b1dcf670e8ac3bee06967c4444,,0 BNB,$0.00,2.38e-06,export-transaction-list-1788775049205.csv
0x6aa4b4c2eeac5792f96314f49f93fb0d991d35a560da03cda614e64232fece58,Success,Transfer,77464097,2026-01-26 05:03:11,0xf2295226d0755e77205473da574055279961fd60,,0x0822cd7a7e14e81c5dbb51653bf843972d83aa88,,0.014443879 BNB,$10.73,1.08e-06,export-transaction-list-1788775049205.csv
0x5e14f8fc78f1f8e34b2b5bbb7a67d2f328582590647d58e10882d63b6b60eb97,Success,Swap,77463956,2026-01-26 05:02:07,0xf2295226d0755e77205473da574055279961fd60,,0x10ed43c718714eb63d5aa57b78b54704e256024e,PancakeSwap: Router v2,0 BNB,$0.00,6.17e-06,export-transaction-list-1788775049205.csv
0x49ea681593628ff0bb7f2f22f736c81c14224cac224b15dd028b4c0152bd16b1,Success,Proxy Buy,77463381,2026-01-26 04:57:48,0xf2295226d0755e77205473da574055279961fd60,,0x606aab244bf3cb5d4297ffe814029412ecf1a13a,,0.030368583 BNB,$22.57,6.78e-06,export-transaction-list-1788775049205.csv
0xd2522170f4ca7634aa8a44e50c9946c62da9c3a4e465902ae41733a85e20a873,Success,Swap,77462941,2026-01-26 04:54:30,0xf2295226d0755e77205473da574055279961fd60,,0x10ed43c718714eb63d5aa57b78b54704e256024e,PancakeSwap: Router v2,0 BNB,$0.00,5.49e-06,export-transaction-list-1788775049205.csv
0xefe33090dde9b659f0f84a87938859e5b395969c7d2535a5edbb545c7e30d221,Success,Proxy Buy,77461664,2026-01-26 04:44:56,0xf2295226d0755e77205473da574055279961fd60,,0x606aab244bf3cb5d4297ffe814029412ecf1a13a,,0.021642434 BNB,$16.08,7.59e-06,export-transaction-list-1788775049205.csv
0x9e6e659cb513c5c8780882b047ad41580228b4fe3b2a714358bb74801bfc3b07,Success,Approve,77461215,2026-01-26 04:41:34,0xf2295226d0755e77205473da574055279961fd60,,0xc2d87ebe08f6c72ad15c8ae0700ce3d311c84444,,0 BNB,$0.00,2.44e-06,export-transaction-list-1788775049205.csv
0x521a7f98c1d0531a117755be790a37a759bc4e85f399ddbbae0d2bc3cce4b6ec,Success,Proxy Buy,77460332,2026-01-26 04:34:56,0xf2295226d0755e77205473da574055279961fd60,,0x606aab244bf3cb5d4297ffe814029412ecf1a13a,,0.018584225 BNB,$13.81,7.77e-06,export-transaction-list-1788775049205.csv
0x044dc871a3ad78eb56bdc1a1acc5834496d219e4ee6c0f6aacf95e86b9e4d346,Success,Approve,77459280,2026-01-26 04:27:03,0xf2295226d0755e77205473da574055279961fd60,,0xcaf333c36543ffaaccd2e2fe5d0f311c48724444,,0 BNB,$0.00,2.41e-06,export-transaction-list-1788775049205.csv
0x516a01342600b10f131d57f384c16f4b6ad9dcb4d11e02daa1a22db32cd57c6b,Success,Proxy Buy,77457527,2026-01-26 04:13:54,0xf2295226d0755e77205473da574055279961fd60,,0x606aab244bf3cb5d4297ffe814029412ecf1a13a,,0.023171577 BNB,$17.22,7.65e-06,export-transaction-list-1788775049205.csv
0xaf507b7f0700fab6723a8aceddbce8d5dca625a14bbc97da9bafe8cb31437249,Success,Approve,77456236,2026-01-26 04:04:13,0xf2295226d0755e77205473da574055279961fd60,,0xa1f4a9b8d73ae7b30809ecca5290002422434444,,0 BNB,$0.00,2.4e-06,export-transaction-list-1788775049205.csv
0x8eedcd6860432b733f2c49a9e3cd04dfc006dc46a1dae0cde578e04e91327367,Success,Swap,77454068,2026-01-26 03:47:57,0xf2295226d0755e77205473da574055279961fd60,,0x10ed43c718714eb63d5aa57b78b54704e256024e,PancakeSwap: Router v2,0 BNB,$0.00,6.19e-06,export-transaction-list-1788775049205.csv
0x6cb04e52212479de3e95aa58a2d1ef1a95b17f2115f188aefce73cb560693828,Success,Proxy Buy,77453755,2026-01-26 03:45:36,0xf2295226d0755e77205473da574055279961fd60,,0x606aab244bf3cb5d4297ffe814029412ecf1a13a,,0.01730997 BNB,$12.86,7.66e-06,export-transaction-list-1788775049205.csv
0xe3ad3f6a7b81a742b2c39a5d566d1703c49c25cee48971be5232c839894ec7bc,Success,Approve,77451911,2026-01-26 03:31:46,0xf2295226d0755e77205473da574055279961fd60,,0xb2e12dcdc3087b71b8e7df9f484ddc8dad024444,,0 BNB,$0.00,2.4e-06,export-transaction-list-1788775049205.csv
0xa44674b492f0deea38d58ec7724cb14b1a6118b8f07c3310fab1cec5ab9785ef,Success,Approve,77449248,2026-01-26 03:11:48,0xf2295226d0755e77205473da574055279961fd60,,0x13785def0ca24ca15a55322c2c68caa635284444,,0 BNB,$0.00,2.4e-06,export-transaction-list-1788775049205.csv
0xb647a19fcc2480d35738cea148429155329d5a2443f7791f010bdf67e5252099,Success,Swap,77448334,2026-01-26 03:04:56,0xf2295226d0755e77205473da574055279961fd60,,0x10ed43c718714eb63d5aa57b78b54704e256024e,PancakeSwap: Router v2,0 BNB,$0.00,6.24e-06,export-transaction-list-1788775049205.csv
0xd58011829712e232f2818fc380dbcf33ec22cc2f58047698c89944a948d2af34,Success,Swap,77448221,2026-01-26 03:04:05,0xf2295226d0755e77205473da574055279961fd60,,0x10ed43c718714eb63d5aa57b78b54704e256024e,PancakeSwap: Router v2,0 BNB,$0.00,6.19e-06,export-transaction-list-1788775049205.csv
0x8c439270b075def67dd5650c2a18d4344e9528a130b846dc07b7d6ecbbca0b1c,Success,Proxy Buy,77448190,2026-01-26 03:03:51,0xf2295226d0755e77205473da574055279961fd60,,0x606aab244bf3cb5d4297ffe814029412ecf1a13a,,0.019603648 BNB,$14.57,7.28e-06,export-transaction-list-1788775049205.csv
0xff8da1729374177bc4c9016f4a8c85539d54c73171562830702f64ecbbf3e332,Success,Approve,77447676,2026-01-26 03:00:00,0xf2295226d0755e77205473da574055279961fd60,,0xf370b726412cb97b8b0112e9eacf86ea1f474444,,0 BNB,$0.00,2.4e-06,export-transaction-list-1788775049205.csv
0xae47d1a202768988156e5d198c9d503209baaf6d1f7cf13c2085d58f8b106f9e,Success,Approve,77447415,2026-01-26 02:58:03,0xf2295226d0755e77205473da574055279961fd60,,0x0395bfe8042b2ab4679160a2fc1f0b80a2bb4444,,0 BNB,$0.00,2.41e-06,export-transaction-list-1788775049205.csv
0x28ff7326ffe16e059cf58b21a0b2572c9c8d217fce634a9f7470ae1fc45d477b,Success,Approve,77444598,2026-01-26 02:36:55,0xf2295226d0755e77205473da574055279961fd60,,0xe6e619be7b85b05ef09e766488626d4b416f4444,,0 BNB,$0.00,2.4e-06,export-transaction-list-1788775049205.csv
0xadc0ac366cda032725dc83c896e01c892b749d4b40922951170fb4fc6203a14a,Success,Proxy Buy,77443371,2026-01-26 02:27:43,0xf2295226d0755e77205473da574055279961fd60,,0x606aab244bf3cb5d4297ffe814029412ecf1a13a,,0.022262022 BNB,$16.54,6.88e-06,export-transaction-list-1788775049205.csv
0xdae8234babb312df0d1a2e8f5f5c1e138cb4b271b3a3bdf22ed1876411379c20,Success,Swap,77442923,2026-01-26 02:24:21,0xf2295226d0755e77205473da574055279961fd60,,0x10ed43c718714eb63d5aa57b78b54704e256024e,PancakeSwap: Router v2,0 BNB,$0.00,6.23e-06,export-transaction-list-1788775049205.csv
0x8acea2b5f4e03315dc5f2f4622fd8ff16abfe5c502e94c83f7170c77e8ea32af,Success,Swap,77441992,2026-01-26 02:17:22,0xf2295226d0755e77205473da574055279961fd60,,0x10ed43c718714eb63d5aa57b78b54704e256024e,PancakeSwap: Router v2,0 BNB,$0.00,6.2e-06,export-transaction-list-1788775049205.csv
0x36054c6c4872b5186d35814ce2bc5eebd7ac9040ac0213032d642a1756df88e5,Success,Proxy Buy,77441577,2026-01-26 02:14:16,0xf2295226d0755e77205473da574055279961fd60,,0x606aab244bf3cb5d4297ffe814029412ecf1a13a,,0.018584214 BNB,$13.81,7.76e-06,export-transaction-list-1788775049205.csv
0x5992c01a776e81522d34b95f9885a2c8020dd5029547917d6ece48277ee27846,Success,Approve,77441502,2026-01-26 02:13:42,0xf2295226d0755e77205473da574055279961fd60,,0xf1d4f05abc61231ec419e47bbee014eacb024444,,0 BNB,$0.00,2.43e-06,export-transaction-list-1788775049205.csv
0x8fc1fe77f23ed28b883fab6f12383c4e88f057743dea64eff559f7da6472fa37,Success,Approve,77440764,2026-01-26 02:08:10,0xf2295226d0755e77205473da574055279961fd60,,0x7219167c4106ac8e2f12c27f9dfa8a2a3d864444,,0 BNB,$0.00,2.41e-06,export-transaction-list-1788775049205.csv
0xe122fda1124ed0611fb5e0a81c877e8ae720ddba6b4fbf0cfe5fe1c55f6e97be,Success,Transfer,77440270,2026-01-26 02:04:27,0xf2295226d0755e77205473da574055279961fd60,,0xd329ed1c06a8ee9cb4b9362ef14367654e46c1f0,,0.025486575 BNB,$18.94,1.08e-06,export-transaction-list-1788775049205.csv
0x112e86b4a9b95e69870904c35679188c183aa1c7caee71f773e3afdb72909180,Success,Transfer,77440074,2026-01-26 02:02:59,0xf2295226d0755e77205473da574055279961fd60,,0xd329ed1c06a8ee9cb4b9362ef14367654e46c1f0,,0.023945028 BNB,$17.79,1.08e-06,export-transaction-list-1788775049205.csv
0x2d0c909ccf9e3553ca9d8feb6496b9c36b29c7ef096972db43b3fc1ce3119846,Success,Transfer,77267352,2026-01-25 04:27:28,0xf2295226d0755e77205473da574055279961fd60,,0xd329ed1c06a8ee9cb4b9362ef14367654e46c1f0,,0.001540455 BNB,$1.14,1.09e-06,export-transaction-list-1788775049205.csv
0x5454101325a4ab968450ee571b32d3bc2b1d29510b7a1a831ed7bd279b6e8530,Success,Proxy Buy,72571899,2025-12-22 19:15:27,0xf2295226d0755e77205473da574055279961fd60,,0x606aab244bf3cb5d4297ffe814029412ecf1a13a,,0.023936091 BNB,$17.79,7.56e-06,export-transaction-list-1788775049205.csv
0x69e756e43a988d43a14262eb03e783be7094e4f2d22dc88010f356c56b385167,Success,Approve,72571683,2025-12-22 19:12:45,0xf2295226d0755e77205473da574055279961fd60,,0x7f210e404b2443fc24550f70019ad68ef9d14444,,0 BNB,$0.00,2.45e-06,export-transaction-list-1788775049205.csv
0x70f03dec9036a51313de29bb9e0a2c56e7e11e5dc7e0f63a384b5f0342d9f47c,Success,Approve,72569612,2025-12-22 18:46:52,0xf2295226d0755e77205473da574055279961fd60,,0xb193968b8796d1cd0ac6f73d0fc7233dac524444,,0 BNB,$0.00,2.4e-06,export-transaction-list-1788775049205.csv
0x9d7afeebd0231fcce4a98fe3371a91676e47675ff0e371333dd1434c409e57d1,Success,Approve,72567551,2025-12-22 18:21:06,0xf2295226d0755e77205473da574055279961fd60,,0x1d463768a9965da15b2c17e24abd097b8d084444,,0 BNB,$0.00,2.4e-06,export-transaction-list-1788775049205.csv
0x3c093085a118a0dd69ad3a0939d2c14d3839d4219b11cea34cccc7036d687d9a,Success,Approve,72565931,2025-12-22 18:00:51,0xf2295226d0755e77205473da574055279961fd60,,0x3754c834d3ec2da5387e6f082906560b8ffe4444,,0 BNB,$0.00,2.4e-06,export-transaction-list-1788775049205.csv
0xe5c29602c03367659530a6006ff6130ab8576321d6ec6d3bc07047758fe4298c,Success,Proxy Buy,72565458,2025-12-22 17:54:56,0xf2295226d0755e77205473da574055279961fd60,,0x606aab244bf3cb5d4297ffe814029412ecf1a13a,,0.017737313 BNB,$13.18,6.91e-06,export-transaction-list-1788775049205.csv
0xa9b4236e4da464098f7211618eaf3e2fd8ab986b75b2de6732cc30d166ade185,Success,Swap,72564881,2025-12-22 17:47:44,0xf2295226d0755e77205473da574055279961fd60,,0x10ed43c718714eb63d5aa57b78b54704e256024e,PancakeSwap: Router v2,0 BNB,$0.00,6.19e-06,export-transaction-list-1788775049205.csv
0x8f3d29857f63724d12afb5019503c4a0fbbfd13f136fa41f480d0589290d92e6,Success,Proxy Buy,72564762,2025-12-22 17:46:14,0xf2295226d0755e77205473da574055279961fd60,,0x606aab244bf3cb5d4297ffe814029412ecf1a13a,,0.019245279 BNB,$14.30,6.74e-06,export-transaction-list-1788775049205.csv
0x70e277e750831a2ece5deb36e835a65827451c47aac887ca3ef73eda89831a1a,Success,Swap,72564547,2025-12-22 17:43:33,0xf2295226d0755e77205473da574055279961fd60,,0x10ed43c718714eb63d5aa57b78b54704e256024e,PancakeSwap: Router v2,0 BNB,$0.00,6.08e-06,export-transaction-list-1788775049205.csv
0x4bd4d082b0bc509fdd766e5e08c2641357134dc68bf83c2e7516cda20159f95b,Success,Swap,72564463,2025-12-22 17:42:30,0xf2295226d0755e77205473da574055279961fd60,,0x10ed43c718714eb63d5aa57b78b54704e256024e,PancakeSwap: Router v2,0 BNB,$0.00,6.25e-06,export-transaction-list-1788775049205.csv
0xecf26b0addcaf76090a558db8af2184b43d104672cc9a3b62deb7ed6c6869173,Success,Proxy Buy,72564382,2025-12-22 17:41:29,0xf2295226d0755e77205473da574055279961fd60,,0x606aab244bf3cb5d4297ffe814029412ecf1a13a,,0.018584199 BNB,$13.81,7.78e-06,export-transaction-list-1788775049205.csv
0x5e50995cd32db207b429f8c21ad467842a9be6b31132862b5b0a7cb31e23578c,Success,Approve,72564193,2025-12-22 17:39:08,0xf2295226d0755e77205473da574055279961fd60,,0xa8c9a336f48a1f6813d6eaecf2dabb69142c4444,,0 BNB,$0.00,2.45e-06,export-transaction-list-1788775049205.csv
0x39d1bd34d13b4ca1e981e84d9c809438bdad24439466ca1dbf64b66ee94d0d36,Success,Proxy Buy,72563436,2025-12-22 17:29:40,0xf2295226d0755e77205473da574055279961fd60,,0x606aab244bf3cb5d4297ffe814029412ecf1a13a,,0.020877903 BNB,$15.52,7.25e-06,export-transaction-list-1788775049205.csv
0x4428d65892e5a139aa875262879c8436108e26dc5c4c8e1c7db312e5b5f73430,Success,Approve,72562418,2025-12-22 17:16:56,0xf2295226d0755e77205473da574055279961fd60,,0xfff327fe5aa3e896572f493a6f9bdb8559984444,,0 BNB,$0.00,2.41e-06,export-transaction-list-1788775049205.csv
0x7117870aca0731e680377c3b2843b7cdbc7bd253d7a1a1b4399eba2391d73010,Success,Swap,72560987,2025-12-22 16:59:03,0xf2295226d0755e77205473da574055279961fd60,,0x10ed43c718714eb63d5aa57b78b54704e256024e,PancakeSwap: Router v2,0 BNB,$0.00,6.1e-06,export-transaction-list-1788775049205.csv
0xb03f0e58cd284bc292abc1da059526202122475e6b0e243bf2159b0aa7c0beaf,Success,Swap,72560972,2025-12-22 16:58:52,0xf2295226d0755e77205473da574055279961fd60,,0x10ed43c718714eb63d5aa57b78b54704e256024e,PancakeSwap: Router v2,0 BNB,$0.00,6.1e-06,export-transaction-list-1788775049205.csv
0x90e9c53096bf16db4bb5cfd06cf5cc394c3b91e7cd02394ddd2cf30f0ef73a1c,Success,Approve,78122342,2026-01-29 15:27:06,0xf2295226d0755e77205473da574055279961fd60,,0x704c122d40276c4dcbbc1d4d07ce729942687777,,0 BNB,$0.00,2.39e-06,export-transaction-list-1788775038120.csv
0x4833718311d3715b54192cca8e137389ae3bea1e5b37e993b78ccbedeaaeccf2,Success,Approve,78122214,2026-01-29 15:26:09,0xf2295226d0755e77205473da574055279961fd60,,0xed5456177386416951f343a992cbee1f9cfa7777,,0 BNB,$0.00,2.46e-06,export-transaction-list-1788775038120.csv
0xea4d2217c87bf22e7639d515a1192231bfdb9278de158dcfc38759e47f63ca27,Success,Approve,78122013,2026-01-29 15:24:38,0xf2295226d0755e77205473da574055279961fd60,,0xee3bca70444e7a26601550863a2910f7ee7e4444,,0 BNB,$0.00,2.46e-06,export-transaction-list-1788775038120.csv
0x9284e254ce10180e6cdf4b419e29855b006646cb3c1f262d62a4adc6cb54a21b,Success,Swap,78121878,2026-01-29 15:23:37,0xf2295226d0755e77205473da574055279961fd60,,0x10ed43c718714eb63d5aa57b78b54704e256024e,PancakeSwap: Router v2,0 BNB,$0.00,5.53e-06,export-transaction-list-1788775038120.csv
0x23edd9bf5999686b27d53644632bd2c32398197fc6dbda827e07a1bfabe8ff1f,Success,Proxy Buy,78121134,2026-01-29 15:18:03,0xf2295226d0755e77205473da574055279961fd60,,0x606aab244bf3cb5d4297ffe814029412ecf1a13a,,0.021387608 BNB,$15.89,7.55e-06,export-transaction-list-1788775038120.csv
0xd4796e0d4c9f917489bfc51dafd23bbedb52aa876a147ec9eee4852d59699e2e,Success,Approve,78118942,2026-01-29 15:01:36,0xf2295226d0755e77205473da574055279961fd60,,0xfe4f762609796c5994d2118794379785e9b77777,,0 BNB,$0.00,2.41e-06,export-transaction-list-1788775038120.csv
0x05f493b1eee21ecbc925d0df37080bc6addb3c20e52439b48bae9162f49e49c3,Success,Approve,78118798,2026-01-29 15:00:31,0xf2295226d0755e77205473da574055279961fd60,,0x9057f7c6ad5f409f7170e4b945f1c719104c7777,,0 BNB,$0.00,2.44e-06,export-transaction-list-1788775038120.csv
0x0601a28450ad2772db995c1f226bebee29fd1f49868a30554c12142c78ab7c2b,Success,Transfer,78118764,2026-01-29 15:00:16,0xf2295226d0755e77205473da574055279961fd60,,0x6f9b7ce5960e7e81d9c91add4c3d55e44ca253fa,,0.018050758 BNB,$13.41,1.11e-06,export-transaction-list-1788775038120.csv
0x03374837b13b13632e8b4b46aed84786b6f00270d0ab11cdca15289a94974e83,Success,Swap,78118518,2026-01-29 14:58:25,0xf2295226d0755e77205473da574055279961fd60,,0x10ed43c718714eb63d5aa57b78b54704e256024e,PancakeSwap: Router v2,0 BNB,$0.00,5.48e-06,export-transaction-list-1788775038120.csv
0x2ae00b7b4b53ce73f78b2fbabaab86f2df1cd1a804442ff700dc7f567b1c1abd,Success,Swap,78118404,2026-01-29 14:57:34,0xf2295226d0755e77205473da574055279961fd60,,0x10ed43c718714eb63d5aa57b78b54704e256024e,PancakeSwap: Router v2,0 BNB,$0.00,6.15e-06,export-transaction-list-1788775038120.csv
0x7f4ad8e7fb5c513e3f300e2e0c8f20af931cbc6fe18f6912eacb54ed8b8521c4,Success,Swap,78117994,2026-01-29 14:54:30,0xf2295226d0755e77205473da574055279961fd60,,0x10ed43c718714eb63d5aa57b78b54704e256024e,PancakeSwap: Router v2,0 BNB,$0.00,6.07e-06,export-transaction-list-1788775038120.csv
0xdf1f500221d5771720f22b5c58c5ec445f3284ba83fad27ded8514b98585503c,Success,Proxy Buy,78116282,2026-01-29 14:41:39,0xf2295226d0755e77205473da574055279961fd60,,0x606aab244bf3cb5d4297ffe814029412ecf1a13a,,0.019348762 BNB,$14.38,7.67e-06,export-transaction-list-1788775038120.csv
0x35ce45d899fbcb2a1423bc69ee0531dbb3908f9076af0fe37e78a754489fd182,Success,Approve,78115973,2026-01-29 14:39:20,0xf2295226d0755e77205473da574055279961fd60,,0x2d5cf57d2d8d25ef6129c633e38ddfe2a1947777,,0 BNB,$0.00,2.44e-06,export-transaction-list-1788775038120.csv
0xf93e46b9545912b174e24dc403b8fd1e5f74c41814443e0cf6ce659a98f85e75,Success,Approve,78115172,2026-01-29 14:33:20,0xf2295226d0755e77205473da574055279961fd60,,0x50e225b77619bc39e7150f9a874c297178037777,,0 BNB,$0.00,2.44e-06,export-transaction-list-1788775038120.csv
0xe1b31ddea6bb9fb22c86b74e9630f70f03503a960858ae1ab52bb9b6dfccfe0b,Success,Swap,78114857,2026-01-29 14:30:58,0xf2295226d0755e77205473da574055279961fd60,,0x10ed43c718714eb63d5aa57b78b54704e256024e,PancakeSwap: Router v2,0 BNB,$0.00,6.23e-06,export-transaction-list-1788775038120.csv
0x54d30419798284226d8b8858dd11464d1e0b6abb502d0bd290361cc31f0d8548,Success,Proxy Buy,78114819,2026-01-29 14:30:41,0xf2295226d0755e77205473da574055279961fd60,,0x606aab244bf3cb5d4297ffe814029412ecf1a13a,,0.023936093 BNB,$17.79,7.69e-06,export-transaction-list-1788775038120.csv
0x62f46903a79304bc575e2b73fde1bf3d6fd8077ada19305fa1199f6bfebcea29,Success,Approve,78114551,2026-01-29 14:28:40,0xf2295226d0755e77205473da574055279961fd60,,0x2be084e860e91e2c758cfe16751dc1fa1e454444,,0 BNB,$0.00,2.45e-06,export-transaction-list-1788775038120.csv
0x6b04ce75ed64905941d557b08d1246e0f0dd31a5f8de840c801099f65f1365cb,Success,Swap,78113984,2026-01-29 14:24:25,0xf2295226d0755e77205473da574055279961fd60,,0x10ed43c718714eb63d5aa57b78b54704e256024e,PancakeSwap: Router v2,0 BNB,$0.00,6.17e-06,export-transaction-list-1788775038120.csv
0x5dfc5f0c26c0907fd147af571d2b04de88b1246fb9a36675c3f3cb615f8aab10,Success,Proxy Buy,78113632,2026-01-29 14:21:47,0xf2295226d0755e77205473da574055279961fd60,,0x606aab244bf3cb5d4297ffe814029412ecf1a13a,,0.024190986 BNB,$17.98,7.1e-06,export-transaction-list-1788775038120.csv
0x766874535193616bf6a0c32475291d9883b8bd2e0afd4b76bc2c713ee4aae856,Success,Approve,78111734,2026-01-29 14:07:33,0xf2295226d0755e77205473da574055279961fd60,,0x2c9024930c58c093a37a0b08f159260be59b4444,,0 BNB,$0.00,2.41e-06,export-transaction-list-1788775038120.csv
0xb1e1c0f8fce11baa3437cb86bc6005a64d5f638deb4799a28c6c6a805b191ee1,Success,Proxy Buy,78111333,2026-01-29 14:04:32,0xf2295226d0755e77205473da574055279961fd60,,0x606aab244bf3cb5d4297ffe814029412ecf1a13a,,0.022870992 BNB,$17.00,6.86e-06,export-transaction-list-1788775038120.csv
0x6d150e75bcbdadaf0ac21214dd85ddd3b015ce0064e203affcb7f6e3c4e5af2c,Success,Swap,78111109,2026-01-29 14:02:51,0xf2295226d0755e77205473da574055279961fd60,,0x10ed43c718714eb63d5aa57b78b54704e256024e,PancakeSwap: Router v2,0 BNB,$0.00,6.15e-06,export-transaction-list-1788775038120.csv
0x0c2c191cb933de588b5d12d0538f31e2761575c991eda51501f1ac30bfdba9a3,Success,Proxy Buy,78110837,2026-01-29 14:00:49,0xf2295226d0755e77205473da574055279961fd60,,0x606aab244bf3cb5d4297ffe814029412ecf1a13a,,0.019202983 BNB,$14.27,6.74e-06,export-transaction-list-1788775038120.csv
0x45e1b669d494db41c95e8151c499e5e458474fb7b7c5ea7502003afdd28f3daa,Success,Swap,78110715,2026-01-29 13:59:53,0xf2295226d0755e77205473da574055279961fd60,,0x10ed43c718714eb63d5aa57b78b54704e256024e,PancakeSwap: Router v2,0 BNB,$0.00,5.48e-06,export-transaction-list-1788775038120.csv
0xa696d181b1d05a4b8686d2d1d08d68eef84eaa1367fd5d946feaf9909cff50ba,Success,Proxy Buy,78110076,2026-01-29 13:55:05,0xf2295226d0755e77205473da574055279961fd60,,0x606aab244bf3cb5d4297ffe814029412ecf1a13a,,0.023171544 BNB,$17.22,7.76e-06,export-transaction-list-1788775038120.csv
0x128f73c207b8875241abbf5d91c42a733b8b852edc1db65c3bd1763305d14300,Success,Approve,78108895,2026-01-29 13:46:14,0xf2295226d0755e77205473da574055279961fd60,,0x2ab4350a9cb9760f1fcac6306c011fcd2b924444,,0 BNB,$0.00,2.44e-06,export-transaction-list-1788775038120.csv
0x235d7040430f3ddd2b1d21f90284003a13ab05e2a83719c30dd30d61a5041020,Success,Transfer,78108859,2026-01-29 13:45:58,0xf2295226d0755e77205473da574055279961fd60,,0xbeee72abe35aa9568ae5000ec70e35a34e2e1634,,0.022391614 BNB,$16.64,1.11e-06,export-transaction-list-1788775038120.csv
0x4931672cbf908d2a5b5c8b49856b8507bd16c422e121b769334d5b7b926134cc,Success,Swap,78108837,2026-01-29 13:45:48,0xf2295226d0755e77205473da574055279961fd60,,0x10ed43c718714eb63d5aa57b78b54704e256024e,PancakeSwap: Router v2,0 BNB,$0.00,6.06e-06,export-transaction-list-1788775038120.csv
0xf20be7f12a35214602f2d7f531e3c3cec90d3fdf9a90ae9b357f331cb4c4c765,Success,Proxy Buy,78106551,2026-01-29 13:28:39,0xf2295226d0755e77205473da574055279961fd60,,0x606aab244bf3cb5d4297ffe814029412ecf1a13a,,0.01946512 BNB,$14.47,6.88e-06,export-transaction-list-1788775038120.csv
0x203167a6f5ac2783fb9db601b7ae661f5cc50b421b7560e633c0c6e6e7bc7ac8,Success,Swap,78106391,2026-01-29 13:27:27,0xf2295226d0755e77205473da574055279961fd60,,0x10ed43c718714eb63d5aa57b78b54704e256024e,PancakeSwap: Router v2,0 BNB,$0.00,6.15e-06,export-transaction-list-1788775038120.csv
0x38f07fe597b86ff2c69a74c1e92c59ffe8213cf6e74e7a85a96c8a5d596e78e8,Success,Proxy Buy,78106160,2026-01-29 13:25:43,0xf2295226d0755e77205473da574055279961fd60,,0x606aab244bf3cb5d4297ffe814029412ecf1a13a,,0.017819652 BNB,$13.24,7.82e-06,export-transaction-list-1788775038120.csv
0xca20516f5395023685380b5cbe962489d9b95d0c2ed0ac5dc19ddddd623103c2,Success,Approve,78105820,2026-01-29 13:23:10,0xf2295226d0755e77205473da574055279961fd60,,0x64cd7011d28611fdd2981d97901c6600575f4444,,0 BNB,$0.00,2.44e-06,export-transaction-list-1788775038120.csv
0x0129872e50399972dd3559eb7221276a1aa9f9776b5b3e56cdf662dc8ec825ea,Success,Approve,78105260,2026-01-29 13:18:58,0xf2295226d0755e77205473da574055279961fd60,,0x974acecba7647c1e23d3751d3019e56374204444,,0 BNB,$0.00,2.44e-06,export-transaction-list-1788775038120.csv
0xdc996c692e0bbcbaba60608aedae727b90ce8bc9617672660db7507a3a1ebcdd,Success,Swap,78105141,2026-01-29 13:18:05,0xf2295226d0755e77205473da574055279961fd60,,0x10ed43c718714eb63d5aa57b78b54704e256024e,PancakeSwap: Router v2,0 BNB,$0.00,6.14e-06,export-transaction-list-1788775038120.csv
0x23fc3b6537f14236eb50cc64d1c4b96692663662264f3460af781321361afadc,Success,Proxy Buy,78104746,2026-01-29 13:15:07,0xf2295226d0755e77205473da574055279961fd60,,0x606aab244bf3cb5d4297ffe814029412ecf1a13a,,0.017819687 BNB,$13.24,7.65e-06,export-transaction-list-1788775038120.csv
0x23cf9bb0043ded50fcb349904b728ca2cad6008a27ca9e29ffd171bff77c2b52,Success,Approve,78104442,2026-01-29 13:12:50,0xf2295226d0755e77205473da574055279961fd60,,0x5289d994ee6e06b75d5da73a8ec326a7a38e4444,,0 BNB,$0.00,2.39e-06,export-transaction-list-1788775038120.csv
0x8ae4b432b5e705e7b2e48e8825397bcea53083ca465417c3c2a1232a7696d041,Success,Proxy Buy,78104284,2026-01-29 13:11:39,0xf2295226d0755e77205473da574055279961fd60,,0x606aab244bf3cb5d4297ffe814029412ecf1a13a,,0.022412854 BNB,$16.66,6.83e-06,export-transaction-list-1788775038120.csv
0xdd491b917400af4085450432c5f024a6430bd431b8a51f902637376c9406b581,Success,Swap,78103046,2026-01-29 13:02:22,0xf2295226d0755e77205473da574055279961fd60,,0x10ed43c718714eb63d5aa57b78b54704e256024e,PancakeSwap: Router v2,0 BNB,$0.00,6.17e-06,export-transaction-list-1788775038120.csv
0x03f2d4b221c5855ef10cba38f55689808f96c9a36067e05592cd81116fb0204d,Success,Swap,78102999,2026-01-29 13:02:01,0xf2295226d0755e77205473da574055279961fd60,,0x10ed43c718714eb63d5aa57b78b54704e256024e,PancakeSwap: Router v2,0 BNB,$0.00,6.19e-06,export-transaction-list-1788775038120.csv
0x9f03c12f86436c316921ded7c911c0827f99414057d20fc529180bd7213b01fc,Success,Proxy Buy,78102386,2026-01-29 12:57:25,0xf2295226d0755e77205473da574055279961fd60,,0x606aab244bf3cb5d4297ffe814029412ecf1a13a,,0.017819663 BNB,$13.24,7.63e-06,export-transaction-list-1788775038120.csv
0xfb2a67910506cbbc30919dd92442cf638ea401c61801f55840bc652c8bb0742e,Success,Approve,78101644,2026-01-29 12:51:51,0xf2295226d0755e77205473da574055279961fd60,,0xf2d18e297620a9e27b901755af29200cac7c4444,,0 BNB,$0.00,2.42e-06,export-transaction-list-1788775038120.csv
0xb35bd6a124bdd8696ada4ff67f1c899e33fdefe873c553692eba4ffa67c112d2,Success,Transfer,78101609,2026-01-29 12:51:35,0xf2295226d0755e77205473da574055279961fd60,,0x7614b80e9b6c11f889f9cd05794d55f713325855,,0.007617879 BNB,$5.66,1.1e-06,export-transaction-list-1788775038120.csv
0x7e4579dc7bc4f0ce835ff73d180fa7730a0a6a21c5968f2a0a169da5ccdeba57,Success,Swap,78101113,2026-01-29 12:47:52,0xf2295226d0755e77205473da574055279961fd60,,0x10ed43c718714eb63d5aa57b78b54704e256024e,PancakeSwap: Router v2,0 BNB,$0.00,6.16e-06,export-transaction-list-1788775038120.csv
0x3a9c3d77f757e1116378b1f3c66e8da90ebe9bc469629f2006a105b209c25592,Success,Proxy Buy,78099279,2026-01-29 12:34:07,0xf2295226d0755e77205473da574055279961fd60,,0x606aab244bf3cb5d4297ffe814029412ecf1a13a,,0.022407044 BNB,$16.65,7.27e-06,export-transaction-list-1788775038120.csv
0x7949da890f93b4852201347450d0b98ad9a13e1c67c96d9b6830c99ac2096fd2,Success,Approve,78098652,2026-01-29 12:29:24,0xf2295226d0755e77205473da574055279961fd60,,0xdededeb5ea85f7843d6ddbb604df97f273a84444,,0 BNB,$0.00,2.38e-06,export-transaction-list-1788775038120.csv
0x9f33cb36db5fa463d7d87098be9b645d985e540eb50d9b955f4653b5fe62abc4,Success,Approve,78098470,2026-01-29 12:28:03,0xf2295226d0755e77205473da574055279961fd60,,0x3bcf246a7495ce08358efbe6c9570be89b558888,,0 BNB,$0.00,2.39e-06,export-transaction-list-1788775038120.csv
0x0b3d57566db4092fcc2a5106897f5895d7c74f46e21974aa6e543b739431bfc2,Success,Proxy Buy,78096804,2026-01-29 12:15:33,0xf2295226d0755e77205473da574055279961fd60,,0x606aab244bf3cb5d4297ffe814029412ecf1a13a,,0.017819657 BNB,$13.24,7.61e-06,export-transaction-list-1788775038120.csv
0x5d906030f5d2201f1bb193cef6333b559e4709792ec8cd33da6db5d0f2bda23d,Success,Approve,78095662,2026-01-29 12:06:59,0xf2295226d0755e77205473da574055279961fd60,,0x577c8bad70e21d79d6b3ef8311b5fb9b00be4444,,0 BNB,$0.00,2.43e-06,export-transaction-list-1788775038120.csv
0x1f4e39a1355d6051f6f9d4686fe101ee4f5b781870ffb717b548d91a818ae251,Success,Approve,78092733,2026-01-29 11:44:59,0xf2295226d0755e77205473da574055279961fd60,,0xdfe830f5352575a739c40c6cb735eac50d004444,,0 BNB,$0.00,2.46e-06,export-transaction-list-1788775038120.csv
0x9a058c67e1ad96d046f5acfd19b4640c6d34e925294dc882a7e1c5eea630e8be,Success,Proxy Buy,78092378,2026-01-29 11:42:19,0xf2295226d0755e77205473da574055279961fd60,,0x606aab244bf3cb5d4297ffe814029412ecf1a13a,,0.028069755 BNB,$20.86,6.69e-06,export-transaction-list-1788775038120.csv
0xda6b7e6ed289ea636300bb8cf12a02b608dd556da6fbf10f8bfc23cbbe45390a,Success,Swap,78092277,2026-01-29 11:41:33,0xf2295226d0755e77205473da574055279961fd60,,0x10ed43c718714eb63d5aa57b78b54704e256024e,PancakeSwap: Router v2,0 BNB,$0.00,5.5e-06,export-transaction-list-1788775044069.csv
0x4eda879c32487b485478173634a6d915828853d2b5b639543292d26e0aac750c,Success,Swap,78091216,2026-01-29 11:33:36,0xf2295226d0755e77205473da574055279961fd60,,0x10ed43c718714eb63d5aa57b78b54704e256024e,PancakeSwap: Router v2,0 BNB,$0.00,5.68e-06,export-transaction-list-1788775044069.csv
0x596c0314c1dbfae140b1f80906a580ba46732b1ea8665d3d703368d3140e4d09,Success,Proxy Buy,78091053,2026-01-29 11:32:23,0xf2295226d0755e77205473da574055279961fd60,,0x606aab244bf3cb5d4297ffe814029412ecf1a13a,,0.026092831 BNB,$19.39,6.93e-06,export-transaction-list-1788775044069.csv
0x7127dc514d15d9663ea58c184bd2a2f50cdf0ecac868f948e753aac563a98fdc,Success,Swap,78090339,2026-01-29 11:27:01,0xf2295226d0755e77205473da574055279961fd60,,0x10ed43c718714eb63d5aa57b78b54704e256024e,PancakeSwap: Router v2,0 BNB,$0.00,6.06e-06,export-transaction-list-1788775044069.csv
0x0ea4f63af1cb47c371259cde4d1a99de61e6d59e5268cca2a3f44b807586e036,Success,Proxy Buy,78090188,2026-01-29 11:25:53,0xf2295226d0755e77205473da574055279961fd60,,0x606aab244bf3cb5d4297ffe814029412ecf1a13a,,0.023426391 BNB,$17.41,7.6e-06,export-transaction-list-1788775044069.csv
0xa592c6ef9fa56ee18bb7fe39003152a2cfca5b87da9be560b3794d3535be4040,Success,Approve,78090050,2026-01-29 11:24:51,0xf2295226d0755e77205473da574055279961fd60,,0x6c352ab39ac0778228537546204ab239ca944444,,0 BNB,$0.00,2.45e-06,export-transaction-list-1788775044069.csv
0xce77d65a7e515e709b3ac671ac8d47e066de53478fba3d8394a769e427709188,Success,Proxy Buy,78089769,2026-01-29 11:22:45,0xf2295226d0755e77205473da574055279961fd60,,0x606aab244bf3cb5d4297ffe814029412ecf1a13a,,0.027856992 BNB,$20.70,6.82e-06,export-transaction-list-1788775044069.csv
0x967c93dbdef99665d5de676891b7e773da3263acb7bb6029949815e2af53f255,Success,Swap,78088831,2026-01-29 11:15:43,0xf2295226d0755e77205473da574055279961fd60,,0x10ed43c718714eb63d5aa57b78b54704e256024e,PancakeSwap: Router v2,0 BNB,$0.00,6.11e-06,export-transaction-list-1788775044069.csv
0xd52ba6bae077dc5c2b7498b15ddf68bb80d28acd7677d2155f3880b2a167d6f8,Success,Swap,78088452,2026-01-29 11:12:52,0xf2295226d0755e77205473da574055279961fd60,,0x10ed43c718714eb63d5aa57b78b54704e256024e,PancakeSwap: Router v2,0 BNB,$0.00,5.62e-06,export-transaction-list-1788775044069.csv
0x5c22999035ae1444de47e69a4a320f5c326483fdff61571214ec9484de1fe419,Success,Proxy Buy,78087655,2026-01-29 11:06:53,0xf2295226d0755e77205473da574055279961fd60,,0x606aab244bf3cb5d4297ffe814029412ecf1a13a,,0.019348748 BNB,$14.38,7.82e-06,export-transaction-list-1788775044069.csv
0x06f9a1d9ff68a451e49e00dd44ca8a53a5fa1f9144bdae5a0dfd1e0fa2abf469,Success,Approve,78087212,2026-01-29 11:03:34,0xf2295226d0755e77205473da574055279961fd60,,0xf08c808d0013a3664d012c8d43186f4d6d174444,,0 BNB,$0.00,2.46e-06,export-transaction-list-1788775044069.csv
0xe3e2509bf535081e683a5bc6e8d39362c7ed58c05698438dddc4acc7d82b3d58,Success,Transfer,78087179,2026-01-29 11:03:19,0xf2295226d0755e77205473da574055279961fd60,,0x343f708975bd1be81f65231457665aa8a7a172dd,,0.005791276 BNB,$4.30,1.11e-06,export-transaction-list-1788775044069.csv
0x11fed5b3595540dcd01b234564fad5d95484e33d824efc29f3c2c205cea602c1,Success,Swap,78086072,2026-01-29 10:55:01,0xf2295226d0755e77205473da574055279961fd60,,0x10ed43c718714eb63d5aa57b78b54704e256024e,PancakeSwap: Router v2,0 BNB,$0.00,6.09e-06,export-transaction-list-1788775044069.csv
0x6e9129aec0bc840b625c583746344f3daab3cddd2aa5d1aaf31ac3712e9c8d48,Success,Proxy Buy,78085288,2026-01-29 10:49:08,0xf2295226d0755e77205473da574055279961fd60,,0x606aab244bf3cb5d4297ffe814029412ecf1a13a,,0.024861438 BNB,$18.48,6.16e-06,export-transaction-list-1788775044069.csv
0xf7f426ca4ab1604e2712a7eaf23a18db775ad8113f863f9238f7fae72eb72de4,Success,Swap,78085222,2026-01-29 10:48:38,0xf2295226d0755e77205473da574055279961fd60,,0x10ed43c718714eb63d5aa57b78b54704e256024e,PancakeSwap: Router v2,0 BNB,$0.00,6.19e-06,export-transaction-list-1788775044069.csv
0x607d1af21cf3d2c1d4296a1d1deb99d817cfcc376752c5e0fe8ceb4f976a622f,Success,Swap,78084950,2026-01-29 10:46:36,0xf2295226d0755e77205473da574055279961fd60,,0x10ed43c718714eb63d5aa57b78b54704e256024e,PancakeSwap: Router v2,0 BNB,$0.00,6.12e-06,export-transaction-list-1788775044069.csv
0xd9f5e1f88b040292b3be6f82fa969318a5a0e0db42c0f1d9d452fd6572d78e92,Success,Swap,78084916,2026-01-29 10:46:21,0xf2295226d0755e77205473da574055279961fd60,,0x10ed43c718714eb63d5aa57b78b54704e256024e,PancakeSwap: Router v2,0 BNB,$0.00,6.24e-06,export-transaction-list-1788775044069.csv
0x393fa67fb790b447087530f66c5e239ada42316b6853e464833bb0579e133b94,Success,Proxy Buy,78084835,2026-01-29 10:45:44,0xf2295226d0755e77205473da574055279961fd60,,0x606aab244bf3cb5d4297ffe814029412ecf1a13a,,0.021017155 BNB,$15.62,6.17e-06,export-transaction-list-1788775044069.csv
0x67e6e1d84f1534843212d32547421e6f1c3000f30c4114cdbf32acec1821a1a5,Success,Swap,78084789,2026-01-29 10:45:24,0xf2295226d0755e77205473da574055279961fd60,,0x10ed43c718714eb63d5aa57b78b54704e256024e,PancakeSwap: Router v2,0 BNB,$0.00,6.22e-06,export-transaction-list-1788775044069.csv
0x0b62d4a6e93c3b245998906bf93587822450403e350d1c95255d201ac41c4682,Success,Proxy Buy,78084708,2026-01-29 10:44:47,0xf2295226d0755e77205473da574055279961fd60,,0x606aab244bf3cb5d4297ffe814029412ecf1a13a,,0.018074523 BNB,$13.43,7.16e-06,export-transaction-list-1788775044069.csv
0xa6e8d2eee21a700cf917aec4f1879d782eaf5c064807536fb2e7b3d92d267eff,Success,Approve,78084593,2026-01-29 10:43:55,0xf2295226d0755e77205473da574055279961fd60,,0xb9801024dbfe754507af022ede0a9f481bb34444,,0 BNB,$0.00,2.41e-06,export-transaction-list-1788775044069.csv
0xe340485e3057ab31d5bc307624c4489993b2bcbaa0564d17c8c9e77ecbb586a8,Success,Proxy Buy,78084257,2026-01-29 10:41:24,0xf2295226d0755e77205473da574055279961fd60,,0x606aab244bf3cb5d4297ffe814029412ecf1a13a,,0.027770939 BNB,$20.64,6.83e-06,export-transaction-list-1788775044069.csv
0xe59673e393d828e21e9de7a2dc4b3c39a8ae1726772c6a48f55b5c75c723d2a4,Success,Swap,78083353,2026-01-29 10:34:36,0xf2295226d0755e77205473da574055279961fd60,,0x10ed43c718714eb63d5aa57b78b54704e256024e,PancakeSwap: Router v2,0 BNB,$0.00,6.1e-06,export-transaction-list-1788775044069.csv
0xd6f320a74a5f3220c6fda285194ec6d4ebfd3e0811935a5bb9cc96d79d161dc5,Success,Swap,78082217,2026-01-29 10:26:05,0xf2295226d0755e77205473da574055279961fd60,,0x10ed43c718714eb63d5aa57b78b54704e256024e,PancakeSwap: Router v2,0 BNB,$0.00,6.22e-06,export-transaction-list-1788775044069.csv
0xa513edc49137439cddf6fdbb602337daf918b6b62a1f196a2f326b40a18fb3f9,Success,Proxy Buy,78081864,2026-01-29 10:23:26,0xf2295226d0755e77205473da574055279961fd60,,0x606aab244bf3cb5d4297ffe814029412ecf1a13a,,0.019858516 BNB,$14.76,7.63e-06,export-transaction-list-1788775044069.csv
0x1fab548a058682cc81b9640f14f15017ae8e9053c7702827e8a02d1017e17cba,Success,Approve,78081618,2026-01-29 10:21:35,0xf2295226d0755e77205473da574055279961fd60,,0x7eb50977128c66825e9bdfd4a23ef81daca54444,,0 BNB,$0.00,2.38e-06,export-transaction-list-1788775044069.csv
0x2133e54c1c21b31d626b232a75936d7537ea836f0155fee8912016132ff9677f,Success,Approve,78079630,2026-01-29 10:06:41,0xf2295226d0755e77205473da574055279961fd60,,0x1cbd24626da967df484b866e570878479be34444,,0 BNB,$0.00,2.46e-06,export-transaction-list-1788775044069.csv
0x04a9dcec1d2e2a10dc1141cbd7eba88074ef4ea311cbf3e95e76cd7b35330c9d,Success,Proxy Buy,78077946,2026-01-29 09:54:03,0xf2295226d0755e77205473da574055279961fd60,,0x606aab244bf3cb5d4297ffe814029412ecf1a13a,,0.017819667 BNB,$13.24,7.04e-06,export-transaction-list-1788775044069.csv
0xb4dfc4385ef5d2412c8038bebad61b3e6ea51b543c8f2073e3e52b2f93a8bec7,Success,Approve,78076550,2026-01-29 09:43:33,0xf2295226d0755e77205473da574055279961fd60,,0xe9299d029069e767c009b51b3ba465db767d4444,,0 BNB,$0.00,2.42e-06,export-transaction-list-1788775044069.csv
0x570b70a83aa0d8d1d24d1b3dcf8617094971915581fc4ec491f86b81e1cfdedf,Success,Approve,78076132,2026-01-29 09:40:25,0xf2295226d0755e77205473da574055279961fd60,,0x5f88bdd71b405f33184521b5c60d0cd0514b4444,,0 BNB,$0.00,2.39e-06,export-transaction-list-1788775044069.csv
0x57b503cf9d2de5d5d064afc9f32e176be9b894ee01251264e0aa3db5792ed837,Success,Proxy Buy,78074524,2026-01-29 09:28:20,0xf2295226d0755e77205473da574055279961fd60,,0x606aab244bf3cb5d4297ffe814029412ecf1a13a,,0.023307683 BNB,$17.32,6.87e-06,export-transaction-list-1788775044069.csv
0xe6358cc5e97f21a351725dbda9f5d5438ec9bd1c0a5c2b03a4bfd4728703239a,Success,Swap,78073886,2026-01-29 09:23:33,0xf2295226d0755e77205473da574055279961fd60,,0x10ed43c718714eb63d5aa57b78b54704e256024e,PancakeSwap: Router v2,0 BNB,$0.00,6.06e-06,export-transaction-list-1788775044069.csv
0xf77be5d7659426111a099f80c01b44a930bed56a0a17a67dae7f8c8b8e8f6597,Success,Swap,78073781,2026-01-29 09:22:46,0xf2295226d0755e77205473da574055279961fd60,,0x10ed43c718714eb63d5aa57b78b54704e256024e,PancakeSwap: Router v2,0 BNB,$0.00,6.15e-06,export-transaction-list-1788775044069.csv
0x6a86e6b79173056859eb02b5a2b1e784938139f63cac393afffbea34be2bd414,Success,Proxy Buy,78073717,2026-01-29 09:22:17,0xf2295226d0755e77205473da574055279961fd60,,0x606aab244bf3cb5d4297ffe814029412ecf1a13a,,0.019603643 BNB,$14.57,7.68e-06,export-transaction-list-1788775044069.csv
0x6d82af9de0ce72c25ce49ea45d30acfeddf0d83a569d4b7e4b12db1daef68fab,Success,Approve,78073251,2026-01-29 09:18:47,0xf2295226d0755e77205473da574055279961fd60,,0x89a897a32e894118824da997bc4dbb5641ab4444,,0 BNB,$0.00,2.4e-06,export-transaction-list-1788775044069.csv
0x5ff423b70b2546aa8f5bf18707fccea2e49f88cb0861bb48b0c56da8ba14e04b,Success,Transfer,78073218,2026-01-29 09:18:32,0xf2295226d0755e77205473da574055279961fd60,,0xc0975223512e7aae99d88d0ddc0beca6aed51181,,0.005299896 BNB,$3.94,1.11e-06,export-transaction-list-1788775044069.csv
0x34af2b776b3ff7a7f5cc82927e707d31a5266d5b9355b744af541185230906e1,Success,Swap,78071610,2026-01-29 09:06:28,0xf2295226d0755e77205473da574055279961fd60,,0x10ed43c718714eb63d5aa57b78b54704e256024e,PancakeSwap: Router v2,0 BNB,$0.00,6.21e-06,export-transaction-list-1788775044069.csv
0xa59dab4dfea523e137a64f1566c6c44f1cfa72fce7ea1ee330d701d500e55938,Success,Swap,78071378,2026-01-29 09:04:44,0xf2295226d0755e77205473da574055279961fd60,,0x10ed43c718714eb63d5aa57b78b54704e256024e,PancakeSwap: Router v2,0 BNB,$0.00,6.09e-06,export-transaction-list-1788775044069.csv
0xaf8b27ccfdedd3b618df2c779037977550a28bfd39268bb744f6d49100ff8928,Success,Proxy Buy,78070495,2026-01-29 08:58:07,0xf2295226d0755e77205473da574055279961fd60,,0x606aab244bf3cb5d4297ffe814029412ecf1a13a,,0.018329359 BNB,$13.62,7.76e-06,export-transaction-list-1788775044069.csv
0x1c541f6b71a78a1724c4933746aa2844574a898e3831715ddfefcc71d9f9ac35,Success,Approve,78070127,2026-01-29 08:55:21,0xf2295226d0755e77205473da574055279961fd60,,0x38d1c43f1eefde7ba5f38aef4fefac44ae164444,,0 BNB,$0.00,2.43e-06,export-transaction-list-1788775044069.csv
0x9505c020b37f2d48f6a4aac4af5cceb665b0a1b06803a9e7b6202cc8589f2b09,Success,Approve,78067271,2026-01-29 08:33:55,0xf2295226d0755e77205473da574055279961fd60,,0x1bdce5af68b2f9f7db326b5da70e324708fd4444,,0 BNB,$0.00,2.41e-06,export-transaction-list-1788775044069.csv
0x13a4476f5257f9b64ee935ab54a5e41ba347ab47e33f968d023e1f65066d9000,Success,Approve,78065755,2026-01-29 08:22:33,0xf2295226d0755e77205473da574055279961fd60,,0x4eace358a975e4eba19d941ed59b41c1b5377777,,0 BNB,$0.00,2.38e-06,export-transaction-list-1788775044069.csv
0x5a82317f64a0bfd410382b8c33ff4d68b95c7d8a4e8ac72105f241e08ce9ba83,Success,Approve,78065633,2026-01-29 08:21:38,0xf2295226d0755e77205473da574055279961fd60,,0x4f897adbe21cb31bb4417e5bae1518c8ad738888,,0 BNB,$0.00,2.39e-06,export-transaction-list-1788775044069.csv
0xcf0af26eb0b2767480be0c5ffa131f46daf67b91206a5e199197feac7ffb2ad9,Success,Approve,78065254,2026-01-29 08:18:48,0xf2295226d0755e77205473da574055279961fd60,,0x90de357629c19b35e128da29a702cca9a8f28888,,0 BNB,$0.00,2.4e-06,export-transaction-list-1788775044069.csv
0xc58ca156c80548cec599b299c81aaa6a6b3bdc80d056d8647330c7f2a5f802fc,Success,Transfer,78065219,2026-01-29 08:18:32,0xf2295226d0755e77205473da574055279961fd60,,0x6542e5c5ff8ec78f043c7ed426a5186afaef4c5d,,0.001730108 BNB,$1.29,1.08e-06,export-transaction-list-1788775044069.csv
0x75f16fc61641458a19a44e2c2986a7d10e7ecc28b30a45d3c4dbeedc14d83957,Success,Swap,78064259,2026-01-29 08:11:19,0xf2295226d0755e77205473da574055279961fd60,,0x10ed43c718714eb63d5aa57b78b54704e256024e,PancakeSwap: Router v2,0 BNB,$0.00,6.09e-06,export-transaction-list-1788775044069.csv
0xee7f7c78969436efb68053c4cd1571bfca47816120a5d573af947e62e2b6fad7,Success,Swap,78064207,2026-01-29 08:10:56,0xf2295226d0755e77205473da574055279961fd60,,0x10ed43c718714eb63d5aa57b78b54704e256024e,PancakeSwap: Router v2,0 BNB,$0.00,6.22e-06,export-transaction-list-1788775044069.csv
0xa144b038f61105e4d44a4215b1720a3c2b6eb6304c5614b980941354f8aae608,Success,Proxy Buy,78063525,2026-01-29 08:05:49,0xf2295226d0755e77205473da574055279961fd60,,0x606aab244bf3cb5d4297ffe814029412ecf1a13a,,0.023426377 BNB,$17.41,7.57e-06,export-transaction-list-1788775044069.csv
0x284805de33228dd9415b0839d233e2436f8aa08f7d09954eb72a00cec17670c5,Success,Approve,78062405,2026-01-29 07:57:25,0xf2295226d0755e77205473da574055279961fd60,,0xb6d1471ee8a8f132362f781bc46a547eb29d8888,,0 BNB,$0.00,2.46e-06,export-transaction-list-1788775044069.csv
0x90aeec23e3b39eb8c8bc0692fce3235d649df19cfded7fa908b4e9743314b595,Success,Transfer,77530613,2026-01-26 13:22:08,0xf2295226d0755e77205473da574055279961fd60,,0x6542e5c5ff8ec78f043c7ed426a5186afaef4c5d,,0.006103475 BNB,$4.54,1.11e-06,export-transaction-list-1788775044069.csv
0xbc5e711c52d12bed6c5e2935b7bbb49c883a127278964dd47372d348e58edd09,Success,Approve,78203675,2026-01-30 01:37:08,0xf2295226d0755e77205473da574055279961fd60,,0x06a083bffa274365eaa5957d61ea5cdacb014444,,0 BNB,$0.00,2.44e-06,export-transaction-list-1788775032866.csv
0x2adf4fdafde4c72ba0d64554539b3ad4e61e89f75b6e54c987c2250249f1aea6,Success,Proxy Buy,78203588,2026-01-30 01:36:29,0xf2295226d0755e77205473da574055279961fd60,,0x606aab244bf3cb5d4297ffe814029412ecf1a13a,,0.020276094 BNB,$15.07,6.68e-06,export-transaction-list-1788775032866.csv
0x20c1acc17ff721d082bb668cd078888c82a4d0f92c08c187a72c95ac689bc528,Success,Swap,78202227,2026-01-30 01:26:17,0xf2295226d0755e77205473da574055279961fd60,,0x10ed43c718714eb63d5aa57b78b54704e256024e,PancakeSwap: Router v2,0 BNB,$0.00,6.25e-06,export-transaction-list-1788775032866.csv
0x35413f09d545020b48cdc94d35a64a50baeee340b883b1ab57bb8bbeeeb811ef,Success,Proxy Buy,78202180,2026-01-30 01:25:56,0xf2295226d0755e77205473da574055279961fd60,,0x606aab244bf3cb5d4297ffe814029412ecf1a13a,,0.017564812 BNB,$13.05,7.8e-06,export-transaction-list-1788775032866.csv
0xcdd38e45dcc954b8f29c2cada76ba7d0ee5889a15101835c3032810fde4e1a39,Success,Approve,78200899,2026-01-30 01:16:19,0xf2295226d0755e77205473da574055279961fd60,,0x2cab808db63aefed2f4cddae135134b676614444,,0 BNB,$0.00,2.42e-06,export-transaction-list-1788775032866.csv
0xc48d9894cabc1dd501ffc5b3d8ed70768cddb12404557b70113998592789872c,Success,Swap,78199138,2026-01-30 01:03:07,0xf2295226d0755e77205473da574055279961fd60,,0x10ed43c718714eb63d5aa57b78b54704e256024e,PancakeSwap: Router v2,0 BNB,$0.00,6.07e-06,export-transaction-list-1788775032866.csv
0xbf5efb98e8098429b13b35c5f7b8901c2f40317034cecdb86946fb56670a7064,Success,Proxy Buy,78198834,2026-01-30 01:00:50,0xf2295226d0755e77205473da574055279961fd60,,0x606aab244bf3cb5d4297ffe814029412ecf1a13a,,0.02368123 BNB,$17.60,7.8e-06,export-transaction-list-1788775032866.csv
0x92faefed31587701c306035bf62b00d1543f2d65b143c68997da8aa3f13cfb3f,Success,Approve,78197792,2026-01-30 00:53:01,0xf2295226d0755e77205473da574055279961fd60,,0xa03a3fc6b0bf4669561dd9ed7b15d343f4eb7777,,0 BNB,$0.00,2.46e-06,export-transaction-list-1788775032866.csv
0xa66308fecd525afd627234aaf655417795a71d1183418b7fc9f7e9313c0891d5,Success,Proxy Buy,78197570,2026-01-30 00:51:21,0xf2295226d0755e77205473da574055279961fd60,,0x606aab244bf3cb5d4297ffe814029412ecf1a13a,,0.021387622 BNB,$15.89,7.8e-06,export-transaction-list-1788775032866.csv
0xf278aec1725727054ce060496109f29fedc8a135b923d4f0c61f4e1602e059d8,Success,Approve,78195171,2026-01-30 00:33:22,0xf2295226d0755e77205473da574055279961fd60,,0x865d3f4c689b39392a78d709778ed1cf45a44444,,0 BNB,$0.00,2.39e-06,export-transaction-list-1788775032866.csv
0x0c14b0e31fc797240390fed255104b886e89293fabbdb430214a1496df9a6eb7,Success,Approve,78142941,2026-01-29 18:01:36,0xf2295226d0755e77205473da574055279961fd60,,0x7bb94038bd8cacf6595d5a3fa459a4b253364444,,0 BNB,$0.00,2.41e-06,export-transaction-list-1788775032866.csv
0x91865d271651ad3f1dade5def3175a2d53ce017d49c48b67931d26ac017716da,Success,Transfer,78142910,2026-01-29 18:01:22,0xf2295226d0755e77205473da574055279961fd60,,0x31d15657a581993c17b22e2bb5c7bcd7c087bbc0,,0.002892486 BNB,$2.15,1.07e-06,export-transaction-list-1788775032866.csv
0xf8b85d978ca09c814061607a9b3913b437b048ea29806f15d1a13e10bac2decc,Success,Swap,78142882,2026-01-29 18:01:10,0xf2295226d0755e77205473da574055279961fd60,,0x10ed43c718714eb63d5aa57b78b54704e256024e,PancakeSwap: Router v2,0 BNB,$0.00,6.22e-06,export-transaction-list-1788775032866.csv
0x844ebbba36ff75a1318d297f3bf0965fd10defe6352d287cb78ecf1989acb651,Success,Proxy Buy,78142407,2026-01-29 17:57:36,0xf2295226d0755e77205473da574055279961fd60,,0x606aab244bf3cb5d4297ffe814029412ecf1a13a,,0.02453052 BNB,$18.23,6.72e-06,export-transaction-list-1788775032866.csv
0x9d1b1ac8c241133e5cad358b03379db920029773c49366544f58bad3c76b487d,Success,Swap,78141666,2026-01-29 17:52:02,0xf2295226d0755e77205473da574055279961fd60,,0x10ed43c718714eb63d5aa57b78b54704e256024e,PancakeSwap: Router v2,0 BNB,$0.00,6.07e-06,export-transaction-list-1788775032866.csv
0x4edcbf46e6349dc6946ea7efd7fffab42bc11a824f9b0bd011eccafcc85c21e2,Success,Swap,78141499,2026-01-29 17:50:47,0xf2295226d0755e77205473da574055279961fd60,,0x10ed43c718714eb63d5aa57b78b54704e256024e,PancakeSwap: Router v2,0 BNB,$0.00,6.16e-06,export-transaction-list-1788775032866.csv
0x3f286141ee1dfe673030aa137e400f2c1fb947a075ae620ce042432a174d677a,Success,Swap,78141456,2026-01-29 17:50:28,0xf2295226d0755e77205473da574055279961fd60,,0x10ed43c718714eb63d5aa57b78b54704e256024e,PancakeSwap: Router v2,0 BNB,$0.00,6.21e-06,export-transaction-list-1788775032866.csv
0x7e06d687bf53649919d7996cc67702623ef1a154e9bdd28c4bd4182be163b9fa,Success,Proxy Buy,78141009,2026-01-29 17:47:07,0xf2295226d0755e77205473da574055279961fd60,,0x606aab244bf3cb5d4297ffe814029412ecf1a13a,,0.019682109 BNB,$14.63,6.69e-06,export-transaction-list-1788775032866.csv
0x3aaf626cce44759f1cedc8bd44def579543e10345f8a6e65294227dcf1e8fe58,Success,Swap,78140788,2026-01-29 17:45:27,0xf2295226d0755e77205473da574055279961fd60,,0x10ed43c718714eb63d5aa57b78b54704e256024e,PancakeSwap: Router v2,0 BNB,$0.00,6.16e-06,export-transaction-list-1788775032866.csv
0x878620e9a156ec6d29057940118e06de12bfb8c05f9ccab555bb42518bf38e26,Success,Proxy Buy,78140753,2026-01-29 17:45:11,0xf2295226d0755e77205473da574055279961fd60,,0x606aab244bf3cb5d4297ffe814029412ecf1a13a,,0.022407023 BNB,$16.65,7.59e-06,export-transaction-list-1788775032866.csv
0xade3699d3d8fd827130c05ab4890e4f6f02f6d71854b103c086f863374fd1f2e,Success,Approve,78140326,2026-01-29 17:41:59,0xf2295226d0755e77205473da574055279961fd60,,0x263bd4fa3f19fef61b3609e873ab29f2fd244444,,0 BNB,$0.00,2.4e-06,export-transaction-list-1788775032866.csv
0x5fe2dde3fb882e5787dd02164583e28185931fe895a16b47c0ab2c69297419ba,Success,Transfer,78140281,2026-01-29 17:41:39,0xf2295226d0755e77205473da574055279961fd60,,0xd28abe1f65d5b33d3a0a583ba888cca932363495,,0.000740466 BNB,$0.55,1.07e-06,export-transaction-list-1788775032866.csv
0x0d94cb4b23f6adae3b18f693c588bc3e950c1df35045e9f119729d82a7013160,Success,Swap,78139440,2026-01-29 17:35:20,0xf2295226d0755e77205473da574055279961fd60,,0x10ed43c718714eb63d5aa57b78b54704e256024e,PancakeSwap: Router v2,0 BNB,$0.00,6.15e-06,export-transaction-list-1788775032866.csv
0xdd43b1f85fc71f000a60ffaedbae1ee8b3eb457d6b553108a77d2b74af8ffa00,Success,Swap,78138596,2026-01-29 17:29:01,0xf2295226d0755e77205473da574055279961fd60,,0x10ed43c718714eb63d5aa57b78b54704e256024e,PancakeSwap: Router v2,0 BNB,$0.00,6.19e-06,export-transaction-list-1788775032866.csv
0x2c492fd68a88ef785cf7f802946c2620845a33491f888b84816081c426eeb621,Success,Swap,78138184,2026-01-29 17:25:55,0xf2295226d0755e77205473da574055279961fd60,,0x10ed43c718714eb63d5aa57b78b54704e256024e,PancakeSwap: Router v2,0 BNB,$0.00,6.11e-06,export-transaction-list-1788775032866.csv
0x7220229c28f2e738a19f7af43772c39c6553a45c31c0686758e4f17681e8e5db,Success,Proxy Buy,78138062,2026-01-29 17:25:00,0xf2295226d0755e77205473da574055279961fd60,,0x606aab244bf3cb5d4297ffe814029412ecf1a13a,,0.018584223 BNB,$13.81,7.81e-06,export-transaction-list-1788775032866.csv
0x8a2e6f4cdfa0bcad6fc7e11259ec3a47e0cf8637ef6919cd4cb463be1d07ea68,Success,Approve,78137562,2026-01-29 17:21:15,0xf2295226d0755e77205473da574055279961fd60,,0x41e64ca45dbb63d1906ba67ea39af083e93b7777,,0 BNB,$0.00,2.42e-06,export-transaction-list-1788775032866.csv
0xa6250e2c235b02eb1eb8b92d13541328923fcace4013df86ff1578f23efa4e8b,Success,Transfer,78137493,2026-01-29 17:20:44,0xf2295226d0755e77205473da574055279961fd60,,0xa63a05bfadc2f96ca79c9e17bc5944c636d93d7b,,0.002539723 BNB,$1.89,1.1e-06,export-transaction-list-1788775032866.csv
0xf207db0f59b352ffdcb51d25ca73e3e9d7a9674facd0d88834667b431ac3250d,Success,Swap,78136924,2026-01-29 17:16:28,0xf2295226d0755e77205473da574055279961fd60,,0x10ed43c718714eb63d5aa57b78b54704e256024e,PancakeSwap: Router v2,0 BNB,$0.00,6.05e-06,export-transaction-list-1788775032866.csv
0x4fa5e575ec7d765387dcba8e411e31fa03ea44c951d3ee4d0645791385a15234,Success,Swap,78135208,2026-01-29 17:03:36,0xf2295226d0755e77205473da574055279961fd60,,0x10ed43c718714eb63d5aa57b78b54704e256024e,PancakeSwap: Router v2,0 BNB,$0.00,6.2e-06,export-transaction-list-1788775032866.csv
0x8a447019c83075af141d0ba8765800c2335ba68abed459e44fa561d81a27bf05,Success,Proxy Buy,78135077,2026-01-29 17:02:37,0xf2295226d0755e77205473da574055279961fd60,,0x606aab244bf3cb5d4297ffe814029412ecf1a13a,,0.017055118 BNB,$12.67,7.64e-06,export-transaction-list-1788775032866.csv
0xffa7263589314c168c8c75191e9f06a75ccd3807027794a13df2df47beae999b,Success,Approve,78134560,2026-01-29 16:58:44,0xf2295226d0755e77205473da574055279961fd60,,0xab1742b3bab2ba1650b09aca0aa4b32360297777,,0 BNB,$0.00,2.4e-06,export-transaction-list-1788775032866.csv
0xfbeb4f6791adbe06fd04e96410de24124e8f6fc3d0070162f6fb0511ef36f36f,Success,Transfer,78134522,2026-01-29 16:58:27,0xf2295226d0755e77205473da574055279961fd60,,0xa28a9ab7114dad810a6194c60baf6f482c26e35c,,0.003417713 BNB,$2.54,1.11e-06,export-transaction-list-1788775032866.csv
0xf4a9cfd668b03e2e6bd637dc9cf11a14dddaa04fae7f3e8d23cc7d2002ee71b4,Success,Swap,78133453,2026-01-29 16:50:26,0xf2295226d0755e77205473da574055279961fd60,,0x10ed43c718714eb63d5aa57b78b54704e256024e,PancakeSwap: Router v2,0 BNB,$0.00,6.2e-06,export-transaction-list-1788775032866.csv
0x19a0dd10e20f87e03f1f1f010bdcc207fd2f0be706bb4c3cecbd88390d75586e,Success,Proxy Buy,78133281,2026-01-29 16:49:09,0xf2295226d0755e77205473da574055279961fd60,,0x606aab244bf3cb5d4297ffe814029412ecf1a13a,,0.020542632 BNB,$15.27,6.79e-06,export-transaction-list-1788775032866.csv
0x51f70e87ac968967fadef490bc80244d13d365294fefd638ec4e3a1aff033dcd,Success,Swap,78132112,2026-01-29 16:40:23,0xf2295226d0755e77205473da574055279961fd60,,0x10ed43c718714eb63d5aa57b78b54704e256024e,PancakeSwap: Router v2,0 BNB,$0.00,6.16e-06,export-transaction-list-1788775032866.csv
0x3279a32043a7d9770da34cdc56863f1f2d07a0fcb1dc23e6610aca8502b9c7b2,Success,Proxy Buy,78132068,2026-01-29 16:40:03,0xf2295226d0755e77205473da574055279961fd60,,0x606aab244bf3cb5d4297ffe814029412ecf1a13a,,0.018839067 BNB,$14.00,7.75e-06,export-transaction-list-1788775032866.csv
0xb962e0029cb17e480316d2298c60e9934784c9dff911590a774812437435308b,Success,Approve,78131822,2026-01-29 16:38:12,0xf2295226d0755e77205473da574055279961fd60,,0x01a80c1bc97d4e06f935c0cc073a9675549c8888,,0 BNB,$0.00,2.43e-06,export-transaction-list-1788775032866.csv
0xd0c675600197957a7715bf9a97f75171d3efb86056218caac7c4d2c99b1eddbd,Success,Approve,78131654,2026-01-29 16:36:57,0xf2295226d0755e77205473da574055279961fd60,,0x636bcf331985728e783a74e53d6bfe00703a7777,,0 BNB,$0.00,2.41e-06,export-transaction-list-1788775032866.csv
0x995d6e0bbe029d168ea1f5f08a9057f8d99e0a385b62260b3a9d74b38951cd7d,Success,Approve,78131271,2026-01-29 16:34:04,0xf2295226d0755e77205473da574055279961fd60,,0x9462912c7ff95212ca0e162a33ebb58ceb0d7777,,0 BNB,$0.00,2.44e-06,export-transaction-list-1788775032866.csv
0x8bb748846d97a3bcd2e1e77596f5251aa37aa14c39e86fadd16a9228aa70da6e,Success,Approve,78130853,2026-01-29 16:30:56,0xf2295226d0755e77205473da574055279961fd60,,0x88fa7491ddcebd82e561b2c67e6a314a42d74444,,0 BNB,$0.00,2.43e-06,export-transaction-list-1788775032866.csv
0x8e999c1c0f4b67d83796e5921497cb0b7b33877b63092e441f9aabdcc95cfeda,Success,Proxy Buy,78130165,2026-01-29 16:25:47,0xf2295226d0755e77205473da574055279961fd60,,0x606aab244bf3cb5d4297ffe814029412ecf1a13a,,0.019093923 BNB,$14.19,7.77e-06,export-transaction-list-1788775032866.csv
0x884d690a7f2138665aa41f745692e374ff3b6aa12695cc027c5b75de129d7010,Success,Approve,78128207,2026-01-29 16:11:06,0xf2295226d0755e77205473da574055279961fd60,,0xc4799e128feb492ff491b2cecc24615c9c934444,,0 BNB,$0.00,2.42e-06,export-transaction-list-1788775032866.csv
0xdafda8cc06524bbcdda9347442a2571b286c11df40b69ed96742a0e40901299a,Success,Proxy Buy,78128088,2026-01-29 16:10:12,0xf2295226d0755e77205473da574055279961fd60,,0x606aab244bf3cb5d4297ffe814029412ecf1a13a,,0.022406968 BNB,$16.65,7.77e-06,export-transaction-list-1788775032866.csv
0xb401742ae3c955e74b1740defc49a8177bad8ceca81a92ce4d1d4ec4c32e47d5,Success,Approve,78127838,2026-01-29 16:08:20,0xf2295226d0755e77205473da574055279961fd60,,0xabbc9e938ce48ad41ac43451c2cf192913b97777,,0 BNB,$0.00,2.46e-06,export-transaction-list-1788775032866.csv
0x767cd8f01ea20c43e39915fb4bb1331f7fcfea2fe3ee4aeae6fe9a62854a60cf,Success,Proxy Buy,78125937,2026-01-29 15:54:04,0xf2295226d0755e77205473da574055279961fd60,,0x606aab244bf3cb5d4297ffe814029412ecf1a13a,,0.022661886 BNB,$16.84,7.56e-06,export-transaction-list-1788775032866.csv
0x00be4e27369ae2a8b6ce4866994de5ff5b3c409bd71d226e18ed1c03e9ad9dc0,Success,Approve,78125114,2026-01-29 15:47:54,0xf2295226d0755e77205473da574055279961fd60,,0xa5b81e3612080b4e052d07f51a0e59af4df07777,,0 BNB,$0.00,2.39e-06,export-transaction-list-1788775032866.csv
0x2a967e53b11e546c2076221b1e5cf8b07d0342ab2967e4f244eef29e18e212a8,Success,Swap,78124142,2026-01-29 15:40:36,0xf2295226d0755e77205473da574055279961fd60,,0x10ed43c718714eb63d5aa57b78b54704e256024e,PancakeSwap: Router v2,0 BNB,$0.00,6.24e-06,export-transaction-list-1788775032866.csv
0x9196d5973b20c67ffb95928f788b63a030581bfc5606ea563ec941382fa65cd3,Success,Proxy Buy,78124098,2026-01-29 15:40:17,0xf2295226d0755e77205473da574055279961fd60,,0x606aab244bf3cb5d4297ffe814029412ecf1a13a,,0.017819675 BNB,$13.24,7.64e-06,export-transaction-list-1788775032866.csv
0x01ba4ad063a1af9282a0414f15082f785edc10831e90e376a16eb4b915ed917a,Success,Approve,78123085,2026-01-29 15:32:41,0xf2295226d0755e77205473da574055279961fd60,,0xf55a0fd99dd06f3f01bc0d7dbda4d5ca491d7777,,0 BNB,$0.00,2.4e-06,export-transaction-list-1788775032866.csv
0x88a25c5d259e4361820e2e664e5220b1422b576a126d5523e6650c8af21eaaee,Success,Transfer,78246525,2026-01-30 06:58:35,0xf2295226d0755e77205473da574055279961fd60,,0xd37322b325f9603ffe5e4e962d22f55480b63e52,,0.000338708 BNB,$0.25,1.08e-06,export-transaction-list-1788775018275.csv
0x6f940afda1b5892c52b91e604aa601aa1d19055299a460b0dce69b3f54f65dd0,Success,Swap,78246473,2026-01-30 06:58:11,0xf2295226d0755e77205473da574055279961fd60,,0x10ed43c718714eb63d5aa57b78b54704e256024e,PancakeSwap: Router v2,0 BNB,$0.00,5.53e-06,export-transaction-list-1788775018275.csv
0xe412ef672c38c687e1d27b4438880481b88c963e3860a090714f6742891d96da,Success,Proxy Buy,78246081,2026-01-30 06:55:15,0xf2295226d0755e77205473da574055279961fd60,,0x606aab244bf3cb5d4297ffe814029412ecf1a13a,,0.021864554 BNB,$16.24,6.76e-06,export-transaction-list-1788775018275.csv
0x3e9b907dd21653c2f9915d803e868836e645c6e6189d69328c0c8fb911c93d96,Success,Swap,78245698,2026-01-30 06:52:23,0xf2295226d0755e77205473da574055279961fd60,,0x10ed43c718714eb63d5aa57b78b54704e256024e,PancakeSwap: Router v2,0 BNB,$0.00,6.19e-06,export-transaction-list-1788775018275.csv
0x0df3cbbf50dfb209fa117097768dd3c6343e67dca843f0988c6bd9b999862b23,Success,Proxy Buy,78245430,2026-01-30 06:50:22,0xf2295226d0755e77205473da574055279961fd60,,0x606aab244bf3cb5d4297ffe814029412ecf1a13a,,0.018329369 BNB,$13.62,7.1e-06,export-transaction-list-1788775018275.csv
0x2993ad15c38d5ad3fc8a8263fc58fd05a1e468089007d3a91b18b47e60dd2532,Success,Approve,78243511,2026-01-30 06:35:58,0xf2295226d0755e77205473da574055279961fd60,,0x68603983a6f3db1dc65e514932719e1d1fc64444,,0 BNB,$0.00,2.42e-06,export-transaction-list-1788775018275.csv
0x72d55363a6ed365ff6902a2e3aca474e82f05828b22af44e42c00b963585d129,Success,Proxy Buy,78243310,2026-01-30 06:34:28,0xf2295226d0755e77205473da574055279961fd60,,0x606aab244bf3cb5d4297ffe814029412ecf1a13a,,0.020994801 BNB,$15.60,6.86e-06,export-transaction-list-1788775018275.csv
0x96c8512e00d27d876d04d5916c71fdab4c301140441aca906f409de6a69e61b9,Success,Swap,78241165,2026-01-30 06:18:23,0xf2295226d0755e77205473da574055279961fd60,,0x10ed43c718714eb63d5aa57b78b54704e256024e,PancakeSwap: Router v2,0 BNB,$0.00,6.06e-06,export-transaction-list-1788775018275.csv
0x4fdfc52ae4d367c84ba74fd5ffaf4e9cab6e6ad3c510d35fe63eeba7be4a21a8,Success,Proxy Buy,78241158,2026-01-30 06:18:20,0xf2295226d0755e77205473da574055279961fd60,,0x606aab244bf3cb5d4297ffe814029412ecf1a13a,,0.02036816 BNB,$15.13,7.62e-06,export-transaction-list-1788775018275.csv
0xe10dc81ffdda2c8406a773b8da1bf42d59c87741852eca7f62e8994215b31eb2,Success,Approve,78240587,2026-01-30 06:14:03,0xf2295226d0755e77205473da574055279961fd60,,0xcdd085ef8618ab67e66a22cc3fcc01d34bc04444,,0 BNB,$0.00,2.45e-06,export-transaction-list-1788775018275.csv
0x37e3144a003abef6ffa9e9fe3cbadb9a02833799a79c44800d7020c225a60465,Success,Swap,78240458,2026-01-30 06:13:05,0xf2295226d0755e77205473da574055279961fd60,,0x10ed43c718714eb63d5aa57b78b54704e256024e,PancakeSwap: Router v2,0 BNB,$0.00,6.25e-06,export-transaction-list-1788775018275.csv
0x9e342fd58d3d68bf667fe0973ea9cb22220e2fd17a8e10df98613dc166efaf4c,Success,Proxy Buy,78239053,2026-01-30 06:02:32,0xf2295226d0755e77205473da574055279961fd60,,0x606aab244bf3cb5d4297ffe814029412ecf1a13a,,0.024190973 BNB,$17.97,7.83e-06,export-transaction-list-1788775018275.csv
0x3dd1d4c10689381061af3ac666ac6743a229b0d37fdf156bfc6ebc7361baf26d,Success,Approve,78237887,2026-01-30 05:53:48,0xf2295226d0755e77205473da574055279961fd60,,0xe6e8d1c072d2b8ab55f133c4cb15a438135a4444,,0 BNB,$0.00,2.42e-06,export-transaction-list-1788775018275.csv
0x6637ad2f175171e9a6fb25779aebe5f39c739ec78d66c9e43c43eeed98644d72,Success,Transfer,78237849,2026-01-30 05:53:31,0xf2295226d0755e77205473da574055279961fd60,,0xe01a3d6ec4cfa24f2d69c223a2ad671bec6950cc,,0.002051521 BNB,$1.52,1.09e-06,export-transaction-list-1788775018275.csv
0x54ea7650f0c44970bf4ef2480da566f5e15ccf317b7578c16d4846c81252b5c3,Success,Swap,78237743,2026-01-30 05:52:43,0xf2295226d0755e77205473da574055279961fd60,,0x10ed43c718714eb63d5aa57b78b54704e256024e,PancakeSwap: Router v2,0 BNB,$0.00,6.03e-06,export-transaction-list-1788775018275.csv
0xefc33c21358b0f98ce76ba6f614a2a9430224829722399fc46f2e05e608dab14,Success,Swap,78237090,2026-01-30 05:47:49,0xf2295226d0755e77205473da574055279961fd60,,0x10ed43c718714eb63d5aa57b78b54704e256024e,PancakeSwap: Router v2,0 BNB,$0.00,5.56e-06,export-transaction-list-1788775018275.csv
0xd9b05adc47b2e5f3ada328415118904909d6b5d0acb1d53ffd728568ee89326e,Success,Proxy Buy,78236632,2026-01-30 05:44:23,0xf2295226d0755e77205473da574055279961fd60,,0x606aab244bf3cb5d4297ffe814029412ecf1a13a,,0.02393616 BNB,$17.78,7.74e-06,export-transaction-list-1788775018275.csv
0x7f60dcd9c7932ba50c1be1149f0dc56ad4918a7ab46a83fb53336f6f110ff485,Success,Approve,78235225,2026-01-30 05:33:50,0xf2295226d0755e77205473da574055279961fd60,,0x6a3ec1b586ca37edcccef58b9318b0606a037777,,0 BNB,$0.00,2.38e-06,export-transaction-list-1788775018275.csv
0x17f1a80c0548e95ebd50a562a0ee3ef1242c3fe67c9f1574c10df0e9c4b55800,Success,Proxy Buy,78234897,2026-01-30 05:31:22,0xf2295226d0755e77205473da574055279961fd60,,0x606aab244bf3cb5d4297ffe814029412ecf1a13a,,0.021886436 BNB,$16.26,6.69e-06,export-transaction-list-1788775018275.csv
0x5169864c1c2c67d1a32bfcf2829f0c7efa713ad8b1ef05e4628b8127da80c313,Success,Swap,78234752,2026-01-30 05:30:17,0xf2295226d0755e77205473da574055279961fd60,,0x10ed43c718714eb63d5aa57b78b54704e256024e,PancakeSwap: Router v2,0 BNB,$0.00,6.04e-06,export-transaction-list-1788775018275.csv
0xe412bdd083b028a6102d5d566705e1d6a2a3c9766375cd024f0fbfbefbc52260,Success,Proxy Buy,78233512,2026-01-30 05:20:59,0xf2295226d0755e77205473da574055279961fd60,,0x606aab244bf3cb5d4297ffe814029412ecf1a13a,,0.021132768 BNB,$15.70,7.57e-06,export-transaction-list-1788775018275.csv
0x165951e3c8dfcb4d7289a9522be3b9bcd856d1f692fb38c38d04871815d50bb9,Success,Approve,78232291,2026-01-30 05:11:49,0xf2295226d0755e77205473da574055279961fd60,,0xf7f3fde442a0666e77168522989eb308fb8f8888,,0 BNB,$0.00,2.39e-06,export-transaction-list-1788775018275.csv
0x514fa1593fecdc2dcdd2b064fe31f29293c6fcc4ff68e6a669087396202a4d27,Success,Approve,78229466,2026-01-30 04:50:37,0xf2295226d0755e77205473da574055279961fd60,,0xe5affba4eee42c55e90226abe790bbd3223c4444,,0 BNB,$0.00,2.46e-06,export-transaction-list-1788775018275.csv
0xe27a1e5ab05cbc25aa76666ac444ca65a7f3491cd62d9a7ec9ecc845041f8584,Success,Proxy Buy,78227904,2026-01-30 04:38:54,0xf2295226d0755e77205473da574055279961fd60,,0x606aab244bf3cb5d4297ffe814029412ecf1a13a,,0.017024402 BNB,$12.65,6.89e-06,export-transaction-list-1788775018275.csv
0xc90880bcb6ce5a73eec0831ee6fe543cb3904a1b7ca5e3afea2bcabfa9b9809f,Success,Swap,78227842,2026-01-30 04:38:27,0xf2295226d0755e77205473da574055279961fd60,,0x10ed43c718714eb63d5aa57b78b54704e256024e,PancakeSwap: Router v2,0 BNB,$0.00,6.07e-06,export-transaction-list-1788775018275.csv
0x4a4665172ba2a0eaabacc5e28044c721104810291f12d59da1628749d0f65e27,Success,Proxy Buy,78227444,2026-01-30 04:35:27,0xf2295226d0755e77205473da574055279961fd60,,0x606aab244bf3cb5d4297ffe814029412ecf1a13a,,0.02101636 BNB,$15.61,6.81e-06,export-transaction-list-1788775018275.csv
0x7dea4740f99753bef8713f821d73f579ac49426e6b6860b7aa5e3826b8ec4db4,Success,Swap,78227121,2026-01-30 04:33:02,0xf2295226d0755e77205473da574055279961fd60,,0x10ed43c718714eb63d5aa57b78b54704e256024e,PancakeSwap: Router v2,0 BNB,$0.00,6.1e-06,export-transaction-list-1788775018275.csv
0x5b489be625bcda41c21da3460343085ad9c510ad6748a991b58c7a71a3f9646d,Success,Swap,78227111,2026-01-30 04:32:58,0xf2295226d0755e77205473da574055279961fd60,,0x10ed43c718714eb63d5aa57b78b54704e256024e,PancakeSwap: Router v2,0 BNB,$0.00,6.21e-06,export-transaction-list-1788775018275.csv
0x0d8dcd589464c406b41b27405c82fab72d894127729522043071c26247e3195c,Success,Proxy Buy,78227049,2026-01-30 04:32:30,0xf2295226d0755e77205473da574055279961fd60,,0x606aab244bf3cb5d4297ffe814029412ecf1a13a,,0.021642423 BNB,$16.08,7.61e-06,export-transaction-list-1788775018275.csv
0x9dbfc7ef59cfdc56623529b00a55f29dd75b9631c63917c7ef8464490c65f7d2,Success,Approve,78226664,2026-01-30 04:29:36,0xf2295226d0755e77205473da574055279961fd60,,0x45450c67655f59c207914d3469838a52d3297777,,0 BNB,$0.00,2.45e-06,export-transaction-list-1788775018275.csv
0x5edd75798ad959365e5e4f4a40b4d682edd03ee3cbc43460671dc7fc691ab9aa,Success,Proxy Buy,78226205,2026-01-30 04:26:10,0xf2295226d0755e77205473da574055279961fd60,,0x606aab244bf3cb5d4297ffe814029412ecf1a13a,,0.028631052 BNB,$21.27,6.86e-06,export-transaction-list-1788775018275.csv
0xd8ea80952eddb052275488f5cb639a923f459ece16e96cca53397beab739d591,Success,Swap,78226045,2026-01-30 04:24:58,0xf2295226d0755e77205473da574055279961fd60,,0x10ed43c718714eb63d5aa57b78b54704e256024e,PancakeSwap: Router v2,0 BNB,$0.00,6.07e-06,export-transaction-list-1788775018275.csv
0x656fb420797b50f30b50f9cbc8c4c350ca932b2791611e3d365b69a35d177d10,Success,Proxy Buy,78225238,2026-01-30 04:18:55,0xf2295226d0755e77205473da574055279961fd60,,0x606aab244bf3cb5d4297ffe814029412ecf1a13a,,0.021047274 BNB,$15.64,6.88e-06,export-transaction-list-1788775018275.csv
0x8dba43e89d2eaba2f17b84de440e969da13c4e3a0103fc0db8dfc784f4089455,Success,Swap,78224201,2026-01-30 04:11:08,0xf2295226d0755e77205473da574055279961fd60,,0x10ed43c718714eb63d5aa57b78b54704e256024e,PancakeSwap: Router v2,0 BNB,$0.00,6.11e-06,export-transaction-list-1788775018275.csv
0x675852794b99fc9a605620b68e2a170ee353bef3fcb35f196218a221fea4bd10,Success,Proxy Buy,78224052,2026-01-30 04:10:01,0xf2295226d0755e77205473da574055279961fd60,,0x606aab244bf3cb5d4297ffe814029412ecf1a13a,,0.023426454 BNB,$17.40,7.81e-06,export-transaction-list-1788775018275.csv
0xa0fac4976dd8b8b9afbadb6d475514498c8c8a0d6a9c61d960817640da4580bc,Success,Approve,78223868,2026-01-30 04:08:38,0xf2295226d0755e77205473da574055279961fd60,,0x8796a7da321f00cf2a5698f80b916486fdaf7777,,0 BNB,$0.00,2.38e-06,export-transaction-list-1788775018275.csv
0x36c739a2525a595edbe65b2f30f8bde35cad2270d9afa344bdb40402f148c69b,Success,Approve,78221016,2026-01-30 03:47:15,0xf2295226d0755e77205473da574055279961fd60,,0x78d5d698724e80003c9a352bfb4a9ec731607777,,0 BNB,$0.00,2.42e-06,export-transaction-list-1788775018275.csv
0x3a9cfeaf2020bb503a66e9ed374663459a2eca884a4a0b9ad032be084f95e6cc,Success,Proxy Buy,78220031,2026-01-30 03:39:52,0xf2295226d0755e77205473da574055279961fd60,,0x606aab244bf3cb5d4297ffe814029412ecf1a13a,,0.023171524 BNB,$17.22,7.75e-06,export-transaction-list-1788775018275.csv
0xb323e7c432784882b96eb0fab124eabe235dd56b9f8f5bf5923cac11b095f512,Success,Approve,78217949,2026-01-30 03:24:15,0xf2295226d0755e77205473da574055279961fd60,,0x332ba465a7594b904c33a70fb3e88b0713037777,,0 BNB,$0.00,2.46e-06,export-transaction-list-1788775018275.csv
0xdd71f7ab2669b3e21226c611b836a0f921c1f9d2fc1b3c6cfc2c304919ba3567,Success,Proxy Buy,78217453,2026-01-30 03:20:31,0xf2295226d0755e77205473da574055279961fd60,,0x606aab244bf3cb5d4297ffe814029412ecf1a13a,,0.019622336 BNB,$14.58,6.84e-06,export-transaction-list-1788775018275.csv
0x9c4f05b559ce5b4661155f054d69dbff88390ad33e75bdabdb2a41327ffdc973,Success,Swap,78216276,2026-01-30 03:11:42,0xf2295226d0755e77205473da574055279961fd60,,0x10ed43c718714eb63d5aa57b78b54704e256024e,PancakeSwap: Router v2,0 BNB,$0.00,6.11e-06,export-transaction-list-1788775018275.csv
0x290a4b3c32b8e1cd8a4193c8ca775cfcb7176ca8c19e68c3613a74d495d42373,Success,Proxy Buy,78215804,2026-01-30 03:08:09,0xf2295226d0755e77205473da574055279961fd60,,0x606aab244bf3cb5d4297ffe814029412ecf1a13a,,0.021897301 BNB,$16.27,7.06e-06,export-transaction-list-1788775018275.csv
0x7b6047bd78c175dc338324ae949bd4caaee8dd92026d32b782e5793a8e9941c2,Success,Approve,78215309,2026-01-30 03:04:26,0xf2295226d0755e77205473da574055279961fd60,,0x37a83e330209f619e10444d0775e21d6f9164444,,0 BNB,$0.00,2.42e-06,export-transaction-list-1788775018275.csv
0x8cd5ccff7fb70d0ff3867cb456abcec9498ebf0c047bf66c48f519523b6c063f,Success,Approve,78212422,2026-01-30 02:42:47,0xf2295226d0755e77205473da574055279961fd60,,0xe471c957852d9fe423369f37891a9106eac04444,,0 BNB,$0.00,2.43e-06,export-transaction-list-1788775018275.csv
0x557339476fa2561f8aba558eb0609ef6569dbfb11e554de7787aad0fef5ab9da,Success,Swap,78211947,2026-01-30 02:39:13,0xf2295226d0755e77205473da574055279961fd60,,0x10ed43c718714eb63d5aa57b78b54704e256024e,PancakeSwap: Router v2,0 BNB,$0.00,6.1e-06,export-transaction-list-1788775018275.csv
0xe8ff26ff6c7a027a491b35db75cbd8fe5a9178543907c4ee789baf4e62b89471,Success,Proxy Buy,78211377,2026-01-30 02:34:56,0xf2295226d0755e77205473da574055279961fd60,,0x606aab244bf3cb5d4297ffe814029412ecf1a13a,,0.021642431 BNB,$16.08,7.56e-06,export-transaction-list-1788775018275.csv
0x63ba228d880fa6600faa8cd837cf1a737cf143aa86e18a2e3a0bfc5d88222ae7,Success,Approve,78209430,2026-01-30 02:20:19,0xf2295226d0755e77205473da574055279961fd60,,0xae7d891c59b96de03ff2f94a8b55c0f6a9557777,,0 BNB,$0.00,2.44e-06,export-transaction-list-1788775018275.csv
0x9e8a714c903c71ce119963590efd689cd9c1e8f1706842cd6706fc96b62c4634,Success,Approve,78209277,2026-01-30 02:19:11,0xf2295226d0755e77205473da574055279961fd60,,0xe35c10575f5f9b49354b84fd11f8ab1608d57777,,0 BNB,$0.00,2.42e-06,export-transaction-list-1788775018275.csv
0xa6cda019c36628f221ecc492b654c30522c5c17c1ffbd72e01b6591b350b788f,Success,Approve,78206506,2026-01-30 01:58:22,0xf2295226d0755e77205473da574055279961fd60,,0xf40517a3090dabe0dbeb696ba5e70b2438d17777,,0 BNB,$0.00,2.44e-06,export-transaction-list-1788775018275.csv
0x64eaa94a6e63408262c82e9be69d3e0fc39612fdf9872216dcb25c75f3950e90,Success,Proxy Buy,78206411,2026-01-30 01:57:40,0xf2295226d0755e77205473da574055279961fd60,,0x606aab244bf3cb5d4297ffe814029412ecf1a13a,,0.020113316 BNB,$14.94,7.55e-06,export-transaction-list-1788775018275.csv
0x59dc498ebfe425b28e42a27ad090d0890c76b9f6a54e3c412727277a9d770f04,Success,Approve,78284804,2026-01-30 11:45:45,0xf2295226d0755e77205473da574055279961fd60,,0x00e5a5f3c425e566015d2220bfc54be2b4ab7777,,0 BNB,$0.00,2.41e-06,export-transaction-list-1788775006575.csv
0x2185e20960f8294b083b2b83cafce87591905e29cd7b26dc8ffa2dacb7484522,Success,Swap,78284557,2026-01-30 11:43:53,0xf2295226d0755e77205473da574055279961fd60,,0x10ed43c718714eb63d5aa57b78b54704e256024e,PancakeSwap: Router v2,0 BNB,$0.00,6.02e-06,export-transaction-list-1788775006575.csv
0xff92897eea0c5407a5b113778cb2512e315b08b47083cdcdc0e193a96b19159f,Success,Proxy Buy,78284293,2026-01-30 11:41:55,0xf2295226d0755e77205473da574055279961fd60,,0x606aab244bf3cb5d4297ffe814029412ecf1a13a,,0.024767926 BNB,$18.40,6.76e-06,export-transaction-list-1788775006575.csv
0xb8f8fd244e957e66338a7b90b55879770d9e98f604e2671b16d5fe46ae642b54,Success,Swap,78284280,2026-01-30 11:41:49,0xf2295226d0755e77205473da574055279961fd60,,0x10ed43c718714eb63d5aa57b78b54704e256024e,PancakeSwap: Router v2,0 BNB,$0.00,6.15e-06,export-transaction-list-1788775006575.csv
0x91514b60702bfd1caa9fda6fe0396e9359c14188de00e428ed8b4c43a1d84a14,Success,Swap,78284192,2026-01-30 11:41:09,0xf2295226d0755e77205473da574055279961fd60,,0x10ed43c718714eb63d5aa57b78b54704e256024e,PancakeSwap: Router v2,0 BNB,$0.00,6.04e-06,export-transaction-list-1788775006575.csv
0xdd0337c6c80faf109841ca12122a3148967c7debe2da3aebdb5dda38de80e8f5,Success,Swap,78283985,2026-01-30 11:39:36,0xf2295226d0755e77205473da574055279961fd60,,0x10ed43c718714eb63d5aa57b78b54704e256024e,PancakeSwap: Router v2,0 BNB,$0.00,6.08e-06,export-transaction-list-1788775006575.csv
0x6b7d0d4164afb035d1ea9aa313d59fc6a5c7034bc7c4b367b870be06ae76cd0f,Success,Proxy Buy,78283832,2026-01-30 11:38:27,0xf2295226d0755e77205473da574055279961fd60,,0x606aab244bf3cb5d4297ffe814029412ecf1a13a,,0.018074501 BNB,$13.43,7.72e-06,export-transaction-list-1788775006575.csv
0xc657be5cf68b0bd23477ca510d847bd14c92ec53c86c7886a92fdb7ed7e44d82,Success,Approve,78282000,2026-01-30 11:24:43,0xf2295226d0755e77205473da574055279961fd60,,0xbe42ca612beb112670f530e7bd558da8b91a7777,,0 BNB,$0.00,2.44e-06,export-transaction-list-1788775006575.csv
0x0cf02654729edc95c8fc1223e66cbb0b1947e43f1628d20bf34318009a21b0cc,Success,Approve,78279115,2026-01-30 11:03:04,0xf2295226d0755e77205473da574055279961fd60,,0xf7737bb5612a5e01c1c207ee7e3b6a5c1d1e7777,,0 BNB,$0.00,2.37e-06,export-transaction-list-1788775006575.csv
0x9eacd4e24a16a2911c5a4583cb2742481a62484ab0a83005b79e597aa304a4da,Success,Swap,78279029,2026-01-30 11:02:26,0xf2295226d0755e77205473da574055279961fd60,,0x10ed43c718714eb63d5aa57b78b54704e256024e,PancakeSwap: Router v2,0 BNB,$0.00,6.08e-06,export-transaction-list-1788775006575.csv
0xeb07f78aeacab8698321e7f8f9ccd05601a407108b40b8fce1924533854bd860,Success,Proxy Buy,78278498,2026-01-30 10:58:27,0xf2295226d0755e77205473da574055279961fd60,,0x606aab244bf3cb5d4297ffe814029412ecf1a13a,,0.020877906 BNB,$15.51,7.74e-06,export-transaction-list-1788775006575.csv
0x99fbe39729f0e7289a7aed5fb534929cea7994f74ce88b42e69a6ebfc92c40ef,Success,Approve,78276449,2026-01-30 10:43:05,0xf2295226d0755e77205473da574055279961fd60,,0x2b8dbe961a2309f67696363dc08705a7e63a8888,,0 BNB,$0.00,2.4e-06,export-transaction-list-1788775006575.csv
0xd8f3d001344ad5c6788f52d76417e297c076bfc7dc204720062e149a294a0b2e,Success,Approve,78276345,2026-01-30 10:42:18,0xf2295226d0755e77205473da574055279961fd60,,0x02fb1d8ff67185d1beef10b7517436abe5478888,,0 BNB,$0.00,2.42e-06,export-transaction-list-1788775006575.csv
0xa81b7c15958611533922d33c8b2b04fba0caf18f1465dec40354d506f4bb6f50,Success,Approve,78274785,2026-01-30 10:30:36,0xf2295226d0755e77205473da574055279961fd60,,0xe631edaf85ca13079396738ba6468de9d5187777,,0 BNB,$0.00,2.46e-06,export-transaction-list-1788775006575.csv
0x9998285a46783e4a623924d694075a0297884c2dc8692b540ed6f410a3eabcae,Success,Transfer,78274753,2026-01-30 10:30:22,0xf2295226d0755e77205473da574055279961fd60,,0x4e9a41f3302266062449f573e7491e2c44e31686,,0.005113505 BNB,$3.80,1.09e-06,export-transaction-list-1788775006575.csv
0x066573d5a02fd141f9670bc87abb422f94ba1f91d6e07f27eb4c400d97833397,Success,Swap,78274561,2026-01-30 10:28:55,0xf2295226d0755e77205473da574055279961fd60,,0x10ed43c718714eb63d5aa57b78b54704e256024e,PancakeSwap: Router v2,0 BNB,$0.00,6.06e-06,export-transaction-list-1788775006575.csv
0x545bc9493e78ed45882947a00303a674a2f3f1fb1dc5c2687b36de9ac140d05d,Success,Swap,78274008,2026-01-30 10:24:46,0xf2295226d0755e77205473da574055279961fd60,,0x10ed43c718714eb63d5aa57b78b54704e256024e,PancakeSwap: Router v2,0 BNB,$0.00,6.04e-06,export-transaction-list-1788775006575.csv
0x1f201e9402cdc79e192c9d84948c209aece61ede6942fc60fbb65b45c75393a3,Success,Proxy Buy,78273269,2026-01-30 10:19:14,0xf2295226d0755e77205473da574055279961fd60,,0x606aab244bf3cb5d4297ffe814029412ecf1a13a,,0.021897267 BNB,$16.27,7.75e-06,export-transaction-list-1788775006575.csv
0xb774bdc7d580babafbc64f09d1cd1a93cf721c9499a597b8e83cfd24ea178242,Success,Approve,78272082,2026-01-30 10:10:20,0xf2295226d0755e77205473da574055279961fd60,,0x8d2495fc4de3939e0fd2458c85e97fed5f224444,,0 BNB,$0.00,2.46e-06,export-transaction-list-1788775006575.csv
0x6b26919cb2e8910fd13799dd02ba27fb63e62403cb7ef93e2708b985f8b8bd77,Success,Transfer,78272049,2026-01-30 10:10:05,0xf2295226d0755e77205473da574055279961fd60,,0x8a1f1c5517337a0ed87dab72cb921c2177daf6b9,,0.000945306 BNB,$0.70,1.1e-06,export-transaction-list-1788775006575.csv
0xffe887bd51212137c8d39b6239693236e7f87e6bca4d960b705eee271e022b8c,Success,Swap,78270606,2026-01-30 09:59:15,0xf2295226d0755e77205473da574055279961fd60,,0x10ed43c718714eb63d5aa57b78b54704e256024e,PancakeSwap: Router v2,0 BNB,$0.00,6.12e-06,export-transaction-list-1788775006575.csv
0x5e78dc3c08a2f4e7a628066ba16ab0ed46e6627af65e9387d40ccad318592983,Success,Proxy Buy,78269907,2026-01-30 09:54:00,0xf2295226d0755e77205473da574055279961fd60,,0x606aab244bf3cb5d4297ffe814029412ecf1a13a,,0.017564799 BNB,$13.05,7.12e-06,export-transaction-list-1788775006575.csv
0x15f0e5e63c647386484ace7816abe903903443544a9cc1b0741707ef756f15ab,Success,Approve,78269390,2026-01-30 09:50:07,0xf2295226d0755e77205473da574055279961fd60,,0x9412495aa35446df1f2a3029f10f9ac9343a8888,,0 BNB,$0.00,2.44e-06,export-transaction-list-1788775006575.csv
0x7960457cbc24aef2644f2e10d093610cf4015e1ab5d903f581f09e02c97acbd3,Success,Proxy Buy,78267631,2026-01-30 09:36:56,0xf2295226d0755e77205473da574055279961fd60,,0x606aab244bf3cb5d4297ffe814029412ecf1a13a,,0.017119633 BNB,$12.72,6.15e-06,export-transaction-list-1788775006575.csv
0xee08cd9f634d8bfa7b0b850e2137bf5de024792f842654de87d8f87a8df1e049,Success,Swap,78266886,2026-01-30 09:31:21,0xf2295226d0755e77205473da574055279961fd60,,0x10ed43c718714eb63d5aa57b78b54704e256024e,PancakeSwap: Router v2,0 BNB,$0.00,6.06e-06,export-transaction-list-1788775006575.csv
0xdae5d5d38c0b34d1f217f00963c577dda3a06af0c047ed81b445e06db36d45d8,Success,Proxy Buy,78266863,2026-01-30 09:31:10,0xf2295226d0755e77205473da574055279961fd60,,0x606aab244bf3cb5d4297ffe814029412ecf1a13a,,0.019348749 BNB,$14.38,7.61e-06,export-transaction-list-1788775006575.csv
0x4191d3fd11ffc3e710bd33d7236a4a22d25b1693c1bb00cc76dba56698d736ac,Success,Approve,78266449,2026-01-30 09:28:04,0xf2295226d0755e77205473da574055279961fd60,,0x9df13759d413027525d420eb7edb9510b2fd8888,,0 BNB,$0.00,2.46e-06,export-transaction-list-1788775006575.csv
0x2bb157961989a2fff47b40611fcceb0ab51b79ec31319c9259db6eab33596d18,Success,Proxy Buy,78266223,2026-01-30 09:26:22,0xf2295226d0755e77205473da574055279961fd60,,0x606aab244bf3cb5d4297ffe814029412ecf1a13a,,0.022933106 BNB,$17.04,6.87e-06,export-transaction-list-1788775006575.csv
0x4e1d01fb10613574182db3572b9c1fc558011c46109faf6f88b827c1bec83155,Success,Swap,78265674,2026-01-30 09:22:15,0xf2295226d0755e77205473da574055279961fd60,,0x10ed43c718714eb63d5aa57b78b54704e256024e,PancakeSwap: Router v2,0 BNB,$0.00,6.07e-06,export-transaction-list-1788775006575.csv
0x15d654a447e94799c66dc36008263bd848d727164f1cbcc12b45b04eada33c7f,Success,Swap,78265108,2026-01-30 09:18:01,0xf2295226d0755e77205473da574055279961fd60,,0x10ed43c718714eb63d5aa57b78b54704e256024e,PancakeSwap: Router v2,0 BNB,$0.00,6.13e-06,export-transaction-list-1788775006575.csv
0xb29c161bf60dbb799235fe76dbf4019d62c7ae677ca9428cf25397f6dccf8533,Success,Proxy Buy,78264720,2026-01-30 09:15:06,0xf2295226d0755e77205473da574055279961fd60,,0x606aab244bf3cb5d4297ffe814029412ecf1a13a,,0.016545396 BNB,$12.29,7.61e-06,export-transaction-list-1788775006575.csv
0xc80a99ae4b2074f205f09f24351c7c2d74d9fbafc2c5eb75fe1c606fda1d69a1,Success,Approve,78263412,2026-01-30 09:05:17,0xf2295226d0755e77205473da574055279961fd60,,0xac451aedce18ad5c78fb1281ece88a96580a7777,,0 BNB,$0.00,2.43e-06,export-transaction-list-1788775006575.csv
0x7e923f846095163b3b5c5a6460a85ba94c81833f0923624dc8f304ad31b0775b,Success,Proxy Buy,78263230,2026-01-30 09:03:55,0xf2295226d0755e77205473da574055279961fd60,,0x606aab244bf3cb5d4297ffe814029412ecf1a13a,,0.020877923 BNB,$15.51,7.61e-06,export-transaction-list-1788775006575.csv
0xbdd8755d6911c6f135863fbea43b33f0f7543810161217b5c206d30be343d7d0,Success,Approve,78260605,2026-01-30 08:44:12,0xf2295226d0755e77205473da574055279961fd60,,0x16bb18998d210065885e39896abdacb5a2ce7777,,0 BNB,$0.00,2.38e-06,export-transaction-list-1788775006575.csv
0xe365b26ff86ea777f9072e953e615c1c28ea468a9166d2b5e95ae89c09525e17,Success,Transfer,78260574,2026-01-30 08:43:58,0xf2295226d0755e77205473da574055279961fd60,,0x5cb29d267901128f1dd6230501c62aedd243a7c6,,0.00813503 BNB,$6.04,1.08e-06,export-transaction-list-1788775006575.csv
0xa684c38fbd450b7d81bcd3005f9a4d8115d7493dd407231a5423343a732a9084,Success,Swap,78258793,2026-01-30 08:30:36,0xf2295226d0755e77205473da574055279961fd60,,0x10ed43c718714eb63d5aa57b78b54704e256024e,PancakeSwap: Router v2,0 BNB,$0.00,6.19e-06,export-transaction-list-1788775006575.csv
0x7a01083d2a574ab23109ca01ffb6ddda4bac7d8cf96703e265c86be12f5751e0,Success,Swap,78258688,2026-01-30 08:29:49,0xf2295226d0755e77205473da574055279961fd60,,0x10ed43c718714eb63d5aa57b78b54704e256024e,PancakeSwap: Router v2,0 BNB,$0.00,6.14e-06,export-transaction-list-1788775006575.csv
0xa68c147810005a18a9501af16402ae0360a46782857e762d0092e22176ab4332,Success,Swap,78258339,2026-01-30 08:27:12,0xf2295226d0755e77205473da574055279961fd60,,0x10ed43c718714eb63d5aa57b78b54704e256024e,PancakeSwap: Router v2,0 BNB,$0.00,6.1e-06,export-transaction-list-1788775006575.csv
0xdee1fdfb2e3307265e7a4207e71c477965ec43af2650ae7bfc92089fd6a863d5,Success,Proxy Buy,78258108,2026-01-30 08:25:28,0xf2295226d0755e77205473da574055279961fd60,,0x606aab244bf3cb5d4297ffe814029412ecf1a13a,,0.021132759 BNB,$15.70,7.75e-06,export-transaction-list-1788775006575.csv
0x912599fe24276bf26bfbb0ac8b633b8fa337ecaa2343aaa6a197bf9f4aa9f060,Success,Approve,78257870,2026-01-30 08:23:41,0xf2295226d0755e77205473da574055279961fd60,,0xf6c6342a53e9fdebd17f572cb6bf57f6017c8888,,0 BNB,$0.00,2.4e-06,export-transaction-list-1788775006575.csv
0xb767004e10629296659c963581bb11060cec4955d8480743588ea89e10469fe6,Success,Approve,78254731,2026-01-30 08:00:07,0xf2295226d0755e77205473da574055279961fd60,,0x3bb1b6d4f5f3a9ff704fc9c463c121bd7a068888,,0 BNB,$0.00,2.38e-06,export-transaction-list-1788775006575.csv
0x224aa1d6a885d1a51e962d901eea664ef364aa0b93396c3adfc0979b773c8047,Success,Proxy Buy,78253601,2026-01-30 07:51:39,0xf2295226d0755e77205473da574055279961fd60,,0x606aab244bf3cb5d4297ffe814029412ecf1a13a,,0.019348811 BNB,$14.38,7.72e-06,export-transaction-list-1788775006575.csv
0xb0b3e961bc55411a37a42c567583eb7b32de264eab34d8b9e6fcab26d028dba0,Success,Approve,78251961,2026-01-30 07:39:21,0xf2295226d0755e77205473da574055279961fd60,,0xb64f525d15f030d3ee05229e1cbc87b2a0ac7777,,0 BNB,$0.00,2.38e-06,export-transaction-list-1788775006575.csv
0xbf51d4722bec70a781fb5207630a422b664a965b6fd1d1ec3613456b5c844c89,Success,Swap,78250500,2026-01-30 07:28:24,0xf2295226d0755e77205473da574055279961fd60,,0x10ed43c718714eb63d5aa57b78b54704e256024e,PancakeSwap: Router v2,0 BNB,$0.00,6.24e-06,export-transaction-list-1788775006575.csv
0xb94ecdfcb95d2a908b9f8bf50f06455b8b4b2eb24ae37e28467dbd7456e7cebc,Success,Swap,78250436,2026-01-30 07:27:55,0xf2295226d0755e77205473da574055279961fd60,,0x10ed43c718714eb63d5aa57b78b54704e256024e,PancakeSwap: Router v2,0 BNB,$0.00,6.09e-06,export-transaction-list-1788775006575.csv
0x36c85e9b8aa905dd3768f018dee4a59d4e2c04d77b8480d8b4c18f4a537a262d,Success,Proxy Buy,78250345,2026-01-30 07:27:14,0xf2295226d0755e77205473da574055279961fd60,,0x606aab244bf3cb5d4297ffe814029412ecf1a13a,,0.018329367 BNB,$13.62,7.76e-06,export-transaction-list-1788775006575.csv
0xbb73dfff72923f892bb2c0f357435c1607ea0d65e719e1b3f22dae6d6e1ca853,Success,Approve,78248949,2026-01-30 07:16:46,0xf2295226d0755e77205473da574055279961fd60,,0x869c8e4884b593f652b62d6be6a492b2534e4444,,0 BNB,$0.00,2.42e-06,export-transaction-list-1788775006575.csv
0x97fd42cd31f9569e478f565437af8c2d6fe84b5dc226ad5bbc14a48611665a34,Success,Swap,78248259,2026-01-30 07:11:35,0xf2295226d0755e77205473da574055279961fd60,,0x10ed43c718714eb63d5aa57b78b54704e256024e,PancakeSwap: Router v2,0 BNB,$0.00,6.04e-06,export-transaction-list-1788775006575.csv
0x1117ef9491c826b27d61d2efbcfc8603f93bee5f98009b6b6406401da42e4cf2,Success,Proxy Buy,78247746,2026-01-30 07:07:44,0xf2295226d0755e77205473da574055279961fd60,,0x606aab244bf3cb5d4297ffe814029412ecf1a13a,,0.016545433 BNB,$12.29,7.67e-06,export-transaction-list-1788775006575.csv
0xf48cd4bcc7d675257fe9e880f1af9d47740217074fe1c96796d8fa21388440c2,Success,Approve,78246568,2026-01-30 06:58:54,0xf2295226d0755e77205473da574055279961fd60,,0xb45c769adf99d1500e6065c841b28571da497777,,0 BNB,$0.00,2.37e-06,export-transaction-list-1788775006575.csv
0xd2fdb0d85f591264d32ffa468d0540334e6c27413d5c718340f7d41f4f2c73d0,Success,Swap,78316007,2026-01-30 15:39:49,0xf2295226d0755e77205473da574055279961fd60,,0x10ed43c718714eb63d5aa57b78b54704e256024e,PancakeSwap: Router v2,0 BNB,$0.00,6.14e-06,export-transaction-list-1788774995736.csv
0xffa361f61b7bff5d4ba5dc1f0ace02d01b8334777e2652fbca8631a04de5262b,Success,Proxy Buy,78315474,2026-01-30 15:35:49,0xf2295226d0755e77205473da574055279961fd60,,0x606aab244bf3cb5d4297ffe814029412ecf1a13a,,0.02317156 BNB,$17.22,7.74e-06,export-transaction-list-1788774995736.csv
0xbdc3d9bed00aa7ccef96f8ceed4b4e65c06dc4fb1df5d256eab4e108c56de42f,Success,Approve,78314410,2026-01-30 15:27:50,0xf2295226d0755e77205473da574055279961fd60,,0x5c56a45e7445645b80ddef101124cefe0de77777,,0 BNB,$0.00,2.42e-06,export-transaction-list-1788774995736.csv
0xc3d11990015234ffa975769ba2f755a434c5302ed9089afdff4e7d3152f16a36,Success,Approve,78314307,2026-01-30 15:27:04,0xf2295226d0755e77205473da574055279961fd60,,0xc9b3e177de13e768ba4c5ff7a57339fb46387777,,0 BNB,$0.00,2.43e-06,export-transaction-list-1788774995736.csv
0xa890509807ecabe4e06a20d35b3fb94c223c3cf1f1888bd71428bbbc3e232436,Success,Proxy Buy,78312221,2026-01-30 15:11:25,0xf2295226d0755e77205473da574055279961fd60,,0x606aab244bf3cb5d4297ffe814029412ecf1a13a,,0.020368192 BNB,$15.13,7.76e-06,export-transaction-list-1788774995736.csv
0x16680357f6c4423e13f347a49f91d4fcbc581374021ccf6962c17f0235fa42f3,Success,Approve,78311500,2026-01-30 15:06:01,0xf2295226d0755e77205473da574055279961fd60,,0x5b0f3ac8c9ba0eb867ca68d1efa57dc9e7758888,,0 BNB,$0.00,2.41e-06,export-transaction-list-1788774995736.csv
0x5c89c55e2f28c6bb6434e8748ac9669674d1c0fc08b34bbed9f8a973183ee382,Success,Swap,78311397,2026-01-30 15:05:14,0xf2295226d0755e77205473da574055279961fd60,,0x10ed43c718714eb63d5aa57b78b54704e256024e,PancakeSwap: Router v2,0 BNB,$0.00,5.69e-06,export-transaction-list-1788774995736.csv
0x602567724e76480fed753e591ef4c2415daee1af09411aa7bc8cf5b4c79d005a,Success,Proxy Buy,78310063,2026-01-30 14:55:14,0xf2295226d0755e77205473da574055279961fd60,,0x606aab244bf3cb5d4297ffe814029412ecf1a13a,,0.023176973 BNB,$17.22,6.85e-06,export-transaction-list-1788774995736.csv
0xa4d510eacf10fb673a670ddba652415df295999ccab9d4d65e29f27ad1c169ca,Success,Swap,78309762,2026-01-30 14:52:58,0xf2295226d0755e77205473da574055279961fd60,,0x10ed43c718714eb63d5aa57b78b54704e256024e,PancakeSwap: Router v2,0 BNB,$0.00,6.07e-06,export-transaction-list-1788774995736.csv
0x94ec2265ebb476737772a08b88c8b36b9b25f30148ae9962a06282ec6feaeb0f,Success,Proxy Buy,78309572,2026-01-30 14:51:33,0xf2295226d0755e77205473da574055279961fd60,,0x606aab244bf3cb5d4297ffe814029412ecf1a13a,,0.021897326 BNB,$16.27,7.73e-06,export-transaction-list-1788774995736.csv
0x30c8ef45c658f5b7b3d4e1d694715e3c8faf2f9f3a41a72334939b0ca6789799,Success,Approve,78308436,2026-01-30 14:43:02,0xf2295226d0755e77205473da574055279961fd60,,0xeb0b41f207ae4695ed201eb51b4862f430e07777,,0 BNB,$0.00,2.39e-06,export-transaction-list-1788774995736.csv
0x44898afe7fff49b914a1e171beb9d51664a0fc00868dbc4ff032a5ceafed1f3d,Success,Approve,78307575,2026-01-30 14:36:34,0xf2295226d0755e77205473da574055279961fd60,,0x18014cdd84e3f103e49e80937132656dbff48888,,0 BNB,$0.00,2.45e-06,export-transaction-list-1788774995736.csv
0x3e2e169b07e37db22a15ac3d6616464bfbc22e45b6362ff2973d8da839004134,Success,Approve,78306151,2026-01-30 14:25:54,0xf2295226d0755e77205473da574055279961fd60,,0x8ae6332de73c054422132373ceb0a5fd770d7777,,0 BNB,$0.00,2.38e-06,export-transaction-list-1788774995736.csv
0x5b9da4e3ebd9b9e8aa7349d87f1bb8bbbef3a0b9f268afd84390250c2d87cf00,Success,Transfer,78306103,2026-01-30 14:25:32,0xf2295226d0755e77205473da574055279961fd60,,0x556856566116f173f84023f1450a5a948fbf3ec6,,0.000690383 BNB,$0.51,1.07e-06,export-transaction-list-1788774995736.csv
0x03498e7287e57ff99b2b02583cecf12c8c4c28a3a8eb81cf243b3be74ca26c47,Success,Swap,78305394,2026-01-30 14:20:13,0xf2295226d0755e77205473da574055279961fd60,,0x10ed43c718714eb63d5aa57b78b54704e256024e,PancakeSwap: Router v2,0 BNB,$0.00,6.02e-06,export-transaction-list-1788774995736.csv
0x6368e2b72091a7c6597f23f6ea7e30a14d546d0e19c4654dac1a5647dc0aa292,Success,Proxy Buy,78304030,2026-01-30 14:09:59,0xf2295226d0755e77205473da574055279961fd60,,0x606aab244bf3cb5d4297ffe814029412ecf1a13a,,0.018584199 BNB,$13.81,7.59e-06,export-transaction-list-1788774995736.csv
0x6ebf4e4352f4b612e46d2787e76dab08637b3a7c15c0b20e116fc3c8b48890dc,Success,Approve,78303241,2026-01-30 14:04:03,0xf2295226d0755e77205473da574055279961fd60,,0x86e3d4bb9d33447ac9f7e0b1d9acbd4726a07777,,0 BNB,$0.00,2.45e-06,export-transaction-list-1788774995736.csv
0x88a75fd677a39d6eedc2f09a1b649a1ca898efa6b7db9c30f2fee8a3ed1dabbc,Success,Transfer,78303197,2026-01-30 14:03:43,0xf2295226d0755e77205473da574055279961fd60,,0x9979b737daafa9b59c96ca19094d535baaa020e5,,0.011132756 BNB,$8.27,1.08e-06,export-transaction-list-1788774995736.csv
0xbd5263fb08fd0e81e090f66a858c2647e9d6423cab990bfbe5f1ef9931bd20b3,Success,Swap,78302226,2026-01-30 13:56:26,0xf2295226d0755e77205473da574055279961fd60,,0x10ed43c718714eb63d5aa57b78b54704e256024e,PancakeSwap: Router v2,0 BNB,$0.00,6.22e-06,export-transaction-list-1788774995736.csv
0x048d85021b588bda40c9b44fc7d5fe423dc6180d07098ff4d0bfc0e68bfee411,Success,Proxy Buy,78301255,2026-01-30 13:49:09,0xf2295226d0755e77205473da574055279961fd60,,0x606aab244bf3cb5d4297ffe814029412ecf1a13a,,0.023936114 BNB,$17.78,7.76e-06,export-transaction-list-1788774995736.csv
0x5905e7ffb38e82a0cff4ce6542cf1cc8f356f31836181529c60dee37eb119405,Success,Approve,78300448,2026-01-30 13:43:06,0xf2295226d0755e77205473da574055279961fd60,,0x88a60079b3ed2400a8d842b0a6e04d9a72968888,,0 BNB,$0.00,2.43e-06,export-transaction-list-1788774995736.csv
0x2795f380ce7400b9044738fec660f1957380b09143f68c6565ea0a354fa69e97,Success,Transfer,78300410,2026-01-30 13:42:49,0xf2295226d0755e77205473da574055279961fd60,,0x825deefb5edf62ab632ac6698196f7b5e9a6b9b3,,0.005369422 BNB,$3.99,1.07e-06,export-transaction-list-1788774995736.csv
0x8a3e5ac9c3ef6a5f6e1da98194f7d6acc209f25cef711c347f32cf386234b983,Success,Swap,78299021,2026-01-30 13:32:24,0xf2295226d0755e77205473da574055279961fd60,,0x10ed43c718714eb63d5aa57b78b54704e256024e,PancakeSwap: Router v2,0 BNB,$0.00,6.19e-06,export-transaction-list-1788774995736.csv
0xd4863c1808bbe02b773e901c7d3b9bf0755c9aae3c87e609b1c8792aec070582,Success,Swap,78298666,2026-01-30 13:29:44,0xf2295226d0755e77205473da574055279961fd60,,0x10ed43c718714eb63d5aa57b78b54704e256024e,PancakeSwap: Router v2,0 BNB,$0.00,6.12e-06,export-transaction-list-1788774995736.csv
0x69fd96aa6409a95731dd9aaeb550d8a8a132ed7e7d98d4b131fa822d3cc78f11,Success,Proxy Buy,78298320,2026-01-30 13:27:09,0xf2295226d0755e77205473da574055279961fd60,,0x606aab244bf3cb5d4297ffe814029412ecf1a13a,,0.01960361 BNB,$14.56,7.64e-06,export-transaction-list-1788774995736.csv
0x44825e7d9c0fdb9a9c44e0f32fc97fa0aed794f930a13ec4d3adf331e07b515b,Success,Approve,78297429,2026-01-30 13:20:28,0xf2295226d0755e77205473da574055279961fd60,,0x153064ffcfd639a0e1c79735f756741ec6607777,,0 BNB,$0.00,2.45e-06,export-transaction-list-1788774995736.csv
0x3327cc274778869eb61180958200574c959445b79d230c9c444b22024e5f36fd,Success,Approve,78294338,2026-01-30 12:57:16,0xf2295226d0755e77205473da574055279961fd60,,0xc470af6f2517de7bb1d2181433ca759b2ddf4444,,0 BNB,$0.00,2.46e-06,export-transaction-list-1788774995736.csv
0xc8db7fdd1148b2583ac38fbf18d1ad2d0e4e4074b1b24d0a71535847e4b392bc,Success,Proxy Buy,78293598,2026-01-30 12:51:42,0xf2295226d0755e77205473da574055279961fd60,,0x606aab244bf3cb5d4297ffe814029412ecf1a13a,,0.023359009 BNB,$17.35,6.73e-06,export-transaction-list-1788774995736.csv
0x1ff51f85634b55a5ccb77eab74fe2b4a676fd434b5aece6f6feb0121a957b198,Success,Swap,78293540,2026-01-30 12:51:16,0xf2295226d0755e77205473da574055279961fd60,,0x10ed43c718714eb63d5aa57b78b54704e256024e,PancakeSwap: Router v2,0 BNB,$0.00,6.22e-06,export-transaction-list-1788774995736.csv
0x856e76f4ff726c4586ea7b8605a6d7ec527d4eaf2282ab4ce9a7d7ea4c9406c3,Success,Proxy Buy,78293118,2026-01-30 12:48:06,0xf2295226d0755e77205473da574055279961fd60,,0x606aab244bf3cb5d4297ffe814029412ecf1a13a,,0.024581032 BNB,$18.26,6.84e-06,export-transaction-list-1788774995736.csv
0x64fc775c0d455e552a64a7df698fca832c9539a40e2ca9ddde21c68847fa6612,Success,Swap,78292049,2026-01-30 12:40:05,0xf2295226d0755e77205473da574055279961fd60,,0x10ed43c718714eb63d5aa57b78b54704e256024e,PancakeSwap: Router v2,0 BNB,$0.00,6.14e-06,export-transaction-list-1788774995736.csv
0x2ae07583217b6ccedd0143461457c6b03d061251ac2846d5adad4443d74f200b,Success,Swap,78291568,2026-01-30 12:36:28,0xf2295226d0755e77205473da574055279961fd60,,0x10ed43c718714eb63d5aa57b78b54704e256024e,PancakeSwap: Router v2,0 BNB,$0.00,6.11e-06,export-transaction-list-1788774995736.csv
0x56df802407ab22a08558b8296f3a8c0ebd66081276d2d208d839be2d96d7ac99,Success,Proxy Buy,78291470,2026-01-30 12:35:44,0xf2295226d0755e77205473da574055279961fd60,,0x606aab244bf3cb5d4297ffe814029412ecf1a13a,,0.020464438 BNB,$15.20,6.8e-06,export-transaction-list-1788774995736.csv
0x6652e909f81c28a899e2956f068021b18e39bb5b406963ae002ca5a635c305df,Success,Swap,78291427,2026-01-30 12:35:25,0xf2295226d0755e77205473da574055279961fd60,,0x10ed43c718714eb63d5aa57b78b54704e256024e,PancakeSwap: Router v2,0 BNB,$0.00,6.16e-06,export-transaction-list-1788774995736.csv
0x4263f9425ee828a20e60c1d4a62f4ee5369b0b612a948ce1d9021f9fcbf7212e,Success,Swap,78291408,2026-01-30 12:35:16,0xf2295226d0755e77205473da574055279961fd60,,0x10ed43c718714eb63d5aa57b78b54704e256024e,PancakeSwap: Router v2,0 BNB,$0.00,6.2e-06,export-transaction-list-1788774995736.csv
0x63efc5147e124bcdc9f982a2cd5dc1b1c02c4df64217b4fc550de98d6291a40e,Success,Proxy Buy,78291360,2026-01-30 12:34:55,0xf2295226d0755e77205473da574055279961fd60,,0x606aab244bf3cb5d4297ffe814029412ecf1a13a,,0.020113366 BNB,$14.94,7.7e-06,export-transaction-list-1788774995736.csv
0x887f5953b82b0050c96c1d4905af5ec8ee1b26b1236bc387f7eb00d25717542b,Success,Approve,78291206,2026-01-30 12:33:45,0xf2295226d0755e77205473da574055279961fd60,,0x7041afe990256e6e60f1db7df3fe92a56e0b8888,,0 BNB,$0.00,2.38e-06,export-transaction-list-1788774995736.csv
0xa66e3edd3f3f25dd0c7c119733bfeaf3d442b59f7b396be0af80fe7b7b116673,Success,Transfer,78291166,2026-01-30 12:33:27,0xf2295226d0755e77205473da574055279961fd60,,0xcc646753a9323a3edf6825d8f735ee172591fbe7,,0.002628701 BNB,$1.95,1.1e-06,export-transaction-list-1788774995736.csv
0xb3a17d645994b042fc062efddfb4e602de524f589fba71b3606a797c901c58d3,Success,Swap,78290792,2026-01-30 12:30:39,0xf2295226d0755e77205473da574055279961fd60,,0x10ed43c718714eb63d5aa57b78b54704e256024e,PancakeSwap: Router v2,0 BNB,$0.00,6.15e-06,export-transaction-list-1788774995736.csv
0x13b50f11b07fc3efb81dbb4ea0553cd76bfc78d896ee2e75645fb2c20266dc5f,Success,Swap,78289696,2026-01-30 12:22:26,0xf2295226d0755e77205473da574055279961fd60,,0x10ed43c718714eb63d5aa57b78b54704e256024e,PancakeSwap: Router v2,0 BNB,$0.00,5.55e-06,export-transaction-list-1788774995736.csv
0xce48bb929a0ed85978680143d8789636ebbcb9fcb519ed345dc214fa315019bd,Success,Swap,78289578,2026-01-30 12:21:33,0xf2295226d0755e77205473da574055279961fd60,,0x10ed43c718714eb63d5aa57b78b54704e256024e,PancakeSwap: Router v2,0 BNB,$0.00,6.12e-06,export-transaction-list-1788774995736.csv
0xad0f402a21136c78ae9c3f8d6712ce02735b776fde161aca7a147194abbaff12,Success,Proxy Buy,78289225,2026-01-30 12:18:54,0xf2295226d0755e77205473da574055279961fd60,,0x606aab244bf3cb5d4297ffe814029412ecf1a13a,,0.019858492 BNB,$14.75,7.81e-06,export-transaction-list-1788774995736.csv
0xb5e8a2648b9f3b3b63581856d291dde0f76fb9d1861198f7fe9128c83222b87c,Success,Approve,78288295,2026-01-30 12:11:55,0xf2295226d0755e77205473da574055279961fd60,,0xdb9461b773544fa043040c388c003ffdf85c7777,,0 BNB,$0.00,2.41e-06,export-transaction-list-1788774995736.csv
0xd7d7c18bed524d59911f75f075a6fe75661c918dc0b4077bf831736c89a55bd2,Success,Proxy Buy,78288221,2026-01-30 12:11:22,0xf2295226d0755e77205473da574055279961fd60,,0x606aab244bf3cb5d4297ffe814029412ecf1a13a,,0.018259931 BNB,$13.57,6.76e-06,export-transaction-list-1788774995736.csv
0xe0c058b38b530ba32ec1dd7b802f19ec25176ff38f3d054580d594f586ad49ac,Success,Swap,78288070,2026-01-30 12:10:14,0xf2295226d0755e77205473da574055279961fd60,,0x10ed43c718714eb63d5aa57b78b54704e256024e,PancakeSwap: Router v2,0 BNB,$0.00,6.05e-06,export-transaction-list-1788774995736.csv
0x0fe355bcfbc6c8e3e7324cee67594f97350a57e031e209cf0b60d99dc25883d5,Success,Proxy Buy,78287440,2026-01-30 12:05:31,0xf2295226d0755e77205473da574055279961fd60,,0x606aab244bf3cb5d4297ffe814029412ecf1a13a,,0.021897269 BNB,$16.27,7.59e-06,export-transaction-list-1788774995736.csv
0xd1b91f62c10c10ea1a1de765adf8ddadf45ef4c3e37661a4defa04443a9ad2a5,Success,Approve,78285486,2026-01-30 11:50:51,0xf2295226d0755e77205473da574055279961fd60,,0xf6d9b56e79e23249e91083d7a5bea346d70b7777,,0 BNB,$0.00,2.46e-06,export-transaction-list-1788774995736.csv
0x908c622f440785ca2438536b7dcbfae70a2cb89b5c847e86ce6755436083d636,Success,Approve,78285275,2026-01-30 11:49:16,0xf2295226d0755e77205473da574055279961fd60,,0x9c1d05af38d9c5b0e0bb0e4c2ba8327f35d57777,,0 BNB,$0.00,2.42e-06,export-transaction-list-1788774995736.csv
0x8c99cb1cf8f932c8a8615b35b8f64b71768c091dcf014fbed8eab894973570b8,Success,Proxy Buy,78285118,2026-01-30 11:48:06,0xf2295226d0755e77205473da574055279961fd60,,0x606aab244bf3cb5d4297ffe814029412ecf1a13a,,0.020368226 BNB,$15.13,7.58e-06,export-transaction-list-1788774995736.csv
0x4943d956865f5b8bafc2e3e6021092aac28a42a764890d9d3f4ce72605c40dd8,Success,Approve,78285011,2026-01-30 11:47:18,0xf2295226d0755e77205473da574055279961fd60,,0xee93cc157610b24818a2d0f33f90000103ee7777,,0 BNB,$0.00,2.37e-06,export-transaction-list-1788774995736.csv
0x0f06eb9b9ced499e5c8f74d12e35c4b75765be69533e4dd3d2d26eddee54a460,Success,Swap,78354051,2026-01-30 20:25:10,0xf2295226d0755e77205473da574055279961fd60,,0x10ed43c718714eb63d5aa57b78b54704e256024e,PancakeSwap: Router v2,0 BNB,$0.00,6.2e-06,export-transaction-list-1788774978101.csv
0x96e6c6707760caae10c282ecabf40a07c3984ebaf274f55aea24e2560838048a,Success,Proxy Buy,78353990,2026-01-30 20:24:43,0xf2295226d0755e77205473da574055279961fd60,,0x606aab244bf3cb5d4297ffe814029412ecf1a13a,,0.024482686 BNB,$18.19,6.85e-06,export-transaction-list-1788774978101.csv
0x6537404125ad330a9f0184ebdf7962a8cb30d6d7b133e44b248e6204affb4ef4,Success,Swap,78353941,2026-01-30 20:24:21,0xf2295226d0755e77205473da574055279961fd60,,0x10ed43c718714eb63d5aa57b78b54704e256024e,PancakeSwap: Router v2,0 BNB,$0.00,6.19e-06,export-transaction-list-1788774978101.csv
0xa8fa314d536713cdfe11c9027e52eafb67bd2c2c2543f9486ac935168da91611,Success,Swap,78353894,2026-01-30 20:24:00,0xf2295226d0755e77205473da574055279961fd60,,0x10ed43c718714eb63d5aa57b78b54704e256024e,PancakeSwap: Router v2,0 BNB,$0.00,5.54e-06,export-transaction-list-1788774978101.csv
0x3fe8715a4782cfda29fa9982b904ebc16ab43bd40e52fa150323c0a3239c59fe,Success,Swap,78353785,2026-01-30 20:23:11,0xf2295226d0755e77205473da574055279961fd60,,0x10ed43c718714eb63d5aa57b78b54704e256024e,PancakeSwap: Router v2,0 BNB,$0.00,6.01e-06,export-transaction-list-1788774978101.csv
0x97d9e26201c2503b658c58d6c2c71641424db56bedbc4ddccc3aed14dc90ceff,Success,Proxy Buy,78353748,2026-01-30 20:22:54,0xf2295226d0755e77205473da574055279961fd60,,0x606aab244bf3cb5d4297ffe814029412ecf1a13a,,0.021387608 BNB,$15.89,7.68e-06,export-transaction-list-1788774978101.csv
0xdf5dd8241473093552c20e82a89ed3e60ef6ac8f90216a22896f18acac9085f9,Success,Approve,78353597,2026-01-30 20:21:46,0xf2295226d0755e77205473da574055279961fd60,,0x24311820d2473f40d0e115b34fb42c6e916d4444,,0 BNB,$0.00,2.41e-06,export-transaction-list-1788774978101.csv
0xb4fbb6468c1ef8048cf22a0304b935c6e3f31262ec75ceb57ee29d11b2e2cb99,Success,Proxy Buy,78351396,2026-01-30 20:05:15,0xf2295226d0755e77205473da574055279961fd60,,0x606aab244bf3cb5d4297ffe814029412ecf1a13a,,0.020487765 BNB,$15.22,6.89e-06,export-transaction-list-1788774978101.csv
0x6ca036aca9aba0f01fa5affc5b2bd28d27d1e34079c3dbb381f9e09ebcb6c1b5,Success,Swap,78351152,2026-01-30 20:03:25,0xf2295226d0755e77205473da574055279961fd60,,0x10ed43c718714eb63d5aa57b78b54704e256024e,PancakeSwap: Router v2,0 BNB,$0.00,6.16e-06,export-transaction-list-1788774978101.csv
0xf1e4622f8a24ab9593cb57c1f4adc8467d177f18cf55fd0410983065cca1c54f,Success,Proxy Buy,78350798,2026-01-30 20:00:45,0xf2295226d0755e77205473da574055279961fd60,,0x606aab244bf3cb5d4297ffe814029412ecf1a13a,,0.016800246 BNB,$12.48,7.74e-06,export-transaction-list-1788774978101.csv
0x7bf8653647c5d4027581bc919119b5ec24f0b32d715daeb33ae95de0a39294d4,Success,Approve,78350653,2026-01-30 19:59:40,0xf2295226d0755e77205473da574055279961fd60,,0x373234ee281d339847036e264ac2c76b3da34444,,0 BNB,$0.00,2.43e-06,export-transaction-list-1788774978101.csv
0xabd6837cdf0f0ef2c50112d412b27818998dccd33ff051f5ea51afe2b841a37a,Success,Proxy Buy,78350584,2026-01-30 19:59:09,0xf2295226d0755e77205473da574055279961fd60,,0x606aab244bf3cb5d4297ffe814029412ecf1a13a,,0.019646019 BNB,$14.60,6.82e-06,export-transaction-list-1788774978101.csv
0x34ee6a603e39d2b4ebb84f319724050be7aba13e757aa290f5f1fd384f9b15f2,Success,Swap,78349603,2026-01-30 19:51:48,0xf2295226d0755e77205473da574055279961fd60,,0x10ed43c718714eb63d5aa57b78b54704e256024e,PancakeSwap: Router v2,0 BNB,$0.00,6.04e-06,export-transaction-list-1788774978101.csv
0x164558e47be2e32d13f6e147782d07257da6a8c1d410d997c05628a38c3c7a38,Success,Proxy Buy,78349589,2026-01-30 19:51:41,0xf2295226d0755e77205473da574055279961fd60,,0x606aab244bf3cb5d4297ffe814029412ecf1a13a,,0.018584253 BNB,$13.81,7.78e-06,export-transaction-list-1788774978101.csv
0xf4985aecc32650e2f8ee22ae7099c966b1443116ac06e13325cf077089fdfa82,Success,Approve,78348008,2026-01-30 19:39:50,0xf2295226d0755e77205473da574055279961fd60,,0x1708c3dc15b56211dcf48915b0c387609b9f7777,,0 BNB,$0.00,2.38e-06,export-transaction-list-1788774978101.csv
0x868838806585acf982fdf98a9bb5988a53396bc9c7d7a7f13a7d6c0b0368650f,Success,Transfer,78346984,2026-01-30 19:32:09,0xf2295226d0755e77205473da574055279961fd60,,0xa43f5d150ec477e8b314f459fe7560702f0338a3,,0.021156581 BNB,$15.72,1.07e-06,export-transaction-list-1788774978101.csv
0x91aeec1f0d0c4ea628cb7e9f9d524191dfd9292303dd077eef71a147b83d561f,Success,Swap,78346465,2026-01-30 19:28:16,0xf2295226d0755e77205473da574055279961fd60,,0x10ed43c718714eb63d5aa57b78b54704e256024e,PancakeSwap: Router v2,0 BNB,$0.00,6.03e-06,export-transaction-list-1788774978101.csv
0x8b6b654ba609324b4bed8853ad3183633bdd91c9cbc926606ad0993344800454,Success,Swap,78345700,2026-01-30 19:22:31,0xf2295226d0755e77205473da574055279961fd60,,0x10ed43c718714eb63d5aa57b78b54704e256024e,PancakeSwap: Router v2,0 BNB,$0.00,6.19e-06,export-transaction-list-1788774978101.csv
0x83efa2f0032b6e4e097f0eec8ed4916b5f7431354a1bbf525600731781153626,Success,Proxy Buy,78344092,2026-01-30 19:10:28,0xf2295226d0755e77205473da574055279961fd60,,0x606aab244bf3cb5d4297ffe814029412ecf1a13a,,0.020368168 BNB,$15.13,7.79e-06,export-transaction-list-1788774978101.csv
0x6e582b73b9e83eb3ae17a15f5bd9aa892d1f88a259f40d785985da49ba6ba668,Success,Approve,78343880,2026-01-30 19:08:52,0xf2295226d0755e77205473da574055279961fd60,,0x4dd1c6bfb98d70af198f3b9f1f06109d32f14444,,0 BNB,$0.00,2.44e-06,export-transaction-list-1788774978101.csv
0xdbfcde215bfc12124e877cc12f9118b6242dfc147c398f36097c331eab8244eb,Success,Proxy Buy,78343345,2026-01-30 19:04:52,0xf2295226d0755e77205473da574055279961fd60,,0x606aab244bf3cb5d4297ffe814029412ecf1a13a,,0.031982853 BNB,$23.76,6.88e-06,export-transaction-list-1788774978101.csv
0x9644f285d437a647763d71aedfe6f78c1becd0f1f5389b258a0a06721370f27f,Success,Swap,78342939,2026-01-30 19:01:49,0xf2295226d0755e77205473da574055279961fd60,,0x10ed43c718714eb63d5aa57b78b54704e256024e,PancakeSwap: Router v2,0 BNB,$0.00,6.2e-06,export-transaction-list-1788774978101.csv
0xf5616363708df25626e1cd5a1de218919fb8b21b718b206569928fdd9884c881,Success,Swap,78342635,2026-01-30 18:59:32,0xf2295226d0755e77205473da574055279961fd60,,0x10ed43c718714eb63d5aa57b78b54704e256024e,PancakeSwap: Router v2,0 BNB,$0.00,6.05e-06,export-transaction-list-1788774978101.csv
0x760f77e0ae4839240bd1cd92b7c721d7dc4a917842de877e7fa7caa4d38dcde1,Success,Proxy Buy,78341459,2026-01-30 18:50:43,0xf2295226d0755e77205473da574055279961fd60,,0x606aab244bf3cb5d4297ffe814029412ecf1a13a,,0.022916754 BNB,$17.03,7.77e-06,export-transaction-list-1788774978101.csv
0x11d7d179d32ef418fb85c94e95b92a97b79fd5cf2b179e3b269340e50d0405f2,Success,Approve,78340810,2026-01-30 18:45:51,0xf2295226d0755e77205473da574055279961fd60,,0x0a967f4de0e9aa930fafa24cc32c66c6cc2e4444,,0 BNB,$0.00,2.37e-06,export-transaction-list-1788774978101.csv
0xbdf01b25c35c868c2a4d2ff9cfe3121a0c8a39a442dadec10bdfc8398597813d,Success,Approve,78336619,2026-01-30 18:14:25,0xf2295226d0755e77205473da574055279961fd60,,0x128dd3a62d071b212620c5701728a3b957dc4444,,0 BNB,$0.00,2.42e-06,export-transaction-list-1788774978101.csv
0xf63b3fbc527bbfa612d3c6c5a5f67a52eaebcc2f1e1a481ab0ce28ee786d3117,Success,Proxy Buy,78336432,2026-01-30 18:13:01,0xf2295226d0755e77205473da574055279961fd60,,0x606aab244bf3cb5d4297ffe814029412ecf1a13a,,0.018839411 BNB,$14.00,6.8e-06,export-transaction-list-1788774978101.csv
0xb84730fa8dfd1189bca99b837eef5e79f0caa1ecb56e21aec9727c1a908f8fcd,Success,Swap,78336355,2026-01-30 18:12:26,0xf2295226d0755e77205473da574055279961fd60,,0x10ed43c718714eb63d5aa57b78b54704e256024e,PancakeSwap: Router v2,0 BNB,$0.00,6.23e-06,export-transaction-list-1788774978101.csv
0x2dab169e08545d338f48f5d19787986bfd4c65436e30afc47ff8567549583443,Success,Proxy Buy,78336294,2026-01-30 18:11:59,0xf2295226d0755e77205473da574055279961fd60,,0x606aab244bf3cb5d4297ffe814029412ecf1a13a,,0.022152127 BNB,$16.46,7.78e-06,export-transaction-list-1788774978101.csv
0x2f8caa42f660102a2c4f3835ba8e2c9e2e177889f06c7f2b1b986177f1847fff,Success,Approve,78333845,2026-01-30 17:53:37,0xf2295226d0755e77205473da574055279961fd60,,0x465bc2f6c34f8a33f8ef6f9c60d18cf835884444,,0 BNB,$0.00,2.45e-06,export-transaction-list-1788774978101.csv
0x4c1350751a84daaaabd542465fda61ff74f02a797742198a1c885c3602299253,Success,Proxy Buy,78331972,2026-01-30 17:39:34,0xf2295226d0755e77205473da574055279961fd60,,0x606aab244bf3cb5d4297ffe814029412ecf1a13a,,0.024190977 BNB,$17.97,7.84e-06,export-transaction-list-1788774978101.csv
0x419608042659483ceb911d98acc083e86f16c04393982ab83d0dafd125dcfada,Success,Approve,78331053,2026-01-30 17:32:40,0xf2295226d0755e77205473da574055279961fd60,,0xa480a3cbf06ae327263a6fefcfbcf49e6b3c8888,,0 BNB,$0.00,2.42e-06,export-transaction-list-1788774978101.csv
0x0446a06e942b02c09ada5c5d0ba94267f5574e1583492c683b278b47ded60241,Success,Proxy Buy,78330394,2026-01-30 17:27:44,0xf2295226d0755e77205473da574055279961fd60,,0x606aab244bf3cb5d4297ffe814029412ecf1a13a,,0.023426381 BNB,$17.40,7.71e-06,export-transaction-list-1788774978101.csv
0x58ee72f61cb2705027da032a1e058354ebdfce162dc66a6070088b4e2b7134b9,Success,Approve,78328237,2026-01-30 17:11:32,0xf2295226d0755e77205473da574055279961fd60,,0x1cc9988a34ef4338a3bcee702d9e6e9713fa4444,,0 BNB,$0.00,2.46e-06,export-transaction-list-1788774978101.csv
0xaabfff308348c9b91dc89f3b21e88d95007a71405e06ef803271c923c2e5e3e3,Success,Approve,78327482,2026-01-30 17:05:53,0xf2295226d0755e77205473da574055279961fd60,,0xc52a78311e5b50af794aa8bdfe29d81c19584444,,0 BNB,$0.00,2.46e-06,export-transaction-list-1788774978101.csv
0x060ee6dd1f6a53987a066daa19ff28119142f476caf086398a37f2ccc815c57b,Success,Proxy Buy,78326665,2026-01-30 16:59:45,0xf2295226d0755e77205473da574055279961fd60,,0x606aab244bf3cb5d4297ffe814029412ecf1a13a,,0.00915419 BNB,$6.80,6.25e-06,export-transaction-list-1788774978101.csv
0x8f726cb50a0c24345c498c25c45ba9319153d328819b87ea16948974e413e872,Success,Proxy Buy,78325992,2026-01-30 16:54:42,0xf2295226d0755e77205473da574055279961fd60,,0x606aab244bf3cb5d4297ffe814029412ecf1a13a,,0.030185119 BNB,$22.43,6.84e-06,export-transaction-list-1788774978101.csv
0xa74bebed0236e5bdddc2779262628910d5eede56f7416d261f18ebda5960bb31,Success,Swap,78325990,2026-01-30 16:54:41,0xf2295226d0755e77205473da574055279961fd60,,0x10ed43c718714eb63d5aa57b78b54704e256024e,PancakeSwap: Router v2,0 BNB,$0.00,6.1e-06,export-transaction-list-1788774978101.csv
0x913f9361b78e0df0270c8148ecf4d12e5ba6bb0bb8aa6930a2c45e4b30838e99,Success,Swap,78325899,2026-01-30 16:54:00,0xf2295226d0755e77205473da574055279961fd60,,0x10ed43c718714eb63d5aa57b78b54704e256024e,PancakeSwap: Router v2,0 BNB,$0.00,6.23e-06,export-transaction-list-1788774978101.csv
0x2d506b35e034914f239586326109ee2c2837ecfefd8b232a417d1f7391b224ca,Success,Proxy Buy,78324482,2026-01-30 16:43:23,0xf2295226d0755e77205473da574055279961fd60,,0x606aab244bf3cb5d4297ffe814029412ecf1a13a,,0.020113371 BNB,$14.94,7.68e-06,export-transaction-list-1788774978101.csv
0x01f96ea9d609c675c8e8d08f1b1b4022182d41599ef250753e1261d5bc17dfe2,Success,Approve,78324368,2026-01-30 16:42:31,0xf2295226d0755e77205473da574055279961fd60,,0x97892f4a6207ce6ee99330fb2ee2f64a25727777,,0 BNB,$0.00,2.37e-06,export-transaction-list-1788774978101.csv
0xf2d11512060cbf96ac1a20f30f193bc5683cf39958bbaec199ad164365f5b570,Success,Approve,78322795,2026-01-30 16:30:43,0xf2295226d0755e77205473da574055279961fd60,,0x478680aec29d5626f439d192df46a02b7ce24444,,0 BNB,$0.00,2.42e-06,export-transaction-list-1788774978101.csv
0xb511f4669fcd8b92012cfb3198e2f51c0ef3daf9d10a3e1d8d0345a9b00e3935,Success,Approve,78319978,2026-01-30 16:09:36,0xf2295226d0755e77205473da574055279961fd60,,0x2632c9731d1cb59fbe599523950808dc59d57777,,0 BNB,$0.00,2.43e-06,export-transaction-list-1788774978101.csv
0x5397654e5ed3a515896161d715bae10b42b098f0b13274094bf3c4a16f45f1a5,Success,Proxy Buy,78319102,2026-01-30 16:03:01,0xf2295226d0755e77205473da574055279961fd60,,0x606aab244bf3cb5d4297ffe814029412ecf1a13a,,0.021549562 BNB,$16.01,6.87e-06,export-transaction-list-1788774978101.csv
0x18827a011364aa3ea49405fefcd864d6a744f3af051e9f571c906adf98024c7e,Success,Swap,78319019,2026-01-30 16:02:24,0xf2295226d0755e77205473da574055279961fd60,,0x10ed43c718714eb63d5aa57b78b54704e256024e,PancakeSwap: Router v2,0 BNB,$0.00,5.63e-06,export-transaction-list-1788774978101.csv
0x4b1b94c1cd56e89251b030b2b7adca4f502c988f72e5aa506dccfc749a5f53ea,Success,Proxy Buy,78318277,2026-01-30 15:56:50,0xf2295226d0755e77205473da574055279961fd60,,0x606aab244bf3cb5d4297ffe814029412ecf1a13a,,0.023936123 BNB,$17.78,7.02e-06,export-transaction-list-1788774978101.csv
0x085e96e4176cf7642335b4868eb73a94ec01405a3527eba6b4330a42a7312940,Success,Approve,78317276,2026-01-30 15:49:20,0xf2295226d0755e77205473da574055279961fd60,,0x561edbd0b763367092d233e09c07d5eb50927777,,0 BNB,$0.00,2.42e-06,export-transaction-list-1788774978101.csv
0x6257ca170c0c47ffe68165973980901ca11b147e341330ac063bbb1de8f28e2e,Success,Transfer,78317243,2026-01-30 15:49:05,0xf2295226d0755e77205473da574055279961fd60,,0x00807193d09caba2dfefa9df0167124fe7aab91e,,0.000330716 BNB,$0.25,1.09e-06,export-transaction-list-1788774978101.csv
0xc8d242d3752f73b38264af25d86b4a1f368de6cee681519bbb4b50bebbcb42e4,Success,Swap,78316116,2026-01-30 15:40:38,0xf2295226d0755e77205473da574055279961fd60,,0x10ed43c718714eb63d5aa57b78b54704e256024e,PancakeSwap: Router v2,0 BNB,$0.00,6.23e-06,export-transaction-list-1788774978101.csv
0x7ba692fd387b238d18b1e604a3dfc04ca21594adf380c02982bfea1c4d9258da,Success,Proxy Buy,78316098,2026-01-30 15:40:30,0xf2295226d0755e77205473da574055279961fd60,,0x606aab244bf3cb5d4297ffe814029412ecf1a13a,,0.019244918 BNB,$14.30,6.68e-06,export-transaction-list-1788774978101.csv
0xecf5f5fafa94f3da70771544d4db4af3abb3b1c6a27ee6095d15fe0265317356,Success,Approve,78398273,2026-01-31 01:56:54,0xf2295226d0755e77205473da574055279961fd60,,0x9dd2297974adbb600fece07118804780e7434444,,0 BNB,$0.00,2.38e-06,export-transaction-list-1788774963601.csv
0x4cf31b8614f6667a70b4c35b158db67858aa78716e49667c741b87ed583ce309,Success,Approve,78398126,2026-01-31 01:55:48,0xf2295226d0755e77205473da574055279961fd60,,0x81db0550c2209817d355040502f60ce504ac4444,,0 BNB,$0.00,2.43e-06,export-transaction-list-1788774963601.csv
0x51575677985a9ed648859d4f2e4f0bbe292d5307a9f8191c169959171cd6b9f4,Success,Swap,78396926,2026-01-31 01:46:48,0xf2295226d0755e77205473da574055279961fd60,,0x10ed43c718714eb63d5aa57b78b54704e256024e,PancakeSwap: Router v2,0 BNB,$0.00,6.13e-06,export-transaction-list-1788774963601.csv
0x5e01f5a9ff9d267da4ea30373249f12ef3d2b6b3acbf7b66fc14e86aae440386,Success,Swap,78396156,2026-01-31 01:41:02,0xf2295226d0755e77205473da574055279961fd60,,0x10ed43c718714eb63d5aa57b78b54704e256024e,PancakeSwap: Router v2,0 BNB,$0.00,6.18e-06,export-transaction-list-1788774963601.csv
0x4ea7f9f3f0e985547cde810951937484ed24d6b73e1d9e3ab57a39266aef2616,Success,Proxy Buy,78396119,2026-01-31 01:40:45,0xf2295226d0755e77205473da574055279961fd60,,0x606aab244bf3cb5d4297ffe814029412ecf1a13a,,0.021387617 BNB,$15.89,7.59e-06,export-transaction-list-1788774963601.csv
0x587f079bf03ca7f5491e8cd7d2dd77b156b822ddbd87296fced13215eab5a4bf,Success,Approve,78395386,2026-01-31 01:35:15,0xf2295226d0755e77205473da574055279961fd60,,0xbbd35d3c2948e7fe1ac03432c985ea801cef4444,,0 BNB,$0.00,2.4e-06,export-transaction-list-1788774963601.csv
0x243f79b9f0ba0267922db8521e2ce843802e02fdb07abb69ae756a498181dc5b,Success,Proxy Buy,78394663,2026-01-31 01:29:50,0xf2295226d0755e77205473da574055279961fd60,,0x606aab244bf3cb5d4297ffe814029412ecf1a13a,,0.024132238 BNB,$17.93,6.78e-06,export-transaction-list-1788774963601.csv
0x1e8b1c986f0dc227bd33fae93f4b9ac74eaf2138055b1d4b7fdf770e4187a7c3,Success,Swap,78393215,2026-01-31 01:18:58,0xf2295226d0755e77205473da574055279961fd60,,0x10ed43c718714eb63d5aa57b78b54704e256024e,PancakeSwap: Router v2,0 BNB,$0.00,5.52e-06,export-transaction-list-1788774963601.csv
0x8b8eaac716b39cbac0807469de85ffc05d9c18cdcf8859d8c03eb728783df11b,Success,Proxy Buy,78393196,2026-01-31 01:18:50,0xf2295226d0755e77205473da574055279961fd60,,0x606aab244bf3cb5d4297ffe814029412ecf1a13a,,0.015691501 BNB,$11.66,6.85e-06,export-transaction-list-1788774963601.csv
0x48dbfeeb32f7c6f5e9e2d5af0512daf6198e5da03a8f7886286ade4831dde810,Success,Swap,78393095,2026-01-31 01:18:04,0xf2295226d0755e77205473da574055279961fd60,,0x10ed43c718714eb63d5aa57b78b54704e256024e,PancakeSwap: Router v2,0 BNB,$0.00,6.02e-06,export-transaction-list-1788774963601.csv
0x0af2b17fb23c4b5fce156b450055ad8e7e136e2390ed0187024f105cf9b2d983,Success,Proxy Buy,78392968,2026-01-31 01:17:07,0xf2295226d0755e77205473da574055279961fd60,,0x606aab244bf3cb5d4297ffe814029412ecf1a13a,,0.020368172 BNB,$15.13,7.63e-06,export-transaction-list-1788774963601.csv
0x7e3d63116f203057b32ab28c3657e28a66489eee407afe79fa46bf9f5fc8c71a,Success,Approve,78392462,2026-01-31 01:13:19,0xf2295226d0755e77205473da574055279961fd60,,0x14af0bb9aadef0dba20f5d27e9af7c4ef6b34444,,0 BNB,$0.00,2.44e-06,export-transaction-list-1788774963601.csv
0xd2671fc98dcc770c12d70113d4bbcbb3fcc45e9e970259a09ffa08218be6059f,Success,Proxy Buy,78392199,2026-01-31 01:11:21,0xf2295226d0755e77205473da574055279961fd60,,0x606aab244bf3cb5d4297ffe814029412ecf1a13a,,0.01807451 BNB,$13.43,7.66e-06,export-transaction-list-1788774963601.csv
0xf6b0137acfdef6be6b1cb7512eeb5f162e31653a477563b79aa2cad5cabaeb86,Success,Approve,78389397,2026-01-31 00:50:20,0xf2295226d0755e77205473da574055279961fd60,,0x073c8081d80d6a20438445267d0d9c09bc684444,,0 BNB,$0.00,2.43e-06,export-transaction-list-1788774963601.csv
0x0c37c360201aaaad246e2269e72adc3fba617958119d27bef8daa6c5b4dbf76e,Success,Approve,78386515,2026-01-31 00:28:43,0xf2295226d0755e77205473da574055279961fd60,,0x89d413ca89687b6b6e9849c4e705e1992d104444,,0 BNB,$0.00,2.37e-06,export-transaction-list-1788774963601.csv
0x40bdae08f51c8003bf1cc8c5daa9d1e35e8bbd4af7905d6cf3ebb60021c2dbd6,Success,Approve,78383527,2026-01-31 00:06:18,0xf2295226d0755e77205473da574055279961fd60,,0x12f90680103ce67f855403cb3109cc69c6137777,,0 BNB,$0.00,2.44e-06,export-transaction-list-1788774963601.csv
0xff2e538ca04af55bb7633846394f2d962e3029c2b54d424df0129d625b38cd04,Success,Transfer,78383483,2026-01-31 00:05:59,0xf2295226d0755e77205473da574055279961fd60,,0xd9c9fdbc6b894139865bb4a392836e3e0ac1224b,,0.001167371 BNB,$0.87,1.09e-06,export-transaction-list-1788774963601.csv
0xa8a0bff9b2b07bd37371f2109b05bafbd8acc60614e1957647e92ee908423a23,Success,Swap,78382455,2026-01-30 23:58:16,0xf2295226d0755e77205473da574055279961fd60,,0x10ed43c718714eb63d5aa57b78b54704e256024e,PancakeSwap: Router v2,0 BNB,$0.00,6.18e-06,export-transaction-list-1788774963601.csv
0xace456f6d889f3bd481ca4f3d2fa56ade31fef72acce3b6b352374bdec5138e2,Success,Swap,78381708,2026-01-30 23:52:39,0xf2295226d0755e77205473da574055279961fd60,,0x10ed43c718714eb63d5aa57b78b54704e256024e,PancakeSwap: Router v2,0 BNB,$0.00,6.24e-06,export-transaction-list-1788774963601.csv
0xdd2cc9869ef8e79ded3a1e08866db15b8271a5c816afdfe33603cf1723ee663e,Success,Proxy Buy,78381684,2026-01-30 23:52:28,0xf2295226d0755e77205473da574055279961fd60,,0x606aab244bf3cb5d4297ffe814029412ecf1a13a,,0.020877874 BNB,$15.51,7.63e-06,export-transaction-list-1788774963601.csv
0xf3315e8f590af1d157c619abd158dbb9e6e93801fd89a9b6dc13fac92ec76696,Success,Approve,78381071,2026-01-30 23:47:52,0xf2295226d0755e77205473da574055279961fd60,,0x13590d6e2dcb4bd55436ff09383b855dc4a37777,,0 BNB,$0.00,2.44e-06,export-transaction-list-1788774963601.csv
0x2a7a46b8e46da21272a7e6bdac2f34871f402289009cdcdcac79b9899ade3dec,Success,Transfer,78381031,2026-01-30 23:47:34,0xf2295226d0755e77205473da574055279961fd60,,0xaab04bc566ebd3b6a6dcd5465389ab3224c90b96,,0.002489213 BNB,$1.85,1.09e-06,export-transaction-list-1788774963601.csv
0xd54e297e2246fae3e016661445e341389e33ffb5f23f2ab8e10b3fb81cfc83aa,Success,Swap,78379561,2026-01-30 23:36:31,0xf2295226d0755e77205473da574055279961fd60,,0x10ed43c718714eb63d5aa57b78b54704e256024e,PancakeSwap: Router v2,0 BNB,$0.00,6.02e-06,export-transaction-list-1788774963601.csv
0xbde8b54ffbecc70ef93ba4f71d43663fdfbead2a0259555ab4272edd66b8f2b3,Success,Swap,78379423,2026-01-30 23:35:29,0xf2295226d0755e77205473da574055279961fd60,,0x10ed43c718714eb63d5aa57b78b54704e256024e,PancakeSwap: Router v2,0 BNB,$0.00,6.15e-06,export-transaction-list-1788774963601.csv
0x68f86e0aaa8f953598296e80789b8bcf9359f9113580f81f847ebff685235599,Success,Proxy Buy,78379032,2026-01-30 23:32:33,0xf2295226d0755e77205473da574055279961fd60,,0x606aab244bf3cb5d4297ffe814029412ecf1a13a,,0.017309954 BNB,$12.86,7.79e-06,export-transaction-list-1788774963601.csv
0xae4a9ef8516ba3aa12c82973fbdf16924a6731799d97ce603c666eb85c2af9fd,Success,Approve,78378124,2026-01-30 23:25:45,0xf2295226d0755e77205473da574055279961fd60,,0xf355f8a30dd7c637bb5baaa49721757e1ba67777,,0 BNB,$0.00,2.43e-06,export-transaction-list-1788774963601.csv
0xc2bb10f85e33fdbfd414b7a4a86f1c6cd1168f91c58437e75e096c3bc93b3bc9,Success,Transfer,78378081,2026-01-30 23:25:25,0xf2295226d0755e77205473da574055279961fd60,,0x76d744cfa57de40d06a4b89a44acd2a753494392,,0.007357657 BNB,$5.47,1.07e-06,export-transaction-list-1788774963601.csv
0x48922197eef764adc0c6dcb4ae5aebed9c81de6d4bc386ec37c431444b820de4,Success,Swap,78377845,2026-01-30 23:23:39,0xf2295226d0755e77205473da574055279961fd60,,0x10ed43c718714eb63d5aa57b78b54704e256024e,PancakeSwap: Router v2,0 BNB,$0.00,6.2e-06,export-transaction-list-1788774963601.csv
0x7c2a63f1327bed28baa29eaaa84c3a66916b13039cac7fe0c2fc75d3d033e53d,Success,Swap,78377216,2026-01-30 23:18:56,0xf2295226d0755e77205473da574055279961fd60,,0x10ed43c718714eb63d5aa57b78b54704e256024e,PancakeSwap: Router v2,0 BNB,$0.00,6.24e-06,export-transaction-list-1788774963601.csv
0xa452d37ba78719713befe3d4f579ee825f24071ec14a782772d4b9b372d905ac,Success,Proxy Buy,78376738,2026-01-30 23:15:21,0xf2295226d0755e77205473da574055279961fd60,,0x606aab244bf3cb5d4297ffe814029412ecf1a13a,,0.02395319 BNB,$17.80,6.91e-06,export-transaction-list-1788774963601.csv
0x86f5a26e9ae0ca56641731454741a20b59f6a6c6212c86036d10b24866f895ea,Success,Swap,78375407,2026-01-30 23:05:22,0xf2295226d0755e77205473da574055279961fd60,,0x10ed43c718714eb63d5aa57b78b54704e256024e,PancakeSwap: Router v2,0 BNB,$0.00,6.16e-06,export-transaction-list-1788774963601.csv
0xa3809c410e54365c8aff1dfc64fd863cf78d531fbaf75bbc64a4d08e6f552222,Success,Swap,78375249,2026-01-30 23:04:11,0xf2295226d0755e77205473da574055279961fd60,,0x10ed43c718714eb63d5aa57b78b54704e256024e,PancakeSwap: Router v2,0 BNB,$0.00,6.2e-06,export-transaction-list-1788774963601.csv
0xac9fa624fdb23b25b201ba307b9722f835a63158a21e5e98420dad6c86d9a408,Success,Proxy Buy,78375096,2026-01-30 23:03:02,0xf2295226d0755e77205473da574055279961fd60,,0x606aab244bf3cb5d4297ffe814029412ecf1a13a,,0.023426406 BNB,$17.40,7.8e-06,export-transaction-list-1788774963601.csv
0x44bc60b2749ffc9748cfc74d5faa701208f931fdd7f4909571bdb91fa603101a,Success,Approve,78374971,2026-01-30 23:02:06,0xf2295226d0755e77205473da574055279961fd60,,0x97f112c4cb13c03be459b9cbc14fff43feaf4444,,0 BNB,$0.00,2.43e-06,export-transaction-list-1788774963601.csv
0xbe6ed6ece00bc298cda2b8a2b330203381e9c9961670ad58bae97d8d58412232,Success,Proxy Buy,78373904,2026-01-30 22:54:06,0xf2295226d0755e77205473da574055279961fd60,,0x606aab244bf3cb5d4297ffe814029412ecf1a13a,,0.022661838 BNB,$16.84,7.72e-06,export-transaction-list-1788774963601.csv
0x4aaeaea286de12c0a66377300f672ba607373dddd371b7de628963355a5c680e,Success,Approve,78372196,2026-01-30 22:41:17,0xf2295226d0755e77205473da574055279961fd60,,0x9e847a2453ab4240615dbfb79bbb040cbeac4444,,0 BNB,$0.00,2.44e-06,export-transaction-list-1788774963601.csv
0xbd2c95cc424f610a895971e1496edb670dc2bc36452d2cd7293faadcf081687b,Success,Approve,78369203,2026-01-30 22:18:50,0xf2295226d0755e77205473da574055279961fd60,,0x02f6be03b081125baba61c1f1a7174edfa957777,,0 BNB,$0.00,2.39e-06,export-transaction-list-1788774963601.csv
0xf9b59061c1e48dfe2aa261aea63b7c2c9a52e7dbf19e8b154b9d25a3f43c6377,Success,Proxy Buy,78368612,2026-01-30 22:14:24,0xf2295226d0755e77205473da574055279961fd60,,0x606aab244bf3cb5d4297ffe814029412ecf1a13a,,0.023007893 BNB,$17.09,6.84e-06,export-transaction-list-1788774963601.csv
0x5044628ac512ab0b5b114e6cbe45a36b810d3b3994a8b3df9fa4ba1273179e8c,Success,Swap,78368139,2026-01-30 22:10:51,0xf2295226d0755e77205473da574055279961fd60,,0x10ed43c718714eb63d5aa57b78b54704e256024e,PancakeSwap: Router v2,0 BNB,$0.00,6.05e-06,export-transaction-list-1788774963601.csv
0xc2b2d7605824f83c877207faf2fee89c0d76c77b054aff037405c2c6381c75ed,Success,Swap,78367503,2026-01-30 22:06:05,0xf2295226d0755e77205473da574055279961fd60,,0x10ed43c718714eb63d5aa57b78b54704e256024e,PancakeSwap: Router v2,0 BNB,$0.00,6.06e-06,export-transaction-list-1788774963601.csv
0xd380c9acf13fa1f25cffd7be74607810bcff98cc67ebf99b0ad9579f4c1b6ed1,Success,Proxy Buy,78367124,2026-01-30 22:03:13,0xf2295226d0755e77205473da574055279961fd60,,0x606aab244bf3cb5d4297ffe814029412ecf1a13a,,0.023936152 BNB,$17.78,7.73e-06,export-transaction-list-1788774963601.csv
0x4f134a548e87c46a7332bc28dc9b6d3c775adfa6d622df1ebf88fe9f98eaca44,Success,Approve,78366547,2026-01-30 21:58:54,0xf2295226d0755e77205473da574055279961fd60,,0x4a2ac54d4f9cdd232b96756b3e5b152d5e107777,,0 BNB,$0.00,2.39e-06,export-transaction-list-1788774963601.csv
0x0e9141c8bfc975b0bbc9e5a5e1c526180ddf9ee4f2a8ecc4549c338e83bc565d,Success,Transfer,78366502,2026-01-30 21:58:33,0xf2295226d0755e77205473da574055279961fd60,,0xd1645b1f332b08f3c8ff8c82c3798a9f3c31ce7f,,0.000493422 BNB,$0.37,1.08e-06,export-transaction-list-1788774963601.csv
0xec7f7f7056b363fdde91c74ac8858f1118b9a17ec40b6e17dc4d5462bab7ce18,Success,Swap,78366168,2026-01-30 21:56:03,0xf2295226d0755e77205473da574055279961fd60,,0x10ed43c718714eb63d5aa57b78b54704e256024e,PancakeSwap: Router v2,0 BNB,$0.00,6.05e-06,export-transaction-list-1788774963601.csv
0xaf9ece6c5f140089e6daaa4d664e7bf7260c39b81e3656ae5c907c2c51b9ff7b,Success,Swap,78365646,2026-01-30 21:52:08,0xf2295226d0755e77205473da574055279961fd60,,0x10ed43c718714eb63d5aa57b78b54704e256024e,PancakeSwap: Router v2,0 BNB,$0.00,5.6e-06,export-transaction-list-1788774963601.csv
0x5a1ebaf490dd00747fe5f14d8f35c2199ff171b23f5aafa30b4fcf2a0363c84f,Success,Proxy Buy,78365546,2026-01-30 21:51:23,0xf2295226d0755e77205473da574055279961fd60,,0x606aab244bf3cb5d4297ffe814029412ecf1a13a,,0.018074512 BNB,$13.43,7.77e-06,export-transaction-list-1788774963601.csv
0x52f11a080f8346b68b1b30a1b4d6e709f762aa6352f71bc663211d0450aed064,Success,Approve,78363743,2026-01-30 21:37:52,0xf2295226d0755e77205473da574055279961fd60,,0xb60ebf399c82275b9093d374f0654c2368814444,,0 BNB,$0.00,2.43e-06,export-transaction-list-1788774963601.csv
0x68015d84c4feb36bd4effd3ddeb3ca77c701c8766d4aec56d2f0d40968b0851e,Success,Approve,78359261,2026-01-30 21:04:15,0xf2295226d0755e77205473da574055279961fd60,,0x4459d885deb782350b111f1f5ec19b1ab5847777,,0 BNB,$0.00,2.4e-06,export-transaction-list-1788774963601.csv
0xffd6d7a8194479f3822dfbcb04875b0d5de676b9e29ccc26dc1d5d932590519e,Success,Proxy Buy,78355906,2026-01-30 20:39:05,0xf2295226d0755e77205473da574055279961fd60,,0x606aab244bf3cb5d4297ffe814029412ecf1a13a,,0.018358443 BNB,$13.64,6.94e-06,export-transaction-list-1788774963601.csv
0xae7f802ddd4f0226a25d9064f22a8ffda41a49519d36a5d0876d498dabe0927d,Success,Swap,78355107,2026-01-30 20:33:06,0xf2295226d0755e77205473da574055279961fd60,,0x10ed43c718714eb63d5aa57b78b54704e256024e,PancakeSwap: Router v2,0 BNB,$0.00,6.22e-06,export-transaction-list-1788774963601.csv
0x6d991af03aa453b050efebc3af754308a64adaa3e204031a6a6aad6e2aeb69cd,Success,Transfer,78448102,2026-01-31 08:10:45,0xf2295226d0755e77205473da574055279961fd60,,0x826558b98847899599faf20a14bc75fa93c6f84f,,0.003414032 BNB,$2.54,1.11e-06,export-transaction-list-1788774951455.csv
0x45673a725604b8fb2bae3184e0af82819fe802d5e94d495884fe4403b015cc13,Success,Proxy Buy,78436989,2026-01-31 06:47:23,0xf2295226d0755e77205473da574055279961fd60,,0x606aab244bf3cb5d4297ffe814029412ecf1a13a,,0.020878389 BNB,$15.51,6.91e-06,export-transaction-list-1788774951455.csv
0x21dc0844f6341f9842cccf51f4e4a344ed0a11f370d04b4b9a2587a66cb2282c,Success,Swap,78436818,2026-01-31 06:46:06,0xf2295226d0755e77205473da574055279961fd60,,0x10ed43c718714eb63d5aa57b78b54704e256024e,PancakeSwap: Router v2,0 BNB,$0.00,6.16e-06,export-transaction-list-1788774951455.csv
0xa68ee68624c01463a90f633f07d211b39f10dd1ed964de01b3c8d6a0a7e15c53,Success,Proxy Buy,78435905,2026-01-31 06:39:15,0xf2295226d0755e77205473da574055279961fd60,,0x606aab244bf3cb5d4297ffe814029412ecf1a13a,,0.019858479 BNB,$14.75,7.1e-06,export-transaction-list-1788774951455.csv
0x5de8d462ac01a3410095026e04e8ad89031ccda7ce183f35ae9b7bf1e16fdb2e,Success,Approve,78434981,2026-01-31 06:32:18,0xf2295226d0755e77205473da574055279961fd60,,0x3a0dfc887ff2d55b839342e57f14de6e35f14444,,0 BNB,$0.00,2.42e-06,export-transaction-list-1788774951455.csv
0xc1e0ec54587ff8ae30096d88227b3da9388858c9a3c15bdd3a9b4f8802288d40,Success,Proxy Buy,78433194,2026-01-31 06:18:54,0xf2295226d0755e77205473da574055279961fd60,,0x606aab244bf3cb5d4297ffe814029412ecf1a13a,,0.017819647 BNB,$13.24,7.78e-06,export-transaction-list-1788774951455.csv
0x54785430f8f3dc744a30e87745780e7ddc279579540bb55a6ce2f670b5b181f4,Success,Approve,78432365,2026-01-31 06:12:41,0xf2295226d0755e77205473da574055279961fd60,,0xf8f38f09fe5d68f06e9e0fd9c4ca97b34f2b4444,,0 BNB,$0.00,2.44e-06,export-transaction-list-1788774951455.csv
0xb26bc508803afa2f785abe1f9135383e00470b4c923c0dca006571bdd9d319e2,Success,Transfer,78432324,2026-01-31 06:12:23,0xf2295226d0755e77205473da574055279961fd60,,0x31e3be3523ad277fe5cfd7b6d507918505aef48e,,0.010197495 BNB,$7.58,1.1e-06,export-transaction-list-1788774951455.csv
0x8e77034d3e07524b0deee0f24959d54a31f4f3be4476e011805550ed97d89261,Success,Swap,78432174,2026-01-31 06:11:15,0xf2295226d0755e77205473da574055279961fd60,,0x10ed43c718714eb63d5aa57b78b54704e256024e,PancakeSwap: Router v2,0 BNB,$0.00,6.1e-06,export-transaction-list-1788774951455.csv
0xf4182c897bbc92489ca1308aaa2e28d473e41741e7a9b45f7e8386d7be1cd587,Success,Proxy Buy,78430697,2026-01-31 06:00:11,0xf2295226d0755e77205473da574055279961fd60,,0x606aab244bf3cb5d4297ffe814029412ecf1a13a,,0.023681252 BNB,$17.59,7.82e-06,export-transaction-list-1788774951455.csv
0xbcb8afbde0dd6abdf96f76769e2fda4800ed041bc44cfa08053cd33c2bb61af7,Success,Approve,78429614,2026-01-31 05:52:03,0xf2295226d0755e77205473da574055279961fd60,,0x0499f0cd69481a33eae37c463b3ecc8cd2614444,,0 BNB,$0.00,2.44e-06,export-transaction-list-1788774951455.csv
0xa38e58bfab2204f78493fc79791fb4fa783dd83851eecd26a5719b6752c1cfcc,Success,Proxy Buy,78427739,2026-01-31 05:38:00,0xf2295226d0755e77205473da574055279961fd60,,0x606aab244bf3cb5d4297ffe814029412ecf1a13a,,0.021897289 BNB,$16.27,7.58e-06,export-transaction-list-1788774951455.csv
0xeb7df7e1dc4c3846351c0f31aaf344a110276259c04b8c0d766d0897fe31719c,Success,Approve,78426962,2026-01-31 05:32:10,0xf2295226d0755e77205473da574055279961fd60,,0xa0d88430629a5ce618adb2593d92a5cea1a84444,,0 BNB,$0.00,2.43e-06,export-transaction-list-1788774951455.csv
0xd5e7349b335b9d2441eb34038097352ad3853ff017c6439dd5d2e64a5dc54bbf,Success,Transfer,78426927,2026-01-31 05:31:54,0xf2295226d0755e77205473da574055279961fd60,,0xe5765dee128d7cf1ccd602c2af3cd7a97fc6a5db,,0.004816511 BNB,$3.58,1.07e-06,export-transaction-list-1788774951455.csv
0x80bb8083ccb5040d47f92e95241812e8a393a9442965b01dae35219cc9b9add9,Success,Swap,78426714,2026-01-31 05:30:18,0xf2295226d0755e77205473da574055279961fd60,,0x10ed43c718714eb63d5aa57b78b54704e256024e,PancakeSwap: Router v2,0 BNB,$0.00,5.5e-06,export-transaction-list-1788774951455.csv
0xfea18e724190be31e1df1694a6197cea0cbfeea85d86b729f3a1a9f4c3d31529,Success,Swap,78424378,2026-01-31 05:12:46,0xf2295226d0755e77205473da574055279961fd60,,0x10ed43c718714eb63d5aa57b78b54704e256024e,PancakeSwap: Router v2,0 BNB,$0.00,6.11e-06,export-transaction-list-1788774951455.csv
0x48ba7bb9cce272ae013f718fdb500a5676fd64447cd460c1f279af4b011bc0c9,Success,Proxy Buy,78424088,2026-01-31 05:10:35,0xf2295226d0755e77205473da574055279961fd60,,0x606aab244bf3cb5d4297ffe814029412ecf1a13a,,0.017564796 BNB,$13.05,7.15e-06,export-transaction-list-1788774951455.csv
0x3dc4ce684c13bb5bb08c363b4ca457e3027569a4f7760fa6a1633b0517995511,Success,Approve,78423843,2026-01-31 05:08:45,0xf2295226d0755e77205473da574055279961fd60,,0xd0465ecc6bf1c07dfcef04fc9f51722fadbb4444,,0 BNB,$0.00,2.44e-06,export-transaction-list-1788774951455.csv
0xecbca68a20d893398dd1f1468526ff449c7af539cd882713a36aeb429851aca6,Success,Proxy Buy,78422575,2026-01-31 04:59:14,0xf2295226d0755e77205473da574055279961fd60,,0x606aab244bf3cb5d4297ffe814029412ecf1a13a,,0.026722148 BNB,$19.85,6.69e-06,export-transaction-list-1788774951455.csv
0x3000a5b65a9ed026d8f328db1efb33cc6263835ea5065e99987aa159afcc0243,Success,Swap,78422180,2026-01-31 04:56:17,0xf2295226d0755e77205473da574055279961fd60,,0x10ed43c718714eb63d5aa57b78b54704e256024e,PancakeSwap: Router v2,0 BNB,$0.00,6.1e-06,export-transaction-list-1788774951455.csv
0xcbffb0a73e5586842955836120e71d4dc0bcf1737b2ed02e237e9b7478c3c6bf,Success,Swap,78421886,2026-01-31 04:54:04,0xf2295226d0755e77205473da574055279961fd60,,0x10ed43c718714eb63d5aa57b78b54704e256024e,PancakeSwap: Router v2,0 BNB,$0.00,6.04e-06,export-transaction-list-1788774951455.csv
0xa107d261cc2acfaa70b82938c23a66239c3895d93976d2409c136188dfa98360,Success,Proxy Buy,78421870,2026-01-31 04:53:57,0xf2295226d0755e77205473da574055279961fd60,,0x606aab244bf3cb5d4297ffe814029412ecf1a13a,,0.018994446 BNB,$14.11,6.87e-06,export-transaction-list-1788774951455.csv
0xbb406f508d6523e91ecf89ba5b8082f216e7062b281a04bc65fcf2bbd06337dd,Success,Swap,78421734,2026-01-31 04:52:56,0xf2295226d0755e77205473da574055279961fd60,,0x10ed43c718714eb63d5aa57b78b54704e256024e,PancakeSwap: Router v2,0 BNB,$0.00,6.17e-06,export-transaction-list-1788774951455.csv
0x7d9cb9277ab512901aee8de2b4356a6f6f72f65e77188b01282784f08d6ea0d1,Success,Proxy Buy,78421433,2026-01-31 04:50:41,0xf2295226d0755e77205473da574055279961fd60,,0x606aab244bf3cb5d4297ffe814029412ecf1a13a,,0.023426454 BNB,$17.40,7.63e-06,export-transaction-list-1788774951455.csv
0xcd7376a7127fd703b5fdf10b4d52ece979867138c31009cc50133d88e708ff7a,Success,Approve,78421165,2026-01-31 04:48:40,0xf2295226d0755e77205473da574055279961fd60,,0xfd9ac809ce3ad5df8e0ac97c989df34aadf94444,,0 BNB,$0.00,2.38e-06,export-transaction-list-1788774951455.csv
0x478d55704051142fb02aa18e6b0aa318e843c2a82fb9a546fa610537a9bede1b,Success,Transfer,78421129,2026-01-31 04:48:24,0xf2295226d0755e77205473da574055279961fd60,,0xd0a38bed0a773f12259a8d87866b7f307e71824c,,0.011695343 BNB,$8.69,1.09e-06,export-transaction-list-1788774951455.csv
0x5bd32b90d1170fe6412ffae29f88872b440f99f893a4731e7175afc7da160cfb,Success,Swap,78420888,2026-01-31 04:46:35,0xf2295226d0755e77205473da574055279961fd60,,0x10ed43c718714eb63d5aa57b78b54704e256024e,PancakeSwap: Router v2,0 BNB,$0.00,6.03e-06,export-transaction-list-1788774951455.csv
0x19f17ab6bbdb4ad5169a98b0a03bfe1bca6bb7af13fda9fb334810b69e1e2b77,Success,Proxy Buy,78418415,2026-01-31 04:28:02,0xf2295226d0755e77205473da574055279961fd60,,0x606aab244bf3cb5d4297ffe814029412ecf1a13a,,0.022916685 BNB,$17.03,7.26e-06,export-transaction-list-1788774951455.csv
0x67031a1fd4bb1050fdc666c42cb24c179d419fe6efde662e51c494d0606909c7,Success,Approve,78418075,2026-01-31 04:25:29,0xf2295226d0755e77205473da574055279961fd60,,0x834b31cebc9a40b9bc498b09e8d9d8904d004444,,0 BNB,$0.00,2.45e-06,export-transaction-list-1788774951455.csv
0x2a24c96b65c44993cf71ce378cf85edcdeeb44bfb3b0d44a90859eab1a8f1d96,Success,Approve,78417880,2026-01-31 04:24:02,0xf2295226d0755e77205473da574055279961fd60,,0xe158445e88bf24f43bcf87cf0debf0c2bcf94444,,0 BNB,$0.00,2.4e-06,export-transaction-list-1788774951455.csv
0x6c4b2a34fd42a8c4b8027c9f8cad50d672b2e3a83d767e3784395c5f64450e82,Success,Proxy Buy,78417302,2026-01-31 04:19:40,0xf2295226d0755e77205473da574055279961fd60,,0x606aab244bf3cb5d4297ffe814029412ecf1a13a,,0.018916951 BNB,$14.05,6.78e-06,export-transaction-list-1788774951455.csv
0xcc6867a8762bf2822c2ac4b0d63d76d46d791940625bfdf0797cc6c43eef74c2,Success,Swap,78416812,2026-01-31 04:16:00,0xf2295226d0755e77205473da574055279961fd60,,0x10ed43c718714eb63d5aa57b78b54704e256024e,PancakeSwap: Router v2,0 BNB,$0.00,6.22e-06,export-transaction-list-1788774951455.csv
0x30fc9782dbd09548875b8ca056c3578b4ee04f1cdc0f0763e61c9d76f8e1e0c0,Success,Proxy Buy,78416598,2026-01-31 04:14:24,0xf2295226d0755e77205473da574055279961fd60,,0x606aab244bf3cb5d4297ffe814029412ecf1a13a,,0.016545384 BNB,$12.29,7.76e-06,export-transaction-list-1788774951455.csv
0x8a7a6dbeca8d92963bb229b9719a3d3c4c6d8fd627ecbc3d8a400e07f8ece8eb,Success,Approve,78414804,2026-01-31 04:00:56,0xf2295226d0755e77205473da574055279961fd60,,0x9120a725a88a1893f2dc90a046c4718040f84444,,0 BNB,$0.00,2.45e-06,export-transaction-list-1788774951455.csv
0xaab5258537010380adf50faee9ec709f51c10e90633e405811ddce34c17e6234,Success,Swap,78414174,2026-01-31 03:56:12,0xf2295226d0755e77205473da574055279961fd60,,0x10ed43c718714eb63d5aa57b78b54704e256024e,PancakeSwap: Router v2,0 BNB,$0.00,6.08e-06,export-transaction-list-1788774951455.csv
0x429b5ac85aa246e8ddfbd25fb27d23559d4da4df45efbc6a9073d8d41f0d91e4,Success,Proxy Buy,78414084,2026-01-31 03:55:32,0xf2295226d0755e77205473da574055279961fd60,,0x606aab244bf3cb5d4297ffe814029412ecf1a13a,,0.022661877 BNB,$16.84,7.63e-06,export-transaction-list-1788774951455.csv
0x61ec41e4de9592bb57009329b377b1eec1b6b087c8a3d39e159d6c272110fafb,Success,Approve,78411901,2026-01-31 03:39:09,0xf2295226d0755e77205473da574055279961fd60,,0xcec5172df13b1d9d74a752f5f7573f1bac034444,,0 BNB,$0.00,2.4e-06,export-transaction-list-1788774951455.csv
0xd0f5da91a2b6d403d2763e5dba1a198c026fc7d0bec5416b5bcede5f3b5f6e8f,Success,Swap,78411724,2026-01-31 03:37:50,0xf2295226d0755e77205473da574055279961fd60,,0x10ed43c718714eb63d5aa57b78b54704e256024e,PancakeSwap: Router v2,0 BNB,$0.00,6.05e-06,export-transaction-list-1788774951455.csv
0x43bbc136ba75fed63ae13e2c10349b21c99a2f360e412e21e263338c3993f63c,Success,Proxy Buy,78410852,2026-01-31 03:31:17,0xf2295226d0755e77205473da574055279961fd60,,0x606aab244bf3cb5d4297ffe814029412ecf1a13a,,0.020368193 BNB,$15.13,7.27e-06,export-transaction-list-1788774951455.csv
0x785f7de27f1ee8c9ac626f6e1e2645ab091e2160fe887f0f7a61352373ef37ee,Success,Approve,78409258,2026-01-31 03:19:20,0xf2295226d0755e77205473da574055279961fd60,,0x134ba431bb5520c5cc36dce58ea1ca7ee00f4444,,0 BNB,$0.00,2.41e-06,export-transaction-list-1788774951455.csv
0x4f51ffd2f7e04f36d5116ce738e02185fc9f1ba082f74a3909a701c32f4f953d,Success,Proxy Buy,78408975,2026-01-31 03:17:13,0xf2295226d0755e77205473da574055279961fd60,,0x606aab244bf3cb5d4297ffe814029412ecf1a13a,,0.02051134 BNB,$15.24,6.83e-06,export-transaction-list-1788774951455.csv
0x88c3ac6ac82920fa172be9a47b34d930f55b0c923f2bc6855217251e1c96fc58,Success,Swap,78408814,2026-01-31 03:16:00,0xf2295226d0755e77205473da574055279961fd60,,0x10ed43c718714eb63d5aa57b78b54704e256024e,PancakeSwap: Router v2,0 BNB,$0.00,6.24e-06,export-transaction-list-1788774951455.csv
0xf2cf8b0d2b3b82174ac6b4fb1d63fba33be3c3eae106a90de903077b49652181,Success,Proxy Buy,78407780,2026-01-31 03:08:15,0xf2295226d0755e77205473da574055279961fd60,,0x606aab244bf3cb5d4297ffe814029412ecf1a13a,,0.016545378 BNB,$12.29,7.28e-06,export-transaction-list-1788774951455.csv
0x4946f38b23e9e11a735c0d7eeba8714dbd642cf497a1ddbcd7c3730a20b92510,Success,Approve,78406453,2026-01-31 02:58:18,0xf2295226d0755e77205473da574055279961fd60,,0xd00d496896bc21d1831aa523717186b6fce27777,,0 BNB,$0.00,2.46e-06,export-transaction-list-1788774951455.csv
0x46c3bff86ece8bf61644c1fd45be5cb2dbb7963416e8b3b11c2644122ed471e8,Success,Swap,78405946,2026-01-31 02:54:30,0xf2295226d0755e77205473da574055279961fd60,,0x10ed43c718714eb63d5aa57b78b54704e256024e,PancakeSwap: Router v2,0 BNB,$0.00,6.08e-06,export-transaction-list-1788774951455.csv
0xf565b49d9f7d64aafb67c40e5dadb8f8e4eb18d71e28b0fd54b22f9f348fa9f7,Success,Proxy Buy,78404970,2026-01-31 02:47:09,0xf2295226d0755e77205473da574055279961fd60,,0x606aab244bf3cb5d4297ffe814029412ecf1a13a,,0.018584215 BNB,$13.81,7.65e-06,export-transaction-list-1788774951455.csv
0xee17b71c9756d7e4ea390b9a94ecfcb5fd5f4840361ab8c778a25a3d8426366b,Success,Approve,78403627,2026-01-31 02:37:05,0xf2295226d0755e77205473da574055279961fd60,,0x042657033e01de5b0252641c098d2c898de14444,,0 BNB,$0.00,2.43e-06,export-transaction-list-1788774951455.csv
0xa6b5e240e7d550150eb76f0c4158fd30d1265789cbab3255ce2cd64e9c7a8c65,Success,Proxy Buy,78402820,2026-01-31 02:31:02,0xf2295226d0755e77205473da574055279961fd60,,0x606aab244bf3cb5d4297ffe814029412ecf1a13a,,0.023426425 BNB,$17.40,7.6e-06,export-transaction-list-1788774951455.csv
0x12493ba1214c6a2585a39505265451d269e59800e35be9a0115d27621d7b173f,Success,Approve,78400901,2026-01-31 02:16:38,0xf2295226d0755e77205473da574055279961fd60,,0xa9d48a6179b364f5b7fa5f907ac8b745cbb84444,,0 BNB,$0.00,2.41e-06,export-transaction-list-1788774951455.csv
0x23c5ccf00e9c3a7c34b87d45c7f0e9deba4720e80a34205eafbe11e4b10ab9ff,Success,Proxy Buy,78399549,2026-01-31 02:06:29,0xf2295226d0755e77205473da574055279961fd60,,0x606aab244bf3cb5d4297ffe814029412ecf1a13a,,0.016545425 BNB,$12.29,7.7e-06,export-transaction-list-1788774951455.csv
