Transaction Hash,Status,Method,Blockno,DateTime (UTC),From,From_Nametag,To,To_Nametag,Amount,Value (USD),Txn Fee
0xba519687a125270af3a50a77ea02c9d3fd1dcf16cc2457098bae250a23e21c7a,Success,Transfer,120073099,2026-09-05 07:47:08,0xf1618ea0c0f2204c1aecfabfa2b3dc5fe063d733,Fake_Phishing971097,0x231bdd87ade0feb934a981f9a4442cc2bac110c8,Fake_Phishing1330116,0 BNB,$0.00,3.02e-05
0x4a853d1f729d281ba9e7196a41c8bec33c66a1e7954e99447ec880ab1593c4bf,Success,Transfer,120072388,2026-09-05 07:41:48,0xf1618ea0c0f2204c1aecfabfa2b3dc5fe063d733,Fake_Phishing971097,0x231bdd87ade0feb934a981f9a4442cc2bac110c8,Fake_Phishing1330116,0 BNB,$0.00,3.03e-05
0x7731dbea7d4499e5258ace6bfb8075d17f8d9359fcd5b3e86617a0ec9729d20e,Success,Transfer,120071687,2026-09-05 07:36:33,0xf1618ea0c0f2204c1aecfabfa2b3dc5fe063d733,Fake_Phishing971097,0x231bdd87ade0feb934a981f9a4442cc2bac110c8,Fake_Phishing1330116,0 BNB,$0.00,3.031e-05
0xc6ede5899f16b50a3b454bdd92f6e9dbe5f754370630b35b31bec9c2ccc2019b,Success,Transfer,120070987,2026-09-05 07:31:18,0xf1618ea0c0f2204c1aecfabfa2b3dc5fe063d733,Fake_Phishing971097,0x231bdd87ade0feb934a981f9a4442cc2bac110c8,Fake_Phishing1330116,0 BNB,$0.00,3.03e-05
0xdacb955cbbb711b834401d1c36a97a1c9ac3729175884e8c69da1c1d06790943,Success,Transfer,120070227,2026-09-05 07:25:36,0xf1618ea0c0f2204c1aecfabfa2b3dc5fe063d733,Fake_Phishing971097,0x231bdd87ade0feb934a981f9a4442cc2bac110c8,Fake_Phishing1330116,0 BNB,$0.00,3.031e-05
0xe06c6ed6416b6f5fdb2a40689d7faaadf608bfc8947ddd9f51267c8f34cf1b86,Success,Transfer,120069513,2026-09-05 07:20:14,0xf1618ea0c0f2204c1aecfabfa2b3dc5fe063d733,Fake_Phishing971097,0x231bdd87ade0feb934a981f9a4442cc2bac110c8,Fake_Phishing1330116,0 BNB,$0.00,2.972e-05
0xea1ced296ba67141fe724ada24e0dfc6d04eb31b614df125e893d0bdf3c56075,Success,Transfer,120068829,2026-09-05 07:15:06,0xf1618ea0c0f2204c1aecfabfa2b3dc5fe063d733,Fake_Phishing971097,0x231bdd87ade0feb934a981f9a4442cc2bac110c8,Fake_Phishing1330116,0 BNB,$0.00,3.011e-05
0x02384f9e5aef6dd469e2d5cadf1df813f495245fde8b9aa5149c9003d6da43c7,Success,Transfer,120068140,2026-09-05 07:09:56,0xf1618ea0c0f2204c1aecfabfa2b3dc5fe063d733,Fake_Phishing971097,0x231bdd87ade0feb934a981f9a4442cc2bac110c8,Fake_Phishing1330116,0 BNB,$0.00,2.972e-05
0xa5f2e457220b73cb6b5fdfaa800eba0ba65c546fd7d05245b38e7e8b67aff7f9,Success,Transfer,120067446,2026-09-05 07:04:44,0xf1618ea0c0f2204c1aecfabfa2b3dc5fe063d733,Fake_Phishing971097,0x231bdd87ade0feb934a981f9a4442cc2bac110c8,Fake_Phishing1330116,0 BNB,$0.00,2.932e-05
0x207af60e0517060fea70ea65cdd8753ea40e629a45f485db17d612634e54fe2e,Success,Transfer,120066695,2026-09-05 06:59:06,0xf1618ea0c0f2204c1aecfabfa2b3dc5fe063d733,Fake_Phishing971097,0x231bdd87ade0feb934a981f9a4442cc2bac110c8,Fake_Phishing1330116,0 BNB,$0.00,3.039e-05
0x8e7bf38d2570682149130d064caf876d5dddc37aa6f7dec22f619390a740ee9c,Success,Transfer,120065840,2026-09-05 06:52:41,0xf1618ea0c0f2204c1aecfabfa2b3dc5fe063d733,Fake_Phishing971097,0x231bdd87ade0feb934a981f9a4442cc2bac110c8,Fake_Phishing1330116,0 BNB,$0.00,3.031e-05
0xde1c5caca3e363a2f54785dbcc542f31e139e01727f36e4e452207ba8d130602,Success,Transfer,120065078,2026-09-05 06:46:58,0xf1618ea0c0f2204c1aecfabfa2b3dc5fe063d733,Fake_Phishing971097,0x231bdd87ade0feb934a981f9a4442cc2bac110c8,Fake_Phishing1330116,0 BNB,$0.00,3.031e-05
0x854d97e04e767018f5106d9845dd60ebdaadab8157ea73ad5689b06716380402,Success,Transfer,120064273,2026-09-05 06:40:56,0xf1618ea0c0f2204c1aecfabfa2b3dc5fe063d733,Fake_Phishing971097,0x231bdd87ade0feb934a981f9a4442cc2bac110c8,Fake_Phishing1330116,0 BNB,$0.00,2.972e-05
0xf2b8a6f477d1fe10f1bc9bac1a9aed746bfb26de5b568cfcd1d2141be46f3af5,Success,Transfer,120063484,2026-09-05 06:35:00,0xf1618ea0c0f2204c1aecfabfa2b3dc5fe063d733,Fake_Phishing971097,0x231bdd87ade0feb934a981f9a4442cc2bac110c8,Fake_Phishing1330116,0 BNB,$0.00,3.035e-05
0xbc8dee8949c339559f21e48ee26b3f4057878acc8127c3e19c7901cb57cb7a51,Success,Transfer,120062700,2026-09-05 06:29:07,0xf1618ea0c0f2204c1aecfabfa2b3dc5fe063d733,Fake_Phishing971097,0x231bdd87ade0feb934a981f9a4442cc2bac110c8,Fake_Phishing1330116,0 BNB,$0.00,2.962e-05
0xad25ae9b32eeb2faa2211874250c055711fea621c74861bbfe4b206539f9ff6c,Success,Transfer,120061976,2026-09-05 06:23:41,0xf1618ea0c0f2204c1aecfabfa2b3dc5fe063d733,Fake_Phishing971097,0x231bdd87ade0feb934a981f9a4442cc2bac110c8,Fake_Phishing1330116,0 BNB,$0.00,3.03e-05
0x4785522abe8049d500b65ff7e87a45345f3dec0d9be5d456e0c5e143085534a6,Success,Transfer,120061174,2026-09-05 06:17:41,0xf1618ea0c0f2204c1aecfabfa2b3dc5fe063d733,Fake_Phishing971097,0x231bdd87ade0feb934a981f9a4442cc2bac110c8,Fake_Phishing1330116,0 BNB,$0.00,3.001e-05
0xdcc8e772a519a152d406e0fb2a2f2b0fc34475f19fbaf0ad82306b24d0da720d,Success,Transfer,120060390,2026-09-05 06:11:48,0xf1618ea0c0f2204c1aecfabfa2b3dc5fe063d733,Fake_Phishing971097,0x231bdd87ade0feb934a981f9a4442cc2bac110c8,Fake_Phishing1330116,0 BNB,$0.00,3.031e-05
0x6278b77a6fcf9eac499aaced17282832f8a6d85d39dcc15ad8856163e9169e6d,Success,Transfer,120059595,2026-09-05 06:05:50,0xf1618ea0c0f2204c1aecfabfa2b3dc5fe063d733,Fake_Phishing971097,0x231bdd87ade0feb934a981f9a4442cc2bac110c8,Fake_Phishing1330116,0 BNB,$0.00,3.034e-05
0x1129546718cf9f27be0d7f25786a6e0ad054843421296e67e90280fc096d2d68,Success,Transfer,120058880,2026-09-05 06:00:28,0xf1618ea0c0f2204c1aecfabfa2b3dc5fe063d733,Fake_Phishing971097,0x231bdd87ade0feb934a981f9a4442cc2bac110c8,Fake_Phishing1330116,0 BNB,$0.00,3.035e-05
0x46e9ad7e329623d0f58dd3381d7d7c3f958e7184e7d4c56f2fae454d1ee0bba8,Success,Transfer,120058089,2026-09-05 05:54:32,0xf1618ea0c0f2204c1aecfabfa2b3dc5fe063d733,Fake_Phishing971097,0x231bdd87ade0feb934a981f9a4442cc2bac110c8,Fake_Phishing1330116,0 BNB,$0.00,2.972e-05
0x05dc6f87d7bfb7310eab3064d063a9419c7e12c69b9dab220c35fce52403482b,Success,Transfer,120057195,2026-09-05 05:47:49,0xf1618ea0c0f2204c1aecfabfa2b3dc5fe063d733,Fake_Phishing971097,0x231bdd87ade0feb934a981f9a4442cc2bac110c8,Fake_Phishing1330116,0 BNB,$0.00,2.972e-05
0x5d93d4d7c342714ae810aa39dc67737ba4bd3c137480d3f62337164281d5857b,Success,Transfer,120056267,2026-09-05 05:40:52,0xf1618ea0c0f2204c1aecfabfa2b3dc5fe063d733,Fake_Phishing971097,0x231bdd87ade0feb934a981f9a4442cc2bac110c8,Fake_Phishing1330116,0 BNB,$0.00,2.962e-05
0xc0dc8203cdf70a2fb141eedea2441727ae91105f5d2719884deab0e8e4f3a54e,Success,Transfer,120055344,2026-09-05 05:33:56,0xf1618ea0c0f2204c1aecfabfa2b3dc5fe063d733,Fake_Phishing971097,0x231bdd87ade0feb934a981f9a4442cc2bac110c8,Fake_Phishing1330116,0 BNB,$0.00,3.031e-05
0xe3ee38577fa87320589b0b1fe67f253499ad7dcf03633fac42e3b6da93e97759,Success,Transfer,120054444,2026-09-05 05:27:11,0xf1618ea0c0f2204c1aecfabfa2b3dc5fe063d733,Fake_Phishing971097,0x231bdd87ade0feb934a981f9a4442cc2bac110c8,Fake_Phishing1330116,0 BNB,$0.00,2.985e-05
0x98ae3cfbacbe85c72665d4cdffb05f6f59c052c481e4e664fc81b8a4c2670491,Success,Transfer,120053628,2026-09-05 05:21:03,0xf1618ea0c0f2204c1aecfabfa2b3dc5fe063d733,Fake_Phishing971097,0x231bdd87ade0feb934a981f9a4442cc2bac110c8,Fake_Phishing1330116,0 BNB,$0.00,3.015e-05
0x3b762461c304299d732bffcc15de98feae7021c86264dd023556594db455e016,Success,Transfer,120052787,2026-09-05 05:14:45,0xf1618ea0c0f2204c1aecfabfa2b3dc5fe063d733,Fake_Phishing971097,0x231bdd87ade0feb934a981f9a4442cc2bac110c8,Fake_Phishing1330116,0 BNB,$0.00,3.035e-05
0x2642e73e54917f3fbf091956c0f4db51e2095f60b93cd22d42ec74dab3be0514,Success,Transfer,120051932,2026-09-05 05:08:20,0xf1618ea0c0f2204c1aecfabfa2b3dc5fe063d733,Fake_Phishing971097,0x231bdd87ade0feb934a981f9a4442cc2bac110c8,Fake_Phishing1330116,0 BNB,$0.00,3.031e-05
0x806d2e3dd4dac6a98a60a4428be384b3d1ea3d09afb5917247b263f095f8d986,Success,Transfer,120051070,2026-09-05 05:01:52,0xf1618ea0c0f2204c1aecfabfa2b3dc5fe063d733,Fake_Phishing971097,0x231bdd87ade0feb934a981f9a4442cc2bac110c8,Fake_Phishing1330116,0 BNB,$0.00,2.972e-05
0x9e15dbb3b2b2ac7d22f24eec687ab6f264442cc63caf12ee4feed9e646c94798,Success,Transfer,120050223,2026-09-05 04:55:31,0xf1618ea0c0f2204c1aecfabfa2b3dc5fe063d733,Fake_Phishing971097,0x231bdd87ade0feb934a981f9a4442cc2bac110c8,Fake_Phishing1330116,0 BNB,$0.00,2.99e-05
0x2936a7122dd830aa90dc11f6d5a0eceaee78aa86a848e71f0150b67d761922ab,Success,Transfer,120049325,2026-09-05 04:48:47,0xf1618ea0c0f2204c1aecfabfa2b3dc5fe063d733,Fake_Phishing971097,0x231bdd87ade0feb934a981f9a4442cc2bac110c8,Fake_Phishing1330116,0 BNB,$0.00,2.973e-05
0x4f6fabb21929eb75aff5e49721d48150696969e86755aecd281c26ef0efd528f,Success,Transfer,120048472,2026-09-05 04:42:23,0xf1618ea0c0f2204c1aecfabfa2b3dc5fe063d733,Fake_Phishing971097,0x231bdd87ade0feb934a981f9a4442cc2bac110c8,Fake_Phishing1330116,0 BNB,$0.00,3.014e-05
0xc8d75fe0e02b27e23c74b235aa472fac45e6de0eb77e9bd1ffa081949c160327,Success,Transfer,120047473,2026-09-05 04:34:53,0xf1618ea0c0f2204c1aecfabfa2b3dc5fe063d733,Fake_Phishing971097,0x231bdd87ade0feb934a981f9a4442cc2bac110c8,Fake_Phishing1330116,0 BNB,$0.00,3.031e-05
0x36545a879c64ca55e70678f164931613dfecb9a2c14e14dc84e935e9a5f8fa29,Success,Transfer,120046437,2026-09-05 04:27:07,0xf1618ea0c0f2204c1aecfabfa2b3dc5fe063d733,Fake_Phishing971097,0x231bdd87ade0feb934a981f9a4442cc2bac110c8,Fake_Phishing1330116,0 BNB,$0.00,3.025e-05
0x1c3899b9a1878760eb3d5fa5730c12089c2f6891e4fd66107e26e3f1fcaeb3b2,Success,Transfer,120045415,2026-09-05 04:19:27,0xf1618ea0c0f2204c1aecfabfa2b3dc5fe063d733,Fake_Phishing971097,0x231bdd87ade0feb934a981f9a4442cc2bac110c8,Fake_Phishing1330116,0 BNB,$0.00,2.972e-05
0xc45e1393efebf401ccd02295a49caa0b587ae94bff29cd014e574de360fae5af,Success,Transfer,120044349,2026-09-05 04:11:28,0xf1618ea0c0f2204c1aecfabfa2b3dc5fe063d733,Fake_Phishing971097,0x231bdd87ade0feb934a981f9a4442cc2bac110c8,Fake_Phishing1330116,0 BNB,$0.00,2.972e-05
0xe753b03e791bd24c27f0edc0a488f3a420cb5c4ebbbabf5a36838830f49374d8,Success,Transfer,120043304,2026-09-05 04:03:37,0xf1618ea0c0f2204c1aecfabfa2b3dc5fe063d733,Fake_Phishing971097,0x231bdd87ade0feb934a981f9a4442cc2bac110c8,Fake_Phishing1330116,0 BNB,$0.00,2.952e-05
0x963673f4ec1cf3d16cbcbe77f65b384bedbd22419a351f9de850103b71d5c5e2,Success,Transfer,120042258,2026-09-05 03:55:46,0xf1618ea0c0f2204c1aecfabfa2b3dc5fe063d733,Fake_Phishing971097,0x231bdd87ade0feb934a981f9a4442cc2bac110c8,Fake_Phishing1330116,0 BNB,$0.00,2.971e-05
0xfff110642d7f098ec3e07fe332fb2e8b0fd46b3f501533c1c35a58273e779b61,Success,Transfer,120041316,2026-09-05 03:48:42,0xf1618ea0c0f2204c1aecfabfa2b3dc5fe063d733,Fake_Phishing971097,0x231bdd87ade0feb934a981f9a4442cc2bac110c8,Fake_Phishing1330116,0 BNB,$0.00,3.031e-05
0xccfa1961e265f4a023153fc73af9252213157f55e0ff0b07ca6f47ca3b640b54,Success,Transfer,120040319,2026-09-05 03:41:13,0xf1618ea0c0f2204c1aecfabfa2b3dc5fe063d733,Fake_Phishing971097,0x231bdd87ade0feb934a981f9a4442cc2bac110c8,Fake_Phishing1330116,0 BNB,$0.00,2.973e-05
0xff1ee07f48e0057ef3a52813ebac96ada2fc2dfbc13706482be3910228e67fc1,Success,Transfer,120039297,2026-09-05 03:33:33,0xf1618ea0c0f2204c1aecfabfa2b3dc5fe063d733,Fake_Phishing971097,0x231bdd87ade0feb934a981f9a4442cc2bac110c8,Fake_Phishing1330116,0 BNB,$0.00,2.972e-05
0x74a47bccb6c0dabb3f39fe614d9ae7ebef4ffe366f311b7bd2047652cc101cc4,Success,Transfer,120038310,2026-09-05 03:26:08,0xf1618ea0c0f2204c1aecfabfa2b3dc5fe063d733,Fake_Phishing971097,0x231bdd87ade0feb934a981f9a4442cc2bac110c8,Fake_Phishing1330116,0 BNB,$0.00,2.971e-05
0x8cda39cada787c1730cec0ff38a20ff80ce51233e6d9b823855bdade4b745af4,Success,Transfer,120037389,2026-09-05 03:19:14,0xf1618ea0c0f2204c1aecfabfa2b3dc5fe063d733,Fake_Phishing971097,0x231bdd87ade0feb934a981f9a4442cc2bac110c8,Fake_Phishing1330116,0 BNB,$0.00,3.03e-05
0xe59ce83a7afbe7c7972b64b40eb412a90d56881787d032055d91bd8bca02f0b5,Success,Transfer,120036296,2026-09-05 03:11:02,0xf1618ea0c0f2204c1aecfabfa2b3dc5fe063d733,Fake_Phishing971097,0x231bdd87ade0feb934a981f9a4442cc2bac110c8,Fake_Phishing1330116,0 BNB,$0.00,3.031e-05
0xc27721de0b37405729d758913d512dd4d8d5604e83c3c9196f588d10917c8795,Success,Transfer,120035314,2026-09-05 03:03:40,0xf1618ea0c0f2204c1aecfabfa2b3dc5fe063d733,Fake_Phishing971097,0x231bdd87ade0feb934a981f9a4442cc2bac110c8,Fake_Phishing1330116,0 BNB,$0.00,2.972e-05
0x845ab62d3f0392ff459abc47545db01761599f987138f83dcd0bdaf3917d79e6,Success,Transfer,120034254,2026-09-05 02:55:43,0xf1618ea0c0f2204c1aecfabfa2b3dc5fe063d733,Fake_Phishing971097,0x231bdd87ade0feb934a981f9a4442cc2bac110c8,Fake_Phishing1330116,0 BNB,$0.00,2.972e-05
0x2a866440af818a86d0e0cd0c2d7a1c329879063062210d492986844303500417,Success,Transfer,120033131,2026-09-05 02:47:18,0xf1618ea0c0f2204c1aecfabfa2b3dc5fe063d733,Fake_Phishing971097,0x231bdd87ade0feb934a981f9a4442cc2bac110c8,Fake_Phishing1330116,0 BNB,$0.00,2.982e-05
0xcdfba5489e2c6e1e0d9c96e342f4ad113ae0ca01eeeef084efb0438b8ddf9b67,Success,Transfer,120032139,2026-09-05 02:39:51,0xf1618ea0c0f2204c1aecfabfa2b3dc5fe063d733,Fake_Phishing971097,0x231bdd87ade0feb934a981f9a4442cc2bac110c8,Fake_Phishing1330116,0 BNB,$0.00,2.943e-05
0xb2de6811a6b41425c5b72a5be043e033037b6fd76b259f8f6664575c9bfe6a07,Success,Transfer,120031186,2026-09-05 02:32:42,0xf1618ea0c0f2204c1aecfabfa2b3dc5fe063d733,Fake_Phishing971097,0x231bdd87ade0feb934a981f9a4442cc2bac110c8,Fake_Phishing1330116,0 BNB,$0.00,2.981e-05
0x7403b6af688d4ff051a3725f4b6154b207b09604e2e35c68e11c425ba53981af,Success,Transfer,120030105,2026-09-05 02:24:36,0xf1618ea0c0f2204c1aecfabfa2b3dc5fe063d733,Fake_Phishing971097,0x231bdd87ade0feb934a981f9a4442cc2bac110c8,Fake_Phishing1330116,0 BNB,$0.00,3.039e-05
0xe8beeae2d26584544315114ca17423c8a7d58002d0795c6550ff305e7fd198be,Success,Transfer,120029159,2026-09-05 02:17:30,0xf1618ea0c0f2204c1aecfabfa2b3dc5fe063d733,Fake_Phishing971097,0x231bdd87ade0feb934a981f9a4442cc2bac110c8,Fake_Phishing1330116,0 BNB,$0.00,2.972e-05
0x97130061f550dcabb833f2cf1ce7f2eebdc03d80e4e3153f79015677b456bd5a,Success,Transfer,120028074,2026-09-05 02:09:21,0xf1618ea0c0f2204c1aecfabfa2b3dc5fe063d733,Fake_Phishing971097,0x231bdd87ade0feb934a981f9a4442cc2bac110c8,Fake_Phishing1330116,0 BNB,$0.00,3.03e-05
0xe2eb3f2e7ae7633bfb68f94c4785f8f7ab01574b0866b2ac1bee5076f9e78930,Success,Transfer,120026920,2026-09-05 02:00:42,0xf1618ea0c0f2204c1aecfabfa2b3dc5fe063d733,Fake_Phishing971097,0x231bdd87ade0feb934a981f9a4442cc2bac110c8,Fake_Phishing1330116,0 BNB,$0.00,2.991e-05
0xd641e2251a8b92e40fb5cae2ed918342a9a8f9d0cf46e547fd7a73d0d2783f04,Success,Transfer,120025719,2026-09-05 01:51:42,0xf1618ea0c0f2204c1aecfabfa2b3dc5fe063d733,Fake_Phishing971097,0x231bdd87ade0feb934a981f9a4442cc2bac110c8,Fake_Phishing1330116,0 BNB,$0.00,2.971e-05
0x28c4000b77f0445e64fc1ff4e03279646a89cc55e441edd24119fedaf1a49e91,Success,Transfer,120024533,2026-09-05 01:42:48,0xf1618ea0c0f2204c1aecfabfa2b3dc5fe063d733,Fake_Phishing971097,0x231bdd87ade0feb934a981f9a4442cc2bac110c8,Fake_Phishing1330116,0 BNB,$0.00,3.03e-05
0x725f2fa7a636731b46f931fc6ac59711a98e0ff0f6ef2a16cbfc743a0f7c396c,Success,Transfer,120023264,2026-09-05 01:33:17,0xf1618ea0c0f2204c1aecfabfa2b3dc5fe063d733,Fake_Phishing971097,0x231bdd87ade0feb934a981f9a4442cc2bac110c8,Fake_Phishing1330116,0 BNB,$0.00,3.021e-05
0x00ae2aba9f05b54a16ad8a4033e2f72b14caadfe4b57ccd68df2f706a18bfab6,Success,Transfer,120021964,2026-09-05 01:23:31,0xf1618ea0c0f2204c1aecfabfa2b3dc5fe063d733,Fake_Phishing971097,0x231bdd87ade0feb934a981f9a4442cc2bac110c8,Fake_Phishing1330116,0 BNB,$0.00,2.933e-05
0x7e85d38ced3b69241a2bbe08c9b4e3df47e81330e70df8fcd908b77845fdb5e5,Success,Transfer,120020757,2026-09-05 01:14:28,0xf1618ea0c0f2204c1aecfabfa2b3dc5fe063d733,Fake_Phishing971097,0x231bdd87ade0feb934a981f9a4442cc2bac110c8,Fake_Phishing1330116,0 BNB,$0.00,3.032e-05
0x76b14e2c64fbb185fa562fcc0bd0a7c10fa6d927375cc71ecab5c8eff5a30729,Success,Transfer,120019409,2026-09-05 01:04:22,0xf1618ea0c0f2204c1aecfabfa2b3dc5fe063d733,Fake_Phishing971097,0x231bdd87ade0feb934a981f9a4442cc2bac110c8,Fake_Phishing1330116,0 BNB,$0.00,2.932e-05
0xe7db1623e008c7007a60199ee7cc1a7708dbe854b1713d52dccd81a51a4ab1fe,Success,Transfer,120017918,2026-09-05 00:53:10,0xf1618ea0c0f2204c1aecfabfa2b3dc5fe063d733,Fake_Phishing971097,0x231bdd87ade0feb934a981f9a4442cc2bac110c8,Fake_Phishing1330116,0 BNB,$0.00,3.001e-05
0x26a1c1697be20d53d84cdceb82a2d5bacd80be00dd32434b9706f8e1e0cb9db3,Success,Transfer,120015843,2026-09-05 00:37:36,0xf1618ea0c0f2204c1aecfabfa2b3dc5fe063d733,Fake_Phishing971097,0x231bdd87ade0feb934a981f9a4442cc2bac110c8,Fake_Phishing1330116,0 BNB,$0.00,2.975e-05
0xfb2f32d01277ffc05d64e2f5993ebff2e2be90f7f557d1ef7ee95f8e972eed28,Success,Transfer,120014222,2026-09-05 00:25:27,0xf1618ea0c0f2204c1aecfabfa2b3dc5fe063d733,Fake_Phishing971097,0x231bdd87ade0feb934a981f9a4442cc2bac110c8,Fake_Phishing1330116,0 BNB,$0.00,3.021e-05
0xe559af5e1f06ff257b75ccfcefb69cd462b15e08b8c08a80adc163c1920e282a,Success,Transfer,120013066,2026-09-05 00:16:47,0x8100e7c2dbf89e80f01cac46d4df8949704add8f,,0xf1618ea0c0f2204c1aecfabfa2b3dc5fe063d733,Fake_Phishing971097,0.095086824 BNB,$70.67,1.05e-06
0x0518992cdf9789ea597547d82be2880f60995f27b2b0278518c9697cffac9869,Success,Transfer,120012601,2026-09-05 00:13:17,0xf1618ea0c0f2204c1aecfabfa2b3dc5fe063d733,Fake_Phishing971097,0x231bdd87ade0feb934a981f9a4442cc2bac110c8,Fake_Phishing1330116,0 BNB,$0.00,2.991e-05
0x23e6a48f117cc8d55ab1bb9645d7f73c014beeaa8c746c1283ffad8348be43d3,Success,Transfer,120010843,2026-09-05 00:00:06,0xf1618ea0c0f2204c1aecfabfa2b3dc5fe063d733,Fake_Phishing971097,0x231bdd87ade0feb934a981f9a4442cc2bac110c8,Fake_Phishing1330116,0 BNB,$0.00,2.972e-05
0xe1cbf5cb8c33a0df3ce912aaf940475bacd471aa64d67a6640ec23fa0bbf82fd,Success,Transfer,120008818,2026-09-04 23:44:55,0xf1618ea0c0f2204c1aecfabfa2b3dc5fe063d733,Fake_Phishing971097,0x231bdd87ade0feb934a981f9a4442cc2bac110c8,Fake_Phishing1330116,0 BNB,$0.00,2.995e-05
0xf26ff8a5eebb00caf26c1a1eb78fc87c9c7b5576f1f1d0cd2e9dd0901740c11b,Success,Transfer,120007217,2026-09-04 23:32:54,0xf1618ea0c0f2204c1aecfabfa2b3dc5fe063d733,Fake_Phishing971097,0x231bdd87ade0feb934a981f9a4442cc2bac110c8,Fake_Phishing1330116,0 BNB,$0.00,2.972e-05
0xff5610acd888d825e3879b6079e6d3f265ecb065c6825d1efb2ddfdd2514b39a,Success,Transfer,120005491,2026-09-04 23:19:57,0xf1618ea0c0f2204c1aecfabfa2b3dc5fe063d733,Fake_Phishing971097,0x231bdd87ade0feb934a981f9a4442cc2bac110c8,Fake_Phishing1330116,0 BNB,$0.00,3.025e-05
0x6de34e320595ff3e3331a0da425130267cea43f29672a7d374f6543534a2fec1,Success,Transfer,120003422,2026-09-04 23:04:26,0xf1618ea0c0f2204c1aecfabfa2b3dc5fe063d733,Fake_Phishing971097,0x231bdd87ade0feb934a981f9a4442cc2bac110c8,Fake_Phishing1330116,0 BNB,$0.00,2.959e-05
0x35465b36b1fffcff100ef1a97ca72ecee07f1a741da56cee8972304ab74b48fc,Success,Transfer,120001634,2026-09-04 22:51:01,0xf1618ea0c0f2204c1aecfabfa2b3dc5fe063d733,Fake_Phishing971097,0x231bdd87ade0feb934a981f9a4442cc2bac110c8,Fake_Phishing1330116,0 BNB,$0.00,3.019e-05
0x2b3f20783163bc9b03218995264d46507861f448e07f62e73bb6a419fedb0e48,Success,Transfer,119999947,2026-09-04 22:38:21,0xf1618ea0c0f2204c1aecfabfa2b3dc5fe063d733,Fake_Phishing971097,0x231bdd87ade0feb934a981f9a4442cc2bac110c8,Fake_Phishing1330116,0 BNB,$0.00,3.032e-05
0xcfa7b014fca5f2b620d4f35e79aa919d95592d5e7777db8ec3636597f1669fdf,Success,Transfer,119998108,2026-09-04 22:24:33,0xf1618ea0c0f2204c1aecfabfa2b3dc5fe063d733,Fake_Phishing971097,0x231bdd87ade0feb934a981f9a4442cc2bac110c8,Fake_Phishing1330116,0 BNB,$0.00,3.025e-05
0x5ce64fc596f956fe8f61a1de16aca2016d7278187d1a8e93128fa8b2cce5818b,Success,Transfer,119996044,2026-09-04 22:09:02,0xf1618ea0c0f2204c1aecfabfa2b3dc5fe063d733,Fake_Phishing971097,0x231bdd87ade0feb934a981f9a4442cc2bac110c8,Fake_Phishing1330116,0 BNB,$0.00,3.035e-05
0x5add60bc6a065176cb8a83c75641aa6d4cd67ea38439b52867e7bab2ef01eb82,Success,Transfer,119993927,2026-09-04 21:53:09,0xf1618ea0c0f2204c1aecfabfa2b3dc5fe063d733,Fake_Phishing971097,0x231bdd87ade0feb934a981f9a4442cc2bac110c8,Fake_Phishing1330116,0 BNB,$0.00,2.72e-05
0x37f02c985b838aa3cd955f39c1a6ec1a06ad44013597265934ec5dc6bff4cea5,Success,Transfer,119991893,2026-09-04 21:37:53,0xf1618ea0c0f2204c1aecfabfa2b3dc5fe063d733,Fake_Phishing971097,0x231bdd87ade0feb934a981f9a4442cc2bac110c8,Fake_Phishing1330116,0 BNB,$0.00,3.02e-05
0x5090e7a6c1a13ca866d4430fe1a5edcd6976ef7a7906b5cf22d8b20e6598bce5,Success,Transfer,119989840,2026-09-04 21:22:29,0xf1618ea0c0f2204c1aecfabfa2b3dc5fe063d733,Fake_Phishing971097,0x231bdd87ade0feb934a981f9a4442cc2bac110c8,Fake_Phishing1330116,0 BNB,$0.00,3.029e-05
0xc9a93d39f72710d10cc11af6f5ba7f9f76fbb70243015fc90f7b2c6643528105,Success,Transfer,119987897,2026-09-04 21:07:55,0xf1618ea0c0f2204c1aecfabfa2b3dc5fe063d733,Fake_Phishing971097,0x231bdd87ade0feb934a981f9a4442cc2bac110c8,Fake_Phishing1330116,0 BNB,$0.00,2.932e-05
0x6bb852a6476259ab079ba032c9c82b9492d9b2e35186954dedb8b6acc51d4c89,Success,Transfer,119985827,2026-09-04 20:52:23,0xf1618ea0c0f2204c1aecfabfa2b3dc5fe063d733,Fake_Phishing971097,0x231bdd87ade0feb934a981f9a4442cc2bac110c8,Fake_Phishing1330116,0 BNB,$0.00,2.994e-05
0x52d5dab23a1b885be96c72db475624e68dc89e09e152aa5a98dd129f22fa531f,Success,Transfer,119983660,2026-09-04 20:36:07,0xf1618ea0c0f2204c1aecfabfa2b3dc5fe063d733,Fake_Phishing971097,0x231bdd87ade0feb934a981f9a4442cc2bac110c8,Fake_Phishing1330116,0 BNB,$0.00,3.018e-05
0x35feb5862af9f0b7803dbe3d28529ccd911ebea8d624da0c60f28363e89a51cd,Success,Transfer,119981676,2026-09-04 20:21:14,0xf1618ea0c0f2204c1aecfabfa2b3dc5fe063d733,Fake_Phishing971097,0x231bdd87ade0feb934a981f9a4442cc2bac110c8,Fake_Phishing1330116,0 BNB,$0.00,2.882e-05
0xb9eb4945cee5e181ec1d296c59d82dd3b306048ea98042413d4629a94d4d918d,Success,Transfer,119979942,2026-09-04 20:08:14,0xf1618ea0c0f2204c1aecfabfa2b3dc5fe063d733,Fake_Phishing971097,0x231bdd87ade0feb934a981f9a4442cc2bac110c8,Fake_Phishing1330116,0 BNB,$0.00,3.034e-05
0x51b77e490445e6d9d5af2e86dcbc6af8c2aadaca2ed2b7b336d52d03d1f5d28d,Success,Transfer,119978183,2026-09-04 19:55:02,0xf1618ea0c0f2204c1aecfabfa2b3dc5fe063d733,Fake_Phishing971097,0x231bdd87ade0feb934a981f9a4442cc2bac110c8,Fake_Phishing1330116,0 BNB,$0.00,2.941e-05
0x67ff88c23127ff4c36adf561629ed6c79b8f33ed535250c460e854b9b49fddf7,Success,Transfer,119976256,2026-09-04 19:40:35,0xf1618ea0c0f2204c1aecfabfa2b3dc5fe063d733,Fake_Phishing971097,0x231bdd87ade0feb934a981f9a4442cc2bac110c8,Fake_Phishing1330116,0 BNB,$0.00,2.948e-05
0x7e6352bf530d96182a19e2aca5ae4e31a2915dacb05e97d2caa705a2e83b542b,Success,Transfer,119974454,2026-09-04 19:27:04,0xf1618ea0c0f2204c1aecfabfa2b3dc5fe063d733,Fake_Phishing971097,0x231bdd87ade0feb934a981f9a4442cc2bac110c8,Fake_Phishing1330116,0 BNB,$0.00,3.011e-05
0xa1fdb72049ff9fa83f7e38eb0145db29a82fb30f9a63d78c896718aac0a41f9e,Success,Transfer,119972724,2026-09-04 19:14:05,0xf1618ea0c0f2204c1aecfabfa2b3dc5fe063d733,Fake_Phishing971097,0x231bdd87ade0feb934a981f9a4442cc2bac110c8,Fake_Phishing1330116,0 BNB,$0.00,3.011e-05
0x0e00fb825b1db1ff998a6f5551a8e88ed2871ddab37dabe9270085253ac5fce9,Success,Transfer,119971162,2026-09-04 19:02:23,0xf1618ea0c0f2204c1aecfabfa2b3dc5fe063d733,Fake_Phishing971097,0x231bdd87ade0feb934a981f9a4442cc2bac110c8,Fake_Phishing1330116,0 BNB,$0.00,2.974e-05
0x05fa86f1de7e6283f8c0dcc0c9fa1e9310076818bfcb2ed292708a4b5d2be2f8,Success,Transfer,119969525,2026-09-04 18:50:05,0xf1618ea0c0f2204c1aecfabfa2b3dc5fe063d733,Fake_Phishing971097,0x231bdd87ade0feb934a981f9a4442cc2bac110c8,Fake_Phishing1330116,0 BNB,$0.00,3.038e-05
0xe582be41df4fae3593a03eddcc17ac77b59e1faa43136aec12c0adb7ba79750f,Success,Transfer,119967952,2026-09-04 18:38:17,0xf1618ea0c0f2204c1aecfabfa2b3dc5fe063d733,Fake_Phishing971097,0x231bdd87ade0feb934a981f9a4442cc2bac110c8,Fake_Phishing1330116,0 BNB,$0.00,3.01e-05
0x7ad94b77dbf4e87b27a1541244f70e0aaed3d8b0b67ba38cbf4f534bb95a26b3,Success,Transfer,119966429,2026-09-04 18:26:51,0xf1618ea0c0f2204c1aecfabfa2b3dc5fe063d733,Fake_Phishing971097,0x231bdd87ade0feb934a981f9a4442cc2bac110c8,Fake_Phishing1330116,0 BNB,$0.00,2.932e-05
0x3eaf50930283d4cb7d75744e0999214f5402d1175ffd76b5e00910bf7c9ed8b4,Success,Transfer,119964943,2026-09-04 18:15:43,0xf1618ea0c0f2204c1aecfabfa2b3dc5fe063d733,Fake_Phishing971097,0x231bdd87ade0feb934a981f9a4442cc2bac110c8,Fake_Phishing1330116,0 BNB,$0.00,2.951e-05
0x5e313f2767021a50b2068bfb596d0aa8f02d9fb706c725a933fec425415efe8a,Success,Transfer,119963526,2026-09-04 18:05:04,0xf1618ea0c0f2204c1aecfabfa2b3dc5fe063d733,Fake_Phishing971097,0x231bdd87ade0feb934a981f9a4442cc2bac110c8,Fake_Phishing1330116,0 BNB,$0.00,3.029e-05
0xe5e594ce72b60450afb2816142dca1a08685e123da66407f17b439a2a94d0dba,Success,Transfer,119962124,2026-09-04 17:54:33,0xf1618ea0c0f2204c1aecfabfa2b3dc5fe063d733,Fake_Phishing971097,0x231bdd87ade0feb934a981f9a4442cc2bac110c8,Fake_Phishing1330116,0 BNB,$0.00,2.951e-05
0xf233435ceffe35813bfee8765f34ea6efb0e9c7c88a110a20e7c81df40afeae5,Success,Transfer,119960757,2026-09-04 17:44:17,0xf1618ea0c0f2204c1aecfabfa2b3dc5fe063d733,Fake_Phishing971097,0x231bdd87ade0feb934a981f9a4442cc2bac110c8,Fake_Phishing1330116,0 BNB,$0.00,3.038e-05
0x3a55c4e8f8c5ab911449c1566ae905cc05d711bdadab6048caca404ced112752,Success,Transfer,119959477,2026-09-04 17:34:41,0xf1618ea0c0f2204c1aecfabfa2b3dc5fe063d733,Fake_Phishing971097,0x231bdd87ade0feb934a981f9a4442cc2bac110c8,Fake_Phishing1330116,0 BNB,$0.00,3.014e-05
0x71a0734beaf735d19d5de015d5c91481ce830312bd5d09ddda665428ad2776bd,Success,Transfer,119958192,2026-09-04 17:25:03,0xf1618ea0c0f2204c1aecfabfa2b3dc5fe063d733,Fake_Phishing971097,0x231bdd87ade0feb934a981f9a4442cc2bac110c8,Fake_Phishing1330116,0 BNB,$0.00,2.961e-05
0xd075c62e5b6aa643134676bfdbd8abf85d6c64ad21d655909dc8519a601f0ef6,Success,Transfer,119956935,2026-09-04 17:15:37,0xf1618ea0c0f2204c1aecfabfa2b3dc5fe063d733,Fake_Phishing971097,0x231bdd87ade0feb934a981f9a4442cc2bac110c8,Fake_Phishing1330116,0 BNB,$0.00,2.934e-05
0x127fb67f9747e9230c7a0abaea4821313acaaba58d616c4707acb85a842a9685,Success,Transfer,119955683,2026-09-04 17:06:13,0xf1618ea0c0f2204c1aecfabfa2b3dc5fe063d733,Fake_Phishing971097,0x231bdd87ade0feb934a981f9a4442cc2bac110c8,Fake_Phishing1330116,0 BNB,$0.00,3.034e-05
0xa64b6d5e4c0685d06cd2a2201e98adaa2ad69b608dccd4f043f3c99919668ac3,Success,Transfer,119954548,2026-09-04 16:57:43,0xf1618ea0c0f2204c1aecfabfa2b3dc5fe063d733,Fake_Phishing971097,0x231bdd87ade0feb934a981f9a4442cc2bac110c8,Fake_Phishing1330116,0 BNB,$0.00,3.034e-05
0x9058f0178121db25eaa9b5e122e8886a10db78aea3e55914ea85b87a2bc5e81e,Success,Transfer,119953370,2026-09-04 16:48:52,0xf1618ea0c0f2204c1aecfabfa2b3dc5fe063d733,Fake_Phishing971097,0x231bdd87ade0feb934a981f9a4442cc2bac110c8,Fake_Phishing1330116,0 BNB,$0.00,3.031e-05
0x4972853c2aa1efa87ade7ff7e3f44022beb985e09e88536245e3e0b8cd4b4536,Success,Transfer,119952278,2026-09-04 16:40:41,0xf1618ea0c0f2204c1aecfabfa2b3dc5fe063d733,Fake_Phishing971097,0x231bdd87ade0feb934a981f9a4442cc2bac110c8,Fake_Phishing1330116,0 BNB,$0.00,3.01e-05
0x9a494f53962c04bdafed6a90f49a912f2ef46edf3840138b56c8869907eaf687,Success,Transfer,120156034,2026-09-05 18:09:22,0xf1618ea0c0f2204c1aecfabfa2b3dc5fe063d733,Fake_Phishing971097,0x231bdd87ade0feb934a981f9a4442cc2bac110c8,Fake_Phishing1330116,0 BNB,$0.00,3.011e-05
0xdcff35d025c6d3d2f74a61a57efb989f2848e13df3acd1415e1055adbf1fdeb3,Success,Transfer,120154567,2026-09-05 17:58:20,0xf1618ea0c0f2204c1aecfabfa2b3dc5fe063d733,Fake_Phishing971097,0x231bdd87ade0feb934a981f9a4442cc2bac110c8,Fake_Phishing1330116,0 BNB,$0.00,3.042e-05
0x14df9de5e77f0e5d9428b4a00fbe1a1bba46da3c05bc4b66dd972adffa58caf8,Success,Transfer,120153467,2026-09-05 17:50:05,0xf1618ea0c0f2204c1aecfabfa2b3dc5fe063d733,Fake_Phishing971097,0x231bdd87ade0feb934a981f9a4442cc2bac110c8,Fake_Phishing1330116,0 BNB,$0.00,3.053e-05
0xab0afb28087ecbd3f4bd2eaea03554554911d52a847801b63d0bc6e0728aeeb5,Success,Transfer,120152223,2026-09-05 17:40:45,0xf1618ea0c0f2204c1aecfabfa2b3dc5fe063d733,Fake_Phishing971097,0x231bdd87ade0feb934a981f9a4442cc2bac110c8,Fake_Phishing1330116,0 BNB,$0.00,2.942e-05
0x44ffab41a92f888dbd276568b4f22cab6605388a6dacdc7b46d703c52d8b4a6e,Success,Transfer,120151023,2026-09-05 17:31:45,0xf1618ea0c0f2204c1aecfabfa2b3dc5fe063d733,Fake_Phishing971097,0x231bdd87ade0feb934a981f9a4442cc2bac110c8,Fake_Phishing1330116,0 BNB,$0.00,3.024e-05
0x71f69f1ec6403ea5a65d6aab4007c8ac5fc78c03db595f45d476afccbaf0fac9,Success,Transfer,120149616,2026-09-05 17:21:12,0xf1618ea0c0f2204c1aecfabfa2b3dc5fe063d733,Fake_Phishing971097,0x231bdd87ade0feb934a981f9a4442cc2bac110c8,Fake_Phishing1330116,0 BNB,$0.00,2.902e-05
0x942c3a3d21058142c6393c8dacc297cffebcd6a51a37441a21721384eaf2700c,Success,Transfer,120148330,2026-09-05 17:11:33,0xf1618ea0c0f2204c1aecfabfa2b3dc5fe063d733,Fake_Phishing971097,0x231bdd87ade0feb934a981f9a4442cc2bac110c8,Fake_Phishing1330116,0 BNB,$0.00,3.004e-05
0xe2627138244fc6efe87a67abc4d47b8affae5f8b96588b588021dcd19b32d806,Success,Transfer,120147087,2026-09-05 17:02:13,0xf1618ea0c0f2204c1aecfabfa2b3dc5fe063d733,Fake_Phishing971097,0x231bdd87ade0feb934a981f9a4442cc2bac110c8,Fake_Phishing1330116,0 BNB,$0.00,3.021e-05
0x7ff8c2dee0025707e771bc2b0bbe79ec26d65d6d295c2ebb9a163399d498e7fb,Success,Transfer,120145990,2026-09-05 16:53:58,0xf1618ea0c0f2204c1aecfabfa2b3dc5fe063d733,Fake_Phishing971097,0x231bdd87ade0feb934a981f9a4442cc2bac110c8,Fake_Phishing1330116,0 BNB,$0.00,3.032e-05
0xd015b5e805c729bf0422cd5b7eff8cededa7fff2fe45995c9e773954ab08c84f,Success,Transfer,120144841,2026-09-05 16:45:21,0xf1618ea0c0f2204c1aecfabfa2b3dc5fe063d733,Fake_Phishing971097,0x231bdd87ade0feb934a981f9a4442cc2bac110c8,Fake_Phishing1330116,0 BNB,$0.00,2.985e-05
0x0d63026007c78c81a15fa637fb196e1661c930336dbc3ee32381d90ba4047f31,Success,Transfer,120143666,2026-09-05 16:36:32,0xf1618ea0c0f2204c1aecfabfa2b3dc5fe063d733,Fake_Phishing971097,0x231bdd87ade0feb934a981f9a4442cc2bac110c8,Fake_Phishing1330116,0 BNB,$0.00,2.961e-05
0xd89ee59065aab8fcd21562d37aaa77992f8c4f8733c732ed25d3d323cb50b107,Success,Transfer,120142525,2026-09-05 16:27:58,0xf1618ea0c0f2204c1aecfabfa2b3dc5fe063d733,Fake_Phishing971097,0x231bdd87ade0feb934a981f9a4442cc2bac110c8,Fake_Phishing1330116,0 BNB,$0.00,3.043e-05
0x7be677930bde0bd5e47e131f75f0b5a2a5259778969a86c1aec84bfac8eeb53b,Success,Transfer,120141493,2026-09-05 16:20:14,0xf1618ea0c0f2204c1aecfabfa2b3dc5fe063d733,Fake_Phishing971097,0x231bdd87ade0feb934a981f9a4442cc2bac110c8,Fake_Phishing1330116,0 BNB,$0.00,2.952e-05
0x7a650bc3de0a5622c245be50b3101ce01f800ac95206e67ebe7eda321ac0a9d6,Success,Transfer,120140692,2026-09-05 16:14:14,0xf1618ea0c0f2204c1aecfabfa2b3dc5fe063d733,Fake_Phishing971097,0x231bdd87ade0feb934a981f9a4442cc2bac110c8,Fake_Phishing1330116,0 BNB,$0.00,2.924e-05
0xc95ce287daf48d984d9465c616c27640c39e2077f8385521ff4b042c17a5728d,Success,Transfer,120139729,2026-09-05 16:07:00,0xf1618ea0c0f2204c1aecfabfa2b3dc5fe063d733,Fake_Phishing971097,0x231bdd87ade0feb934a981f9a4442cc2bac110c8,Fake_Phishing1330116,0 BNB,$0.00,3.028e-05
0x5c5e5dc34cc17cd0c076a0b1767e42fc5115333c9729afa214620947f0f1ab44,Success,Transfer,120138729,2026-09-05 15:59:29,0xf1618ea0c0f2204c1aecfabfa2b3dc5fe063d733,Fake_Phishing971097,0x231bdd87ade0feb934a981f9a4442cc2bac110c8,Fake_Phishing1330116,0 BNB,$0.00,3.029e-05
0x68743421dc169f6b5e5e9079d46bcb747240a8aae9fb44cb35f465cd91aca35f,Success,Transfer,120137721,2026-09-05 15:51:56,0xf1618ea0c0f2204c1aecfabfa2b3dc5fe063d733,Fake_Phishing971097,0x231bdd87ade0feb934a981f9a4442cc2bac110c8,Fake_Phishing1330116,0 BNB,$0.00,3.024e-05
0xad75197ebcbba266887c3956ab793eae8e861dcb706fa78d574bf7c2b2eaa625,Success,Transfer,120136812,2026-09-05 15:45:06,0xf1618ea0c0f2204c1aecfabfa2b3dc5fe063d733,Fake_Phishing971097,0x231bdd87ade0feb934a981f9a4442cc2bac110c8,Fake_Phishing1330116,0 BNB,$0.00,2.951e-05
0xe86abe2987ce1a0c595363c1757c4740306d8a7b12d2abc6838ee76f4a079669,Success,Transfer,120135927,2026-09-05 15:38:27,0xf1618ea0c0f2204c1aecfabfa2b3dc5fe063d733,Fake_Phishing971097,0x231bdd87ade0feb934a981f9a4442cc2bac110c8,Fake_Phishing1330116,0 BNB,$0.00,3.011e-05
0x0a2853f983fb10b9bfbaba16bff407dd1c406209e148f0ec8874661b20ebde6f,Success,Transfer,120135065,2026-09-05 15:31:59,0xf1618ea0c0f2204c1aecfabfa2b3dc5fe063d733,Fake_Phishing971097,0x231bdd87ade0feb934a981f9a4442cc2bac110c8,Fake_Phishing1330116,0 BNB,$0.00,3.034e-05
0x0a32e6cdf56388f80f22bfb9c76286d41a66d333e4c1d327c895b91d8c2a7113,Success,Transfer,120134201,2026-09-05 15:25:30,0xf1618ea0c0f2204c1aecfabfa2b3dc5fe063d733,Fake_Phishing971097,0x231bdd87ade0feb934a981f9a4442cc2bac110c8,Fake_Phishing1330116,0 BNB,$0.00,2.955e-05
0x495ba9abde47f9b6e76d8742d9b5a00fde5b1d7152d1670811f7a88e55fbaae9,Success,Transfer,120133388,2026-09-05 15:19:25,0xf1618ea0c0f2204c1aecfabfa2b3dc5fe063d733,Fake_Phishing971097,0x231bdd87ade0feb934a981f9a4442cc2bac110c8,Fake_Phishing1330116,0 BNB,$0.00,3.034e-05
0xfb45a37a09d9d7be75d20fa3f4321fcf8683f035cd38185de9de8ea69999e8e7,Success,Transfer,120132602,2026-09-05 15:13:31,0xf1618ea0c0f2204c1aecfabfa2b3dc5fe063d733,Fake_Phishing971097,0x231bdd87ade0feb934a981f9a4442cc2bac110c8,Fake_Phishing1330116,0 BNB,$0.00,3.011e-05
0xa5faccaa60f0ab0849688d92fad2f5de353286f5d04aae61ae0b4c67b0869f03,Success,Transfer,120131806,2026-09-05 15:07:32,0xf1618ea0c0f2204c1aecfabfa2b3dc5fe063d733,Fake_Phishing971097,0x231bdd87ade0feb934a981f9a4442cc2bac110c8,Fake_Phishing1330116,0 BNB,$0.00,2.999e-05
0xbadb9febd8e3f20070794f0931d9b344a208a7b48c79d1574cd062c36bd051c0,Success,Transfer,120131041,2026-09-05 15:01:48,0xf1618ea0c0f2204c1aecfabfa2b3dc5fe063d733,Fake_Phishing971097,0x231bdd87ade0feb934a981f9a4442cc2bac110c8,Fake_Phishing1330116,0 BNB,$0.00,2.922e-05
0xf667b9d8df6a1a9e9919d8afd1281c9f35eef76c4f333b31bf62d1fc98bbd7da,Success,Transfer,120130237,2026-09-05 14:55:46,0xf1618ea0c0f2204c1aecfabfa2b3dc5fe063d733,Fake_Phishing971097,0x231bdd87ade0feb934a981f9a4442cc2bac110c8,Fake_Phishing1330116,0 BNB,$0.00,3.011e-05
0x5d14b9c0f0adb4229e83afbfa59ae1d1f1469e460c92aa11035ff0c69ab3ddec,Success,Transfer,120129428,2026-09-05 14:49:42,0xf1618ea0c0f2204c1aecfabfa2b3dc5fe063d733,Fake_Phishing971097,0x231bdd87ade0feb934a981f9a4442cc2bac110c8,Fake_Phishing1330116,0 BNB,$0.00,3.035e-05
0x5923e1c3ec70c6cec081993d36007fe8c382b00f7718a10d05cabd4fd4b8c566,Success,Transfer,120128615,2026-09-05 14:43:36,0xf1618ea0c0f2204c1aecfabfa2b3dc5fe063d733,Fake_Phishing971097,0x231bdd87ade0feb934a981f9a4442cc2bac110c8,Fake_Phishing1330116,0 BNB,$0.00,3.035e-05
0x4d10a96b790afa4795ef5d2e25006015ac7a42dc87908f01486fb29d68597587,Success,Transfer,120127822,2026-09-05 14:37:39,0xf1618ea0c0f2204c1aecfabfa2b3dc5fe063d733,Fake_Phishing971097,0x231bdd87ade0feb934a981f9a4442cc2bac110c8,Fake_Phishing1330116,0 BNB,$0.00,2.92e-05
0x43b6bcda8d7513237d0751858fdde25e7ddba5d88d9c3807a925adb01ecd3e92,Success,Transfer,120127131,2026-09-05 14:32:28,0xf1618ea0c0f2204c1aecfabfa2b3dc5fe063d733,Fake_Phishing971097,0x231bdd87ade0feb934a981f9a4442cc2bac110c8,Fake_Phishing1330116,0 BNB,$0.00,2.911e-05
0x18b2c9fb84c9e5eb18be0956bee79ba2ae0139b7cb9cb459d1c7596fab4cdc26,Success,Transfer,120126328,2026-09-05 14:26:27,0xf1618ea0c0f2204c1aecfabfa2b3dc5fe063d733,Fake_Phishing971097,0x231bdd87ade0feb934a981f9a4442cc2bac110c8,Fake_Phishing1330116,0 BNB,$0.00,3.02e-05
0x6f7cdd19fb1b411789c0f1b30aa5e0997f22078b0f368beca7c1df41e5c203d0,Success,Transfer,120125561,2026-09-05 14:20:42,0xf1618ea0c0f2204c1aecfabfa2b3dc5fe063d733,Fake_Phishing971097,0x231bdd87ade0feb934a981f9a4442cc2bac110c8,Fake_Phishing1330116,0 BNB,$0.00,3.011e-05
0x064a8720d5f76ec2009d2b478fc14366efd4b96344d0ab4e7e33578dd948598b,Success,Transfer,120124788,2026-09-05 14:14:54,0xf1618ea0c0f2204c1aecfabfa2b3dc5fe063d733,Fake_Phishing971097,0x231bdd87ade0feb934a981f9a4442cc2bac110c8,Fake_Phishing1330116,0 BNB,$0.00,3.031e-05
0xebd77a10fbf221e7141d50db0f97daa6dcc5a82dffd3e46b12461bed62036385,Success,Transfer,120124051,2026-09-05 14:09:22,0xf1618ea0c0f2204c1aecfabfa2b3dc5fe063d733,Fake_Phishing971097,0x231bdd87ade0feb934a981f9a4442cc2bac110c8,Fake_Phishing1330116,0 BNB,$0.00,3.028e-05
0xdaa4f820db2f0d89dd4154b879642e0bbacd7c5e525ceb8a608ed408d5dcb14e,Success,Transfer,120123247,2026-09-05 14:03:20,0xf1618ea0c0f2204c1aecfabfa2b3dc5fe063d733,Fake_Phishing971097,0x231bdd87ade0feb934a981f9a4442cc2bac110c8,Fake_Phishing1330116,0 BNB,$0.00,2.952e-05
0x5d31c0c0d79233e9b2ae8e2b712b933ef65e2bc98862cfbcff0caa6b50e18f49,Success,Transfer,120122471,2026-09-05 13:57:31,0xf1618ea0c0f2204c1aecfabfa2b3dc5fe063d733,Fake_Phishing971097,0x231bdd87ade0feb934a981f9a4442cc2bac110c8,Fake_Phishing1330116,0 BNB,$0.00,2.932e-05
0x18c29d5731c1ca442fb2f63df928a27526771fb7a11e159e404cfaa0bd48d781,Success,Transfer,120121691,2026-09-05 13:51:40,0xf1618ea0c0f2204c1aecfabfa2b3dc5fe063d733,Fake_Phishing971097,0x231bdd87ade0feb934a981f9a4442cc2bac110c8,Fake_Phishing1330116,0 BNB,$0.00,3.025e-05
0x2f1b3eea8123cf9cdfbd14eb8f80ee9b3840bb293e784b160a4cbe52962570df,Success,Transfer,120120896,2026-09-05 13:45:42,0xf1618ea0c0f2204c1aecfabfa2b3dc5fe063d733,Fake_Phishing971097,0x231bdd87ade0feb934a981f9a4442cc2bac110c8,Fake_Phishing1330116,0 BNB,$0.00,3.03e-05
0xd65f52572f82f8f4489d6b400c6db44a53cd90778359f50aff5efad9314d9eed,Success,Transfer,120120123,2026-09-05 13:39:54,0xf1618ea0c0f2204c1aecfabfa2b3dc5fe063d733,Fake_Phishing971097,0x231bdd87ade0feb934a981f9a4442cc2bac110c8,Fake_Phishing1330116,0 BNB,$0.00,3.024e-05
0x59fc9a2f6ab12d93e1e294beede416a6aefb3d521fcf9f81a11c8424e284de42,Success,Transfer,120119391,2026-09-05 13:34:25,0xf1618ea0c0f2204c1aecfabfa2b3dc5fe063d733,Fake_Phishing971097,0x231bdd87ade0feb934a981f9a4442cc2bac110c8,Fake_Phishing1330116,0 BNB,$0.00,2.962e-05
0xb3ee930d603b0cde99e2ee670d6f72b1339bc2e1de4fbcb85db116b22ba233f6,Success,Transfer,120118649,2026-09-05 13:28:51,0xf1618ea0c0f2204c1aecfabfa2b3dc5fe063d733,Fake_Phishing971097,0x231bdd87ade0feb934a981f9a4442cc2bac110c8,Fake_Phishing1330116,0 BNB,$0.00,3.025e-05
0x5f9cd957d4bdcd2722aeb704da58bc70c91c597b5bec4b8ffa5022b781480e5d,Success,Transfer,120117908,2026-09-05 13:23:17,0xf1618ea0c0f2204c1aecfabfa2b3dc5fe063d733,Fake_Phishing971097,0x231bdd87ade0feb934a981f9a4442cc2bac110c8,Fake_Phishing1330116,0 BNB,$0.00,3.005e-05
0x562b77deaa56750b7a12591769145a176de1dc237bbd1c2f43ed0ea05e9749cf,Success,Transfer,120117199,2026-09-05 13:17:58,0xf1618ea0c0f2204c1aecfabfa2b3dc5fe063d733,Fake_Phishing971097,0x231bdd87ade0feb934a981f9a4442cc2bac110c8,Fake_Phishing1330116,0 BNB,$0.00,3.031e-05
0xb62c01df952c8575d910c5583baeac99e072838795f25348765361d2ec00cff0,Success,Transfer,120116428,2026-09-05 13:12:11,0xf1618ea0c0f2204c1aecfabfa2b3dc5fe063d733,Fake_Phishing971097,0x231bdd87ade0feb934a981f9a4442cc2bac110c8,Fake_Phishing1330116,0 BNB,$0.00,2.962e-05
0x3f3f70171ecc63f567fc53cb77d5f5b1554bfebe0552f5417bbbef877c83c68e,Success,Transfer,120115684,2026-09-05 13:06:36,0xf1618ea0c0f2204c1aecfabfa2b3dc5fe063d733,Fake_Phishing971097,0x231bdd87ade0feb934a981f9a4442cc2bac110c8,Fake_Phishing1330116,0 BNB,$0.00,3.031e-05
0xb12ae5cb61875e50ffbd0cee80beb377834aebc91aeb9820b46289e29f0ab5eb,Success,Transfer,120114923,2026-09-05 13:00:54,0xf1618ea0c0f2204c1aecfabfa2b3dc5fe063d733,Fake_Phishing971097,0x231bdd87ade0feb934a981f9a4442cc2bac110c8,Fake_Phishing1330116,0 BNB,$0.00,3.034e-05
0x90890b67569e51ea7015fc08066e818017562b0abb8096e003717f0f99cd8a08,Success,Transfer,120114147,2026-09-05 12:55:04,0xf1618ea0c0f2204c1aecfabfa2b3dc5fe063d733,Fake_Phishing971097,0x231bdd87ade0feb934a981f9a4442cc2bac110c8,Fake_Phishing1330116,0 BNB,$0.00,3.004e-05
0x3d797129973adce99ebd45cf58ebd91a1b2fc3cbc69430113e3c29bf608535f4,Success,Transfer,120113369,2026-09-05 12:49:14,0xf1618ea0c0f2204c1aecfabfa2b3dc5fe063d733,Fake_Phishing971097,0x231bdd87ade0feb934a981f9a4442cc2bac110c8,Fake_Phishing1330116,0 BNB,$0.00,3.021e-05
0x90930e14caac9a51e8c28600c64ade286ff9bf1d853e10b3bd488da62d6b9124,Success,Transfer,120112554,2026-09-05 12:43:07,0xf1618ea0c0f2204c1aecfabfa2b3dc5fe063d733,Fake_Phishing971097,0x231bdd87ade0feb934a981f9a4442cc2bac110c8,Fake_Phishing1330116,0 BNB,$0.00,3.03e-05
0x22cba8e6d4e391037a2e4b13634baf21337dd0044ac8f57fe4044bd3fd8e00de,Success,Transfer,120111743,2026-09-05 12:37:02,0xf1618ea0c0f2204c1aecfabfa2b3dc5fe063d733,Fake_Phishing971097,0x231bdd87ade0feb934a981f9a4442cc2bac110c8,Fake_Phishing1330116,0 BNB,$0.00,3.018e-05
0x6c7089f48941f7a554f0a62b4c74ef74049e0b88eb2c65899d236da89c8ab700,Success,Transfer,120110989,2026-09-05 12:31:22,0xf1618ea0c0f2204c1aecfabfa2b3dc5fe063d733,Fake_Phishing971097,0x231bdd87ade0feb934a981f9a4442cc2bac110c8,Fake_Phishing1330116,0 BNB,$0.00,3.043e-05
0x6e7ef8d705c46b57b2951a664716f1f0af2c64576677c105e18c5f63ece86d38,Success,Transfer,120110226,2026-09-05 12:25:39,0xf1618ea0c0f2204c1aecfabfa2b3dc5fe063d733,Fake_Phishing971097,0x231bdd87ade0feb934a981f9a4442cc2bac110c8,Fake_Phishing1330116,0 BNB,$0.00,2.942e-05
0x12899eddaffe4b951f0669f53c9552bef507c9114288a34428c18c9b1e791d40,Success,Transfer,120109538,2026-09-05 12:20:29,0xf1618ea0c0f2204c1aecfabfa2b3dc5fe063d733,Fake_Phishing971097,0x231bdd87ade0feb934a981f9a4442cc2bac110c8,Fake_Phishing1330116,0 BNB,$0.00,3.039e-05
0x2bee399c5138ff16bee7cbb6c7e7b3873ae986ed7e244c597da630987ed3a8ef,Success,Transfer,120108757,2026-09-05 12:14:38,0xf1618ea0c0f2204c1aecfabfa2b3dc5fe063d733,Fake_Phishing971097,0x231bdd87ade0feb934a981f9a4442cc2bac110c8,Fake_Phishing1330116,0 BNB,$0.00,3.001e-05
0x1a9ad9b09bdb55355d1ed39a7467ff5d185f45a155d0e150c7503535489556f6,Success,Transfer,120107956,2026-09-05 12:08:37,0xf1618ea0c0f2204c1aecfabfa2b3dc5fe063d733,Fake_Phishing971097,0x231bdd87ade0feb934a981f9a4442cc2bac110c8,Fake_Phishing1330116,0 BNB,$0.00,3.031e-05
0xffe5f701cf5e31f2f561d17eeaa4a500e9a04ad8dda0319f7f1372c3708e4cec,Success,Transfer,120107161,2026-09-05 12:02:39,0xf1618ea0c0f2204c1aecfabfa2b3dc5fe063d733,Fake_Phishing971097,0x231bdd87ade0feb934a981f9a4442cc2bac110c8,Fake_Phishing1330116,0 BNB,$0.00,2.893e-05
0x20608b33067d428f3e1ce4accf52e5de96bd8af718cf2067637f3b05f8293bcc,Success,Transfer,120106376,2026-09-05 11:56:46,0xf1618ea0c0f2204c1aecfabfa2b3dc5fe063d733,Fake_Phishing971097,0x231bdd87ade0feb934a981f9a4442cc2bac110c8,Fake_Phishing1330116,0 BNB,$0.00,2.988e-05
0xe97e6bfdceb87be91f1def33f1dd941f2582989a66db023d31e8800e23ba88b8,Success,Transfer,120105554,2026-09-05 11:50:36,0xf1618ea0c0f2204c1aecfabfa2b3dc5fe063d733,Fake_Phishing971097,0x231bdd87ade0feb934a981f9a4442cc2bac110c8,Fake_Phishing1330116,0 BNB,$0.00,3.026e-05
0x6922cfd2732228e7a138a74799ae7689ed5db704fd4cc681043d6af9c9a21ab0,Success,Transfer,120104706,2026-09-05 11:44:15,0xf1618ea0c0f2204c1aecfabfa2b3dc5fe063d733,Fake_Phishing971097,0x231bdd87ade0feb934a981f9a4442cc2bac110c8,Fake_Phishing1330116,0 BNB,$0.00,3.03e-05
0x17f7579d387bae95da1d7f5fcf14d35e7dcb149282bd458c20ccdcca2af8bdd0,Success,Transfer,120103892,2026-09-05 11:38:08,0xf1618ea0c0f2204c1aecfabfa2b3dc5fe063d733,Fake_Phishing971097,0x231bdd87ade0feb934a981f9a4442cc2bac110c8,Fake_Phishing1330116,0 BNB,$0.00,2.972e-05
0x8b593d1f616c363b0b7fd9399a2b33f5a3cc6c6b7690488f59de56df10e20191,Success,Transfer,120103123,2026-09-05 11:32:22,0xf1618ea0c0f2204c1aecfabfa2b3dc5fe063d733,Fake_Phishing971097,0x231bdd87ade0feb934a981f9a4442cc2bac110c8,Fake_Phishing1330116,0 BNB,$0.00,2.991e-05
0x5d0634e7b7183f9b13536608b6858967de4ed89c3f5293cef0c76af243454849,Success,Transfer,120102367,2026-09-05 11:26:42,0xf1618ea0c0f2204c1aecfabfa2b3dc5fe063d733,Fake_Phishing971097,0x231bdd87ade0feb934a981f9a4442cc2bac110c8,Fake_Phishing1330116,0 BNB,$0.00,3.034e-05
0x70a35f91a912361f83d4f1fea776cdde2087ff7a6d84e143bc629ebbe428be14,Success,Transfer,120101616,2026-09-05 11:21:04,0xf1618ea0c0f2204c1aecfabfa2b3dc5fe063d733,Fake_Phishing971097,0x231bdd87ade0feb934a981f9a4442cc2bac110c8,Fake_Phishing1330116,0 BNB,$0.00,3.025e-05
0x480d662df8e50e00803e68e627a9d7455ce9488a1dd3d15e0c1d132af7c878b3,Success,Transfer,120100768,2026-09-05 11:14:42,0xf1618ea0c0f2204c1aecfabfa2b3dc5fe063d733,Fake_Phishing971097,0x231bdd87ade0feb934a981f9a4442cc2bac110c8,Fake_Phishing1330116,0 BNB,$0.00,3.015e-05
0xde571f81afdd3b77e57db03c4b47df74db3a1e9a722ec2d810927b6cf7033a96,Success,Transfer,120099965,2026-09-05 11:08:41,0xf1618ea0c0f2204c1aecfabfa2b3dc5fe063d733,Fake_Phishing971097,0x231bdd87ade0feb934a981f9a4442cc2bac110c8,Fake_Phishing1330116,0 BNB,$0.00,3.03e-05
0x151ca8485108999dbb686972cb4042db2f6ce74a0f61cfd4f08d5ba0569433a4,Success,Transfer,120099244,2026-09-05 11:03:16,0xf1618ea0c0f2204c1aecfabfa2b3dc5fe063d733,Fake_Phishing971097,0x231bdd87ade0feb934a981f9a4442cc2bac110c8,Fake_Phishing1330116,0 BNB,$0.00,3.01e-05
0xda545ddc87b9f3acc4aeb5dce883a94b8517cd7efbb4efa1ef4773b1025b65e3,Success,Transfer,120098428,2026-09-05 10:57:09,0xf1618ea0c0f2204c1aecfabfa2b3dc5fe063d733,Fake_Phishing971097,0x231bdd87ade0feb934a981f9a4442cc2bac110c8,Fake_Phishing1330116,0 BNB,$0.00,3.031e-05
0xce3d8dd73834141074a68739636aa40b34d20a2969fd5dd09445184c24431361,Success,Transfer,120097672,2026-09-05 10:51:28,0xf1618ea0c0f2204c1aecfabfa2b3dc5fe063d733,Fake_Phishing971097,0x231bdd87ade0feb934a981f9a4442cc2bac110c8,Fake_Phishing1330116,0 BNB,$0.00,2.981e-05
0xb66622cdd48df9610667e4734359bf45d9319d513a3bff99b54d209051caad64,Success,Transfer,120096864,2026-09-05 10:45:25,0xf1618ea0c0f2204c1aecfabfa2b3dc5fe063d733,Fake_Phishing971097,0x231bdd87ade0feb934a981f9a4442cc2bac110c8,Fake_Phishing1330116,0 BNB,$0.00,3.034e-05
0x3c414ca38bf6f71a22b4beed08ae1f219e9b3238b155906b3be22cae843fd3d7,Success,Transfer,120096115,2026-09-05 10:39:48,0xf1618ea0c0f2204c1aecfabfa2b3dc5fe063d733,Fake_Phishing971097,0x231bdd87ade0feb934a981f9a4442cc2bac110c8,Fake_Phishing1330116,0 BNB,$0.00,3.029e-05
0xc2886fd4cce297564afea55475d5b682976c51a8712ea3f54cb26e9c2c79d98a,Success,Transfer,120095286,2026-09-05 10:33:35,0xf1618ea0c0f2204c1aecfabfa2b3dc5fe063d733,Fake_Phishing971097,0x231bdd87ade0feb934a981f9a4442cc2bac110c8,Fake_Phishing1330116,0 BNB,$0.00,3.03e-05
0x87ee3e59ab1a6e7864a3b220d6866c17096909421a65d5de0297cad08a1474ec,Success,Transfer,120094496,2026-09-05 10:27:39,0xf1618ea0c0f2204c1aecfabfa2b3dc5fe063d733,Fake_Phishing971097,0x231bdd87ade0feb934a981f9a4442cc2bac110c8,Fake_Phishing1330116,0 BNB,$0.00,3.025e-05
0xdb0dd5f7162bf1ca94ee917f5bbbd90eced558571e0c0836ed5c6cb992f71fcf,Success,Transfer,120093718,2026-09-05 10:21:48,0xf1618ea0c0f2204c1aecfabfa2b3dc5fe063d733,Fake_Phishing971097,0x231bdd87ade0feb934a981f9a4442cc2bac110c8,Fake_Phishing1330116,0 BNB,$0.00,3.022e-05
0xb14b6cfc884f12abcfd150f255a6a8d5248523565dd4ed546fe09492965493bc,Success,Transfer,120092945,2026-09-05 10:16:01,0xf1618ea0c0f2204c1aecfabfa2b3dc5fe063d733,Fake_Phishing971097,0x231bdd87ade0feb934a981f9a4442cc2bac110c8,Fake_Phishing1330116,0 BNB,$0.00,3.008e-05
0xd19780757c09644a53a5e7b8967186283f0df2fcf08418762b6addcbda1dc789,Success,Transfer,120092126,2026-09-05 10:09:52,0xf1618ea0c0f2204c1aecfabfa2b3dc5fe063d733,Fake_Phishing971097,0x231bdd87ade0feb934a981f9a4442cc2bac110c8,Fake_Phishing1330116,0 BNB,$0.00,2.972e-05
0xaf556d4d666ff42e3af39938d9f701c5fbdf3238f3a2cf3051f96ceaa77b4ab4,Success,Transfer,120091364,2026-09-05 10:04:09,0xf1618ea0c0f2204c1aecfabfa2b3dc5fe063d733,Fake_Phishing971097,0x231bdd87ade0feb934a981f9a4442cc2bac110c8,Fake_Phishing1330116,0 BNB,$0.00,3.032e-05
0x903f0eb29a6414ada7c4851f9f6b9c0fa34ffc4a2eb4487e930ce375ca59e7bf,Success,Transfer,120090591,2026-09-05 09:58:21,0xf1618ea0c0f2204c1aecfabfa2b3dc5fe063d733,Fake_Phishing971097,0x231bdd87ade0feb934a981f9a4442cc2bac110c8,Fake_Phishing1330116,0 BNB,$0.00,3.021e-05
0xe9e4bc7e33d10e93eb075ddcbbd7f6477ea140c745a0adbb4d38b3e3023b9197,Success,Transfer,120089843,2026-09-05 09:52:45,0xf1618ea0c0f2204c1aecfabfa2b3dc5fe063d733,Fake_Phishing971097,0x231bdd87ade0feb934a981f9a4442cc2bac110c8,Fake_Phishing1330116,0 BNB,$0.00,2.971e-05
0x3e3b455296fb4dd21fdd214cc361e38dc385f75187e3ed6ea035f8882d00ba3f,Success,Transfer,120089063,2026-09-05 09:46:54,0xf1618ea0c0f2204c1aecfabfa2b3dc5fe063d733,Fake_Phishing971097,0x231bdd87ade0feb934a981f9a4442cc2bac110c8,Fake_Phishing1330116,0 BNB,$0.00,3.01e-05
0x19e0433c194801ff4cd63e0d5501c7de5867d2b061835378bc811d4ccf9dc039,Success,Transfer,120088294,2026-09-05 09:41:08,0xf1618ea0c0f2204c1aecfabfa2b3dc5fe063d733,Fake_Phishing971097,0x231bdd87ade0feb934a981f9a4442cc2bac110c8,Fake_Phishing1330116,0 BNB,$0.00,2.972e-05
0x973b292d9909c6fda231314537d97fedb2cb7b077b0a61ce073df96dceca0ea0,Success,Transfer,120087482,2026-09-05 09:35:02,0xf1618ea0c0f2204c1aecfabfa2b3dc5fe063d733,Fake_Phishing971097,0x231bdd87ade0feb934a981f9a4442cc2bac110c8,Fake_Phishing1330116,0 BNB,$0.00,3.042e-05
0x3cc6eb79c4ee64423d9c5876006794327e16ac7ce9b04b8b096b424a65417d2c,Success,Transfer,120086742,2026-09-05 09:29:29,0xf1618ea0c0f2204c1aecfabfa2b3dc5fe063d733,Fake_Phishing971097,0x231bdd87ade0feb934a981f9a4442cc2bac110c8,Fake_Phishing1330116,0 BNB,$0.00,2.922e-05
0x36a44972085613881e5c5b4c64f2444c989b5eb02b145f7b47568cbb61c6dccb,Success,Transfer,120085948,2026-09-05 09:23:32,0xf1618ea0c0f2204c1aecfabfa2b3dc5fe063d733,Fake_Phishing971097,0x231bdd87ade0feb934a981f9a4442cc2bac110c8,Fake_Phishing1330116,0 BNB,$0.00,3.001e-05
0xa1450d5ea3ae7360bf9138f841a52e01a82267f1d976dbbb285fa9f5f2e51d07,Success,Transfer,120085289,2026-09-05 09:18:35,0xf1618ea0c0f2204c1aecfabfa2b3dc5fe063d733,Fake_Phishing971097,0x231bdd87ade0feb934a981f9a4442cc2bac110c8,Fake_Phishing1330116,0 BNB,$0.00,3.02e-05
0x903a9093a66451c5923c0125cb89ae4b3676f9e7dff07017cefd4dae8efdb1ad,Success,Transfer,120084554,2026-09-05 09:13:04,0xf1618ea0c0f2204c1aecfabfa2b3dc5fe063d733,Fake_Phishing971097,0x231bdd87ade0feb934a981f9a4442cc2bac110c8,Fake_Phishing1330116,0 BNB,$0.00,3.021e-05
0xd7d8cde3c33604977d7944191406281b02c2116449834047ef509b5c9369f0f1,Success,Transfer,120083891,2026-09-05 09:08:06,0xf1618ea0c0f2204c1aecfabfa2b3dc5fe063d733,Fake_Phishing971097,0x231bdd87ade0feb934a981f9a4442cc2bac110c8,Fake_Phishing1330116,0 BNB,$0.00,2.952e-05
0xbe404ef2bc4df5e1daf3ba958235d4a57c1f78e0a73e83c86419815c953f0950,Success,Transfer,120083165,2026-09-05 09:02:39,0xf1618ea0c0f2204c1aecfabfa2b3dc5fe063d733,Fake_Phishing971097,0x231bdd87ade0feb934a981f9a4442cc2bac110c8,Fake_Phishing1330116,0 BNB,$0.00,2.965e-05
0x0bc3b1f234e2dc018b0b070a4b3883b2189c704a7b28e8d3cbfc95737c82ddb0,Success,Transfer,120082507,2026-09-05 08:57:43,0xf1618ea0c0f2204c1aecfabfa2b3dc5fe063d733,Fake_Phishing971097,0x231bdd87ade0feb934a981f9a4442cc2bac110c8,Fake_Phishing1330116,0 BNB,$0.00,3.018e-05
0x33743d2e9247f84c7586ce4f07af5bb1228bc01a1a7fa3c58b4bfc525dc58d37,Success,Transfer,120081809,2026-09-05 08:52:29,0xf1618ea0c0f2204c1aecfabfa2b3dc5fe063d733,Fake_Phishing971097,0x231bdd87ade0feb934a981f9a4442cc2bac110c8,Fake_Phishing1330116,0 BNB,$0.00,2.972e-05
0x06f160d93910729a78b4e3133cb2baa367af7439821eced131621b5f292a2d96,Success,Transfer,120081092,2026-09-05 08:47:06,0xf1618ea0c0f2204c1aecfabfa2b3dc5fe063d733,Fake_Phishing971097,0x231bdd87ade0feb934a981f9a4442cc2bac110c8,Fake_Phishing1330116,0 BNB,$0.00,3.011e-05
0x797fdb168672ea000adb49c15340e90499a7925f6ea605e23f0d6d681111b9ab,Success,Transfer,120080349,2026-09-05 08:41:32,0xf1618ea0c0f2204c1aecfabfa2b3dc5fe063d733,Fake_Phishing971097,0x231bdd87ade0feb934a981f9a4442cc2bac110c8,Fake_Phishing1330116,0 BNB,$0.00,3.011e-05
0xfcb09f0dc20f6d633275e81e8ca1a250030168f8f6c04d7cc24e6539d526651c,Success,Transfer,120079592,2026-09-05 08:35:51,0xf1618ea0c0f2204c1aecfabfa2b3dc5fe063d733,Fake_Phishing971097,0x231bdd87ade0feb934a981f9a4442cc2bac110c8,Fake_Phishing1330116,0 BNB,$0.00,3.03e-05
0x9d6ce36e6e0f0ce1b45a0bff2194a4ee9a9c1301bb6897ca4a28604158f760b7,Success,Transfer,120078860,2026-09-05 08:30:22,0xf1618ea0c0f2204c1aecfabfa2b3dc5fe063d733,Fake_Phishing971097,0x231bdd87ade0feb934a981f9a4442cc2bac110c8,Fake_Phishing1330116,0 BNB,$0.00,3.042e-05
0xbfd3ed107b7cbda032976b6adf516b27cec2a68e50191e1323216edf83c218af,Success,Transfer,120078116,2026-09-05 08:24:47,0xf1618ea0c0f2204c1aecfabfa2b3dc5fe063d733,Fake_Phishing971097,0x231bdd87ade0feb934a981f9a4442cc2bac110c8,Fake_Phishing1330116,0 BNB,$0.00,2.963e-05
0x5ebcf5bb2dd9a2008711a93a38d78d31fbb0500a1f3244f101f34865f7cab8cd,Success,Transfer,120077369,2026-09-05 08:19:11,0xf1618ea0c0f2204c1aecfabfa2b3dc5fe063d733,Fake_Phishing971097,0x231bdd87ade0feb934a981f9a4442cc2bac110c8,Fake_Phishing1330116,0 BNB,$0.00,3.028e-05
0xe6cf47bcf4797c13b1e490f154b38605ced1d061e90c743a89543ae820dea229,Success,Transfer,120076648,2026-09-05 08:13:46,0xf1618ea0c0f2204c1aecfabfa2b3dc5fe063d733,Fake_Phishing971097,0x231bdd87ade0feb934a981f9a4442cc2bac110c8,Fake_Phishing1330116,0 BNB,$0.00,2.961e-05
0x03bf7ae1198459399f4b94e8231728778250369eb14d3607c62a2d89fde23467,Success,Transfer,120075914,2026-09-05 08:08:15,0xf1618ea0c0f2204c1aecfabfa2b3dc5fe063d733,Fake_Phishing971097,0x231bdd87ade0feb934a981f9a4442cc2bac110c8,Fake_Phishing1330116,0 BNB,$0.00,2.951e-05
0x6aa85aa17e2b8c0b89f0c04078bf08b7d9f0795c76b980ec82a8c020f5363e70,Success,Transfer,120075204,2026-09-05 08:02:56,0xf1618ea0c0f2204c1aecfabfa2b3dc5fe063d733,Fake_Phishing971097,0x231bdd87ade0feb934a981f9a4442cc2bac110c8,Fake_Phishing1330116,0 BNB,$0.00,3.031e-05
0x530ec0f03b19d1d35d2a8119ee7a77719823172897456a7d470da69a665f9499,Success,Transfer,120074524,2026-09-05 07:57:50,0xf1618ea0c0f2204c1aecfabfa2b3dc5fe063d733,Fake_Phishing971097,0x231bdd87ade0feb934a981f9a4442cc2bac110c8,Fake_Phishing1330116,0 BNB,$0.00,2.991e-05
0x3345f3edc6063e30d4aacefd288076d50ab36632c604eade4897da1a3a06058e,Success,Transfer,120073830,2026-09-05 07:52:37,0xf1618ea0c0f2204c1aecfabfa2b3dc5fe063d733,Fake_Phishing971097,0x231bdd87ade0feb934a981f9a4442cc2bac110c8,Fake_Phishing1330116,0 BNB,$0.00,3.011e-05
0x40a12973ae5411ce28802ca68231479df47359325326e3d0e26610598aaee58b,Success,Transfer,120274777,2026-09-06 09:00:12,0xf1618ea0c0f2204c1aecfabfa2b3dc5fe063d733,Fake_Phishing971097,0x231bdd87ade0feb934a981f9a4442cc2bac110c8,Fake_Phishing1330116,0 BNB,$0.00,3.01e-05
0xb7821677e8d11feb1f4e64390f86b0ba17d4afe37d603cfc315a8c7ec1cb1190,Success,Transfer,120273983,2026-09-06 08:54:14,0xf1618ea0c0f2204c1aecfabfa2b3dc5fe063d733,Fake_Phishing971097,0x231bdd87ade0feb934a981f9a4442cc2bac110c8,Fake_Phishing1330116,0 BNB,$0.00,3.031e-05
0x434a9d6d7af508e66778d9ad2817a17c10587356c5eaa4ea4ed537c441ddb60f,Success,Transfer,120273151,2026-09-06 08:48:00,0xf1618ea0c0f2204c1aecfabfa2b3dc5fe063d733,Fake_Phishing971097,0x231bdd87ade0feb934a981f9a4442cc2bac110c8,Fake_Phishing1330116,0 BNB,$0.00,3.03e-05
0x2d8a61ae7a9a175961d0b7cd3b6ecbef8c3351b1fa344da99a77c0786a8ecdd6,Success,Transfer,120272380,2026-09-06 08:42:13,0xf1618ea0c0f2204c1aecfabfa2b3dc5fe063d733,Fake_Phishing971097,0x231bdd87ade0feb934a981f9a4442cc2bac110c8,Fake_Phishing1330116,0 BNB,$0.00,3.03e-05
0xfd822a4e6a42be24c1d6de1b65756eb8827a49cfa268e853be3918eb66eaded3,Success,Transfer,120271555,2026-09-06 08:36:01,0xf1618ea0c0f2204c1aecfabfa2b3dc5fe063d733,Fake_Phishing971097,0x231bdd87ade0feb934a981f9a4442cc2bac110c8,Fake_Phishing1330116,0 BNB,$0.00,3.043e-05
0xd5bee5065e341be89442c754d5deca37e5beb001d9d66221d84d0b0775e91282,Success,Transfer,120270748,2026-09-06 08:29:57,0xf1618ea0c0f2204c1aecfabfa2b3dc5fe063d733,Fake_Phishing971097,0x231bdd87ade0feb934a981f9a4442cc2bac110c8,Fake_Phishing1330116,0 BNB,$0.00,3.021e-05
0x0c61c654c20e27b7efab93328b3fb097a6d648258f5cfed48e9fb4e6a0e7addf,Success,Transfer,120269980,2026-09-06 08:24:12,0xf1618ea0c0f2204c1aecfabfa2b3dc5fe063d733,Fake_Phishing971097,0x231bdd87ade0feb934a981f9a4442cc2bac110c8,Fake_Phishing1330116,0 BNB,$0.00,3.035e-05
0xfe5370fb2f8e7affcac39d898f873e6ff14a8f81daf843856df382942f49f923,Success,Transfer,120269222,2026-09-06 08:18:31,0xf1618ea0c0f2204c1aecfabfa2b3dc5fe063d733,Fake_Phishing971097,0x231bdd87ade0feb934a981f9a4442cc2bac110c8,Fake_Phishing1330116,0 BNB,$0.00,3.02e-05
0xd8c772463b464cd1c194e77ddd23be14189c14939428009314875635d1be8922,Success,Transfer,120268430,2026-09-06 08:12:34,0xf1618ea0c0f2204c1aecfabfa2b3dc5fe063d733,Fake_Phishing971097,0x231bdd87ade0feb934a981f9a4442cc2bac110c8,Fake_Phishing1330116,0 BNB,$0.00,3.021e-05
0x0409ded7cd4546c95ec0391a1a3512c1b015023dd53d84252072012601091814,Success,Transfer,120267630,2026-09-06 08:06:34,0xf1618ea0c0f2204c1aecfabfa2b3dc5fe063d733,Fake_Phishing971097,0x231bdd87ade0feb934a981f9a4442cc2bac110c8,Fake_Phishing1330116,0 BNB,$0.00,3.021e-05
0x712047aef5dcee39a543098ab29cee5cd1ec2680b53ff03be3597e3a5afbff0d,Success,Transfer,120266903,2026-09-06 08:01:06,0xf1618ea0c0f2204c1aecfabfa2b3dc5fe063d733,Fake_Phishing971097,0x231bdd87ade0feb934a981f9a4442cc2bac110c8,Fake_Phishing1330116,0 BNB,$0.00,2.962e-05
0x58ed269307d548d6ec06b0266b928d737e56d210905fe0f84e88c7cb6dec82ac,Success,Transfer,120266097,2026-09-06 07:55:03,0xf1618ea0c0f2204c1aecfabfa2b3dc5fe063d733,Fake_Phishing971097,0x231bdd87ade0feb934a981f9a4442cc2bac110c8,Fake_Phishing1330116,0 BNB,$0.00,3.021e-05
0x8dd0286263a50f9cdd0ae9561ab38a86b9c5d46c1af80351eacc1679a97ab7d3,Success,Transfer,120265274,2026-09-06 07:48:53,0xf1618ea0c0f2204c1aecfabfa2b3dc5fe063d733,Fake_Phishing971097,0x231bdd87ade0feb934a981f9a4442cc2bac110c8,Fake_Phishing1330116,0 BNB,$0.00,3.024e-05
0x3442f596e0968a539991ee99e120081677f3020c288f1217efed38a1a39894a1,Success,Transfer,120264476,2026-09-06 07:42:54,0xf1618ea0c0f2204c1aecfabfa2b3dc5fe063d733,Fake_Phishing971097,0x231bdd87ade0feb934a981f9a4442cc2bac110c8,Fake_Phishing1330116,0 BNB,$0.00,2.972e-05
0x324224e2708605a9eb3d33492b830e41aecc4562edfa2659370288dcb8967320,Success,Transfer,120263733,2026-09-06 07:37:19,0xf1618ea0c0f2204c1aecfabfa2b3dc5fe063d733,Fake_Phishing971097,0x231bdd87ade0feb934a981f9a4442cc2bac110c8,Fake_Phishing1330116,0 BNB,$0.00,2.971e-05
0x97af3bbc9732219058c4061d0e969c94e6aeac72fd7f82f9b49117fc885cd46b,Success,Transfer,120262988,2026-09-06 07:31:44,0xf1618ea0c0f2204c1aecfabfa2b3dc5fe063d733,Fake_Phishing971097,0x231bdd87ade0feb934a981f9a4442cc2bac110c8,Fake_Phishing1330116,0 BNB,$0.00,3.021e-05
0x19a817b9bf8b698bb5b580712cd5ce29764fd872dfe2d600c0f55db5ce3b0a3a,Success,Transfer,120262259,2026-09-06 07:26:16,0xf1618ea0c0f2204c1aecfabfa2b3dc5fe063d733,Fake_Phishing971097,0x231bdd87ade0feb934a981f9a4442cc2bac110c8,Fake_Phishing1330116,0 BNB,$0.00,3.038e-05
0xa425f95eb4b3aa209eaa25a3df18309874ac99883f72e194d17bac572a7dc6c2,Success,Transfer,120261631,2026-09-06 07:21:34,0xf1618ea0c0f2204c1aecfabfa2b3dc5fe063d733,Fake_Phishing971097,0x231bdd87ade0feb934a981f9a4442cc2bac110c8,Fake_Phishing1330116,0 BNB,$0.00,2.851e-05
0x8fe7946eaf89a3613b788f0d5788c9f638531622ca17fc516df119b557c7d234,Success,Transfer,120261074,2026-09-06 07:17:22,0xf1618ea0c0f2204c1aecfabfa2b3dc5fe063d733,Fake_Phishing971097,0x231bdd87ade0feb934a981f9a4442cc2bac110c8,Fake_Phishing1330116,0 BNB,$0.00,3.011e-05
0xc1bd95d6290423f230700a315db6690308fa3de03552d24843304da58b80b03a,Success,Transfer,120260372,2026-09-06 07:12:06,0xf1618ea0c0f2204c1aecfabfa2b3dc5fe063d733,Fake_Phishing971097,0x231bdd87ade0feb934a981f9a4442cc2bac110c8,Fake_Phishing1330116,0 BNB,$0.00,3.021e-05
0x02b1ae28195aadcdc77463b69a5bc792f31cba2256db84b3f7f0e51cf5203241,Success,Transfer,120259634,2026-09-06 07:06:34,0xf1618ea0c0f2204c1aecfabfa2b3dc5fe063d733,Fake_Phishing971097,0x231bdd87ade0feb934a981f9a4442cc2bac110c8,Fake_Phishing1330116,0 BNB,$0.00,2.854e-05
0xd530ab1a9066feaa2ca3df6badcb3dd5a2c71877faa2adf3a717e6a683f0a0f7,Success,Transfer,120258893,2026-09-06 07:01:00,0xf1618ea0c0f2204c1aecfabfa2b3dc5fe063d733,Fake_Phishing971097,0x231bdd87ade0feb934a981f9a4442cc2bac110c8,Fake_Phishing1330116,0 BNB,$0.00,3.031e-05
0xd1fbf7e83ed42ca684498cbf76ab023cb2d3915b12042b9a43e09527fdfc6b2c,Success,Transfer,120258106,2026-09-06 06:55:06,0xf1618ea0c0f2204c1aecfabfa2b3dc5fe063d733,Fake_Phishing971097,0x231bdd87ade0feb934a981f9a4442cc2bac110c8,Fake_Phishing1330116,0 BNB,$0.00,3.015e-05
0xca31b3818e03cdf9a4311afbb04592e9f61bc9fe1968b77c87276ad334c798b0,Success,Transfer,120257334,2026-09-06 06:49:19,0xf1618ea0c0f2204c1aecfabfa2b3dc5fe063d733,Fake_Phishing971097,0x231bdd87ade0feb934a981f9a4442cc2bac110c8,Fake_Phishing1330116,0 BNB,$0.00,2.891e-05
0x481e0adc3859de065676f4ee2594b3d951191019fa57b78397e849fb6bf4e4c3,Success,Transfer,120256603,2026-09-06 06:43:49,0xf1618ea0c0f2204c1aecfabfa2b3dc5fe063d733,Fake_Phishing971097,0x231bdd87ade0feb934a981f9a4442cc2bac110c8,Fake_Phishing1330116,0 BNB,$0.00,2.972e-05
0x6606cc9e66410e716c1372dea4caa425d31d65322f07723d27cb7d8185e88706,Success,Transfer,120255852,2026-09-06 06:38:11,0xf1618ea0c0f2204c1aecfabfa2b3dc5fe063d733,Fake_Phishing971097,0x231bdd87ade0feb934a981f9a4442cc2bac110c8,Fake_Phishing1330116,0 BNB,$0.00,2.962e-05
0x3504bfad00666532d5267af7aad6c8ab8d347b2fba62c07e1d640fc35338cc29,Success,Transfer,120255079,2026-09-06 06:32:23,0xf1618ea0c0f2204c1aecfabfa2b3dc5fe063d733,Fake_Phishing971097,0x231bdd87ade0feb934a981f9a4442cc2bac110c8,Fake_Phishing1330116,0 BNB,$0.00,2.972e-05
0x2ff78b7082820728c6521106ac5110ff16347221dab153333b1b98d8d5df3e29,Success,Transfer,120254298,2026-09-06 06:26:32,0xf1618ea0c0f2204c1aecfabfa2b3dc5fe063d733,Fake_Phishing971097,0x231bdd87ade0feb934a981f9a4442cc2bac110c8,Fake_Phishing1330116,0 BNB,$0.00,3.03e-05
0x95ab4fdb36f686ebd3acd7674959aef8e2017489f91d40470a6c39a579bd5241,Success,Transfer,120253419,2026-09-06 06:19:56,0xf1618ea0c0f2204c1aecfabfa2b3dc5fe063d733,Fake_Phishing971097,0x231bdd87ade0feb934a981f9a4442cc2bac110c8,Fake_Phishing1330116,0 BNB,$0.00,3.034e-05
0xfc940d814f1e7acb2499de05725de163d94f571506c2b2f7f4e41e3bafacb356,Success,Transfer,120252619,2026-09-06 06:13:56,0xf1618ea0c0f2204c1aecfabfa2b3dc5fe063d733,Fake_Phishing971097,0x231bdd87ade0feb934a981f9a4442cc2bac110c8,Fake_Phishing1330116,0 BNB,$0.00,3.03e-05
0xe5d4d36313417298de1349b5a3bd3c3753c3d117fce5040edf0f0a4c08c5df94,Success,Transfer,120251859,2026-09-06 06:08:14,0xf1618ea0c0f2204c1aecfabfa2b3dc5fe063d733,Fake_Phishing971097,0x231bdd87ade0feb934a981f9a4442cc2bac110c8,Fake_Phishing1330116,0 BNB,$0.00,3.031e-05
0x8fc23f2c241422d3d41d2eabe5897a5ce886b27e99f233a026ee950f07a72a0f,Success,Transfer,120251090,2026-09-06 06:02:27,0xf1618ea0c0f2204c1aecfabfa2b3dc5fe063d733,Fake_Phishing971097,0x231bdd87ade0feb934a981f9a4442cc2bac110c8,Fake_Phishing1330116,0 BNB,$0.00,2.962e-05
0x599e7a2e34f1add182576035a313435983212088b06e538d7fca919511f5824f,Success,Transfer,120250191,2026-09-06 05:55:42,0xf1618ea0c0f2204c1aecfabfa2b3dc5fe063d733,Fake_Phishing971097,0x231bdd87ade0feb934a981f9a4442cc2bac110c8,Fake_Phishing1330116,0 BNB,$0.00,2.932e-05
0x8858a206401a02cb75ef1442f780641762ae05b896ea784d656cae9ba9267938,Success,Transfer,120249434,2026-09-06 05:50:02,0xf1618ea0c0f2204c1aecfabfa2b3dc5fe063d733,Fake_Phishing971097,0x231bdd87ade0feb934a981f9a4442cc2bac110c8,Fake_Phishing1330116,0 BNB,$0.00,2.962e-05
0x5685873dad3de658d6016daae66a3acd0dbecd6b37154ed5823f64fc7b11df73,Success,Transfer,120248659,2026-09-06 05:44:13,0xf1618ea0c0f2204c1aecfabfa2b3dc5fe063d733,Fake_Phishing971097,0x231bdd87ade0feb934a981f9a4442cc2bac110c8,Fake_Phishing1330116,0 BNB,$0.00,2.972e-05
0x38d052ad26dd3e362083f51972a2fd8d05454b1bcc40a8f37a95d5cba9e377e1,Success,Transfer,120247878,2026-09-06 05:38:21,0xf1618ea0c0f2204c1aecfabfa2b3dc5fe063d733,Fake_Phishing971097,0x231bdd87ade0feb934a981f9a4442cc2bac110c8,Fake_Phishing1330116,0 BNB,$0.00,2.962e-05
0x54ab4cb36b7fe9746cdd9ee51822deee38cc67286d0bdb477af9bf5f8855cbe0,Success,Transfer,120246969,2026-09-06 05:31:32,0xf1618ea0c0f2204c1aecfabfa2b3dc5fe063d733,Fake_Phishing971097,0x231bdd87ade0feb934a981f9a4442cc2bac110c8,Fake_Phishing1330116,0 BNB,$0.00,3.031e-05
0xbf2d4a69f33be97ffb31f6f3569ca19e1de862f702aedb788e0a252bae39d4e8,Success,Transfer,120246016,2026-09-06 05:24:23,0xf1618ea0c0f2204c1aecfabfa2b3dc5fe063d733,Fake_Phishing971097,0x231bdd87ade0feb934a981f9a4442cc2bac110c8,Fake_Phishing1330116,0 BNB,$0.00,2.991e-05
0x17eb6cf62e2feca631227bcea679b2cafef3ce115bd81cd61d4c5fa1454d6df3,Success,Transfer,120245045,2026-09-06 05:17:06,0xf1618ea0c0f2204c1aecfabfa2b3dc5fe063d733,Fake_Phishing971097,0x231bdd87ade0feb934a981f9a4442cc2bac110c8,Fake_Phishing1330116,0 BNB,$0.00,2.972e-05
0x6caa540c85ee600a9005d5f83ba6bba68fc400fb4e38fe10c58aea04e16065b5,Success,Transfer,120244055,2026-09-06 05:09:41,0xf1618ea0c0f2204c1aecfabfa2b3dc5fe063d733,Fake_Phishing971097,0x231bdd87ade0feb934a981f9a4442cc2bac110c8,Fake_Phishing1330116,0 BNB,$0.00,2.972e-05
0xb48f12214efc6b7396eafc937db6ce440747aa7af002983238c0aa7f4b1451a9,Success,Transfer,120243120,2026-09-06 05:02:40,0xf1618ea0c0f2204c1aecfabfa2b3dc5fe063d733,Fake_Phishing971097,0x231bdd87ade0feb934a981f9a4442cc2bac110c8,Fake_Phishing1330116,0 BNB,$0.00,3.032e-05
0x2d85895e692e4283ee1d7a18f8b06c3fc551cae3428e9b863f394610138492b9,Success,Transfer,120242143,2026-09-06 04:55:21,0xf1618ea0c0f2204c1aecfabfa2b3dc5fe063d733,Fake_Phishing971097,0x231bdd87ade0feb934a981f9a4442cc2bac110c8,Fake_Phishing1330116,0 BNB,$0.00,2.972e-05
0x9ac46d2d36b08e78cd43f10f53002b27dd59a167419c3bb69b2f15a1d6792b1b,Success,Transfer,120241067,2026-09-06 04:47:16,0xf1618ea0c0f2204c1aecfabfa2b3dc5fe063d733,Fake_Phishing971097,0x231bdd87ade0feb934a981f9a4442cc2bac110c8,Fake_Phishing1330116,0 BNB,$0.00,2.962e-05
0xaaaa254f1c43dfb998853d47289ce2dc31a452e1ee1486cdba8cb0ebb53c0cef,Success,Transfer,120240119,2026-09-06 04:40:10,0xf1618ea0c0f2204c1aecfabfa2b3dc5fe063d733,Fake_Phishing971097,0x231bdd87ade0feb934a981f9a4442cc2bac110c8,Fake_Phishing1330116,0 BNB,$0.00,2.923e-05
0xeceae128873f8863ceb7558fed385c0452683d1e9c835d8569ad54d59115e904,Success,Transfer,120239409,2026-09-06 04:34:50,0xf1618ea0c0f2204c1aecfabfa2b3dc5fe063d733,Fake_Phishing971097,0x231bdd87ade0feb934a981f9a4442cc2bac110c8,Fake_Phishing1330116,0 BNB,$0.00,2.742e-05
0xc309bdf1b3d526d7482ae7081e493af4e609e127cf352207a35ce2857ea17d59,Success,Transfer,120238900,2026-09-06 04:31:01,0xf1618ea0c0f2204c1aecfabfa2b3dc5fe063d733,Fake_Phishing971097,0x231bdd87ade0feb934a981f9a4442cc2bac110c8,Fake_Phishing1330116,0 BNB,$0.00,2.733e-05
0xe6a6d2fd9cccab9a7c5d60fc5ccdfeccffdf80ad0af4dd609d8926a02e31cd74,Success,Transfer,120238120,2026-09-06 04:25:10,0xf1618ea0c0f2204c1aecfabfa2b3dc5fe063d733,Fake_Phishing971097,0x231bdd87ade0feb934a981f9a4442cc2bac110c8,Fake_Phishing1330116,0 BNB,$0.00,2.973e-05
0x19aab35bcce50007f8b1f41b41ef167a62300924b6dcb0fc8c1094f0f4ba60e6,Success,Transfer,120237043,2026-09-06 04:17:05,0xf1618ea0c0f2204c1aecfabfa2b3dc5fe063d733,Fake_Phishing971097,0x231bdd87ade0feb934a981f9a4442cc2bac110c8,Fake_Phishing1330116,0 BNB,$0.00,2.972e-05
0x07569eb761b374d7646a20285efa4472807748535a9ed4b5b68b1fcd14a822cf,Success,Transfer,120235987,2026-09-06 04:09:09,0xf1618ea0c0f2204c1aecfabfa2b3dc5fe063d733,Fake_Phishing971097,0x231bdd87ade0feb934a981f9a4442cc2bac110c8,Fake_Phishing1330116,0 BNB,$0.00,3.011e-05
0x2514e97ad664d4ae863cbfb22c92d7c6c9c93648a92beeafbbc00f1b0548abd2,Success,Transfer,120235042,2026-09-06 04:02:04,0xf1618ea0c0f2204c1aecfabfa2b3dc5fe063d733,Fake_Phishing971097,0x231bdd87ade0feb934a981f9a4442cc2bac110c8,Fake_Phishing1330116,0 BNB,$0.00,2.991e-05
0xf328f4000b2a3ae646bb631e323bb5e30ad101a46323e1788bd292e5fea74b1d,Success,Transfer,120234082,2026-09-06 03:54:51,0xf1618ea0c0f2204c1aecfabfa2b3dc5fe063d733,Fake_Phishing971097,0x231bdd87ade0feb934a981f9a4442cc2bac110c8,Fake_Phishing1330116,0 BNB,$0.00,2.972e-05
0xc5ece1af706f025b6e2372b3cd5ac937d89b13109bfe1ee1ca9ae8f0c94cda8b,Success,Transfer,120233088,2026-09-06 03:47:24,0xf1618ea0c0f2204c1aecfabfa2b3dc5fe063d733,Fake_Phishing971097,0x231bdd87ade0feb934a981f9a4442cc2bac110c8,Fake_Phishing1330116,0 BNB,$0.00,2.952e-05
0x5029a2c722ed0f8e61de5c6bc312610938180d3d412c5745537aff21a11299bc,Success,Transfer,120232116,2026-09-06 03:40:07,0xf1618ea0c0f2204c1aecfabfa2b3dc5fe063d733,Fake_Phishing971097,0x231bdd87ade0feb934a981f9a4442cc2bac110c8,Fake_Phishing1330116,0 BNB,$0.00,3.031e-05
0x98518ab6cbbc3f52520067de83e54fd18c80be68dde459d2a78ae1f380f2e904,Success,Transfer,120231122,2026-09-06 03:32:39,0xf1618ea0c0f2204c1aecfabfa2b3dc5fe063d733,Fake_Phishing971097,0x231bdd87ade0feb934a981f9a4442cc2bac110c8,Fake_Phishing1330116,0 BNB,$0.00,3.031e-05
0x44517e905886eea3e9ff41f42444c1c67e3773f78ceacb4795c0248120bb2d93,Success,Transfer,120230146,2026-09-06 03:25:20,0xf1618ea0c0f2204c1aecfabfa2b3dc5fe063d733,Fake_Phishing971097,0x231bdd87ade0feb934a981f9a4442cc2bac110c8,Fake_Phishing1330116,0 BNB,$0.00,3.021e-05
0xa128f8beb4e1d97972b67d5055515e8b04e38f72cc261dcdb819834a13bfabb0,Success,Transfer,120229059,2026-09-06 03:17:11,0xf1618ea0c0f2204c1aecfabfa2b3dc5fe063d733,Fake_Phishing971097,0x231bdd87ade0feb934a981f9a4442cc2bac110c8,Fake_Phishing1330116,0 BNB,$0.00,3.031e-05
0x0124ccb97c1b3de050e90f540c9cc5bfee64bc919ecaec6a3112e57502f2c290,Success,Transfer,120227991,2026-09-06 03:09:10,0xf1618ea0c0f2204c1aecfabfa2b3dc5fe063d733,Fake_Phishing971097,0x231bdd87ade0feb934a981f9a4442cc2bac110c8,Fake_Phishing1330116,0 BNB,$0.00,2.996e-05
0xfddc53a99fee940546232fed85caa915b2a7126f859032ed4ff8b9e80999bcaa,Success,Transfer,120227015,2026-09-06 03:01:51,0xf1618ea0c0f2204c1aecfabfa2b3dc5fe063d733,Fake_Phishing971097,0x231bdd87ade0feb934a981f9a4442cc2bac110c8,Fake_Phishing1330116,0 BNB,$0.00,3.031e-05
0xe6d2e1bdc977fcb65372701eaab79661fea1553b3c0c0c089bbe05fef67d6a2f,Success,Transfer,120226029,2026-09-06 02:54:27,0xf1618ea0c0f2204c1aecfabfa2b3dc5fe063d733,Fake_Phishing971097,0x231bdd87ade0feb934a981f9a4442cc2bac110c8,Fake_Phishing1330116,0 BNB,$0.00,3.035e-05
0x86796c3c39678af26b3ace546e78004744bc2a0d8462fc583e232f40f35e5dfb,Success,Transfer,120221652,2026-09-06 02:21:37,0xf1618ea0c0f2204c1aecfabfa2b3dc5fe063d733,Fake_Phishing971097,0x231bdd87ade0feb934a981f9a4442cc2bac110c8,Fake_Phishing1330116,0 BNB,$0.00,2.863e-05
0xcef8670677ab5e4501bce24298a4302cf59f9c5985fa1bd49474622200aecb19,Success,Transfer,120220416,2026-09-06 02:12:20,0xf1618ea0c0f2204c1aecfabfa2b3dc5fe063d733,Fake_Phishing971097,0x231bdd87ade0feb934a981f9a4442cc2bac110c8,Fake_Phishing1330116,0 BNB,$0.00,3.031e-05
0x1fe4cadefa0a0bbcf33464b268532cfe25e28cb90edc9b99e4ab8657a89d6084,Success,Transfer,120219345,2026-09-06 02:04:18,0xf1618ea0c0f2204c1aecfabfa2b3dc5fe063d733,Fake_Phishing971097,0x231bdd87ade0feb934a981f9a4442cc2bac110c8,Fake_Phishing1330116,0 BNB,$0.00,2.973e-05
0xa5887b8c70ba559517a4149f8742a9cf8bdacd04f7c7d54b1fb76a4ba59673ec,Success,Transfer,120218260,2026-09-06 01:56:10,0xf1618ea0c0f2204c1aecfabfa2b3dc5fe063d733,Fake_Phishing971097,0x231bdd87ade0feb934a981f9a4442cc2bac110c8,Fake_Phishing1330116,0 BNB,$0.00,3.038e-05
0xa9e932c4ea2108777dd73a2d72c25ae15205350d83a3ec78fe0757fbf69d4255,Success,Transfer,120216980,2026-09-06 01:46:34,0xf1618ea0c0f2204c1aecfabfa2b3dc5fe063d733,Fake_Phishing971097,0x231bdd87ade0feb934a981f9a4442cc2bac110c8,Fake_Phishing1330116,0 BNB,$0.00,3.031e-05
0x9cf86a4bcdd8c5be3bcbb674e7abf16366818749a153409e5ae0b63e75d2ae8c,Success,Transfer,120215522,2026-09-06 01:35:38,0xf1618ea0c0f2204c1aecfabfa2b3dc5fe063d733,Fake_Phishing971097,0x231bdd87ade0feb934a981f9a4442cc2bac110c8,Fake_Phishing1330116,0 BNB,$0.00,2.991e-05
0xc460005f82cac301f741f5f9fc8de930ad728da555dc01f65dfb44c13371d103,Success,Transfer,120214151,2026-09-06 01:25:21,0xf1618ea0c0f2204c1aecfabfa2b3dc5fe063d733,Fake_Phishing971097,0x231bdd87ade0feb934a981f9a4442cc2bac110c8,Fake_Phishing1330116,0 BNB,$0.00,3.025e-05
0x239ab6a632f3f97f8f8238ea31663dc9ac8d96946ae4c609dff8ced4524863a7,Success,Transfer,120212850,2026-09-06 01:15:35,0xf1618ea0c0f2204c1aecfabfa2b3dc5fe063d733,Fake_Phishing971097,0x231bdd87ade0feb934a981f9a4442cc2bac110c8,Fake_Phishing1330116,0 BNB,$0.00,3.031e-05
0xb2f7ad0a84f8828e65a6b72f23cde34c8840149f9a84d9e5ddf229f593118887,Success,Transfer,120211148,2026-09-06 01:02:50,0xf1618ea0c0f2204c1aecfabfa2b3dc5fe063d733,Fake_Phishing971097,0x231bdd87ade0feb934a981f9a4442cc2bac110c8,Fake_Phishing1330116,0 BNB,$0.00,2.973e-05
0x761632c6972287bf19ba0bfce855dc562f29ba95c5bc0a3c84532069fbd163df,Success,Transfer,120209476,2026-09-06 00:50:16,0xf1618ea0c0f2204c1aecfabfa2b3dc5fe063d733,Fake_Phishing971097,0x231bdd87ade0feb934a981f9a4442cc2bac110c8,Fake_Phishing1330116,0 BNB,$0.00,2.961e-05
0x9dbd4e36423b18ba6fbf2f8d8a9e20cd7c8c0c4f7d81a81df5e97ba770fa7008,Success,Transfer,120207931,2026-09-06 00:38:41,0xf1618ea0c0f2204c1aecfabfa2b3dc5fe063d733,Fake_Phishing971097,0x231bdd87ade0feb934a981f9a4442cc2bac110c8,Fake_Phishing1330116,0 BNB,$0.00,2.922e-05
0x5c3f88236106b848f674fffaad7128e041744e7fb21306783cc9d4eb6e35defd,Success,Transfer,120206799,2026-09-06 00:30:11,0xf1618ea0c0f2204c1aecfabfa2b3dc5fe063d733,Fake_Phishing971097,0x231bdd87ade0feb934a981f9a4442cc2bac110c8,Fake_Phishing1330116,0 BNB,$0.00,2.931e-05
0x1090fe28fde51d080f06304f5735b8ffd696347c620510918398f984b12c8f75,Success,Transfer,120205599,2026-09-06 00:21:11,0xf1618ea0c0f2204c1aecfabfa2b3dc5fe063d733,Fake_Phishing971097,0x231bdd87ade0feb934a981f9a4442cc2bac110c8,Fake_Phishing1330116,0 BNB,$0.00,3.001e-05
0x1852e90d0e029ea836fa9602059dcd0bfaa305b917bb8dafb2a2fc84d36fc19a,Success,Transfer,120204261,2026-09-06 00:11:09,0xf1618ea0c0f2204c1aecfabfa2b3dc5fe063d733,Fake_Phishing971097,0x231bdd87ade0feb934a981f9a4442cc2bac110c8,Fake_Phishing1330116,0 BNB,$0.00,2.992e-05
0xeba7df476f4abc6c573e441c3fea03592fd826c7dfd94dd07e18a9c857b2bb83,Success,Transfer,120202876,2026-09-06 00:00:46,0xf1618ea0c0f2204c1aecfabfa2b3dc5fe063d733,Fake_Phishing971097,0x231bdd87ade0feb934a981f9a4442cc2bac110c8,Fake_Phishing1330116,0 BNB,$0.00,2.963e-05
0x8c4b02897d107764290c28631df9b79c003da9559e5f5ca0e4bb5c66780aa4ef,Success,Transfer,120201548,2026-09-05 23:50:48,0xf1618ea0c0f2204c1aecfabfa2b3dc5fe063d733,Fake_Phishing971097,0x231bdd87ade0feb934a981f9a4442cc2bac110c8,Fake_Phishing1330116,0 BNB,$0.00,2.762e-05
0x7a4463f157d944508d0f0136637d58058f01f05ba04d2008afd8ddc985457b62,Success,Transfer,120200008,2026-09-05 23:39:15,0xf1618ea0c0f2204c1aecfabfa2b3dc5fe063d733,Fake_Phishing971097,0x231bdd87ade0feb934a981f9a4442cc2bac110c8,Fake_Phishing1330116,0 BNB,$0.00,2.953e-05
0xb67e75defd373e68893e210d234312f2726d534b9470ab43c5b5e7857e896fb8,Success,Transfer,120198393,2026-09-05 23:27:08,0xf1618ea0c0f2204c1aecfabfa2b3dc5fe063d733,Fake_Phishing971097,0x231bdd87ade0feb934a981f9a4442cc2bac110c8,Fake_Phishing1330116,0 BNB,$0.00,2.981e-05
0xd06dc7a2d8f31c06aea8a72b1acc97341a073b7be2630d10871a2407cf1a86e5,Success,Transfer,120196758,2026-09-05 23:14:52,0xf1618ea0c0f2204c1aecfabfa2b3dc5fe063d733,Fake_Phishing971097,0x231bdd87ade0feb934a981f9a4442cc2bac110c8,Fake_Phishing1330116,0 BNB,$0.00,2.952e-05
0x6ca11d62d15e0bb378866c3681361d224f6127c0a3202dfe1d8f4f8ef78ad13a,Success,Transfer,120195181,2026-09-05 23:03:02,0xf1618ea0c0f2204c1aecfabfa2b3dc5fe063d733,Fake_Phishing971097,0x231bdd87ade0feb934a981f9a4442cc2bac110c8,Fake_Phishing1330116,0 BNB,$0.00,3.021e-05
0x3482ad6ae1b5b883e97feb0db2f5f5429fa24b4e8b5671384320423dc967f97d,Success,Transfer,120193574,2026-09-05 22:50:58,0xf1618ea0c0f2204c1aecfabfa2b3dc5fe063d733,Fake_Phishing971097,0x231bdd87ade0feb934a981f9a4442cc2bac110c8,Fake_Phishing1330116,0 BNB,$0.00,3.004e-05
0x230263d862bbdc0003a54119d6247f0c364a633adbcd77f1e6b0276b3ef3c8fe,Success,Transfer,120191896,2026-09-05 22:38:23,0xf1618ea0c0f2204c1aecfabfa2b3dc5fe063d733,Fake_Phishing971097,0x231bdd87ade0feb934a981f9a4442cc2bac110c8,Fake_Phishing1330116,0 BNB,$0.00,3.031e-05
0x80a4938868896703ab072f4cf65789ea3ca3eee24f44919b488bc070f446cdb5,Success,Transfer,120190302,2026-09-05 22:26:26,0xf1618ea0c0f2204c1aecfabfa2b3dc5fe063d733,Fake_Phishing971097,0x231bdd87ade0feb934a981f9a4442cc2bac110c8,Fake_Phishing1330116,0 BNB,$0.00,2.994e-05
0x97a101c726ebf669469c87d3a45ad1f7db12a9aace2ee8a6189246a8b8e6a6ae,Success,Transfer,120188561,2026-09-05 22:13:23,0xf1618ea0c0f2204c1aecfabfa2b3dc5fe063d733,Fake_Phishing971097,0x231bdd87ade0feb934a981f9a4442cc2bac110c8,Fake_Phishing1330116,0 BNB,$0.00,2.943e-05
0x3ff784e5095c862658b1fa067f9676449c50d1a27dd7d699845e2ed1776dd562,Success,Transfer,120186565,2026-09-05 21:58:24,0xf1618ea0c0f2204c1aecfabfa2b3dc5fe063d733,Fake_Phishing971097,0x231bdd87ade0feb934a981f9a4442cc2bac110c8,Fake_Phishing1330116,0 BNB,$0.00,2.973e-05
0x084e9aac47e143160e4af4a6d108d6d369e498b5bf9b27313d8267a449e34df6,Success,Transfer,120184150,2026-09-05 21:40:18,0xf1618ea0c0f2204c1aecfabfa2b3dc5fe063d733,Fake_Phishing971097,0x231bdd87ade0feb934a981f9a4442cc2bac110c8,Fake_Phishing1330116,0 BNB,$0.00,3.011e-05
0x258941400a9b8425775292b730ac510a4a914c42a5574ecf1997c86a6acc6bfd,Success,Transfer,120182016,2026-09-05 21:24:16,0xf1618ea0c0f2204c1aecfabfa2b3dc5fe063d733,Fake_Phishing971097,0x231bdd87ade0feb934a981f9a4442cc2bac110c8,Fake_Phishing1330116,0 BNB,$0.00,2.95e-05
0x9e8b3248662f3a236be357ff1f98eff1eabc32a7fc72da0c7b5d87ba6c6a8fa0,Success,Transfer,120179839,2026-09-05 21:07:56,0xf1618ea0c0f2204c1aecfabfa2b3dc5fe063d733,Fake_Phishing971097,0x231bdd87ade0feb934a981f9a4442cc2bac110c8,Fake_Phishing1330116,0 BNB,$0.00,3.035e-05
0xc8b558d3a3db857cbf8bd353b537f2e9528326be99921ba62d323ab6dc0f8581,Success,Transfer,120177884,2026-09-05 20:53:16,0xf1618ea0c0f2204c1aecfabfa2b3dc5fe063d733,Fake_Phishing971097,0x231bdd87ade0feb934a981f9a4442cc2bac110c8,Fake_Phishing1330116,0 BNB,$0.00,2.891e-05
0x65212e157b3e9106f749477b138ed0bbaa2bfcd73b7bad75e876629e2a007204,Success,Transfer,120175932,2026-09-05 20:38:38,0xf1618ea0c0f2204c1aecfabfa2b3dc5fe063d733,Fake_Phishing971097,0x231bdd87ade0feb934a981f9a4442cc2bac110c8,Fake_Phishing1330116,0 BNB,$0.00,3.018e-05
0x790dfb7ce00a098c416199ae77c15a4984b46a0d447eacc5a7e9d8aa6ace375f,Success,Transfer,120174213,2026-09-05 20:25:44,0xf1618ea0c0f2204c1aecfabfa2b3dc5fe063d733,Fake_Phishing971097,0x231bdd87ade0feb934a981f9a4442cc2bac110c8,Fake_Phishing1330116,0 BNB,$0.00,2.942e-05
0xef5964327a54f59493580eaecdc0386ae04a1d22de7f4378a5da97cb79cfbacc,Success,Transfer,120172257,2026-09-05 20:11:04,0xf1618ea0c0f2204c1aecfabfa2b3dc5fe063d733,Fake_Phishing971097,0x231bdd87ade0feb934a981f9a4442cc2bac110c8,Fake_Phishing1330116,0 BNB,$0.00,2.998e-05
0x403975806cf698d0eb6869444e467b8da53c3d6dc5e888f79c0d2d190a1ada52,Success,Transfer,120170379,2026-09-05 19:56:59,0xf1618ea0c0f2204c1aecfabfa2b3dc5fe063d733,Fake_Phishing971097,0x231bdd87ade0feb934a981f9a4442cc2bac110c8,Fake_Phishing1330116,0 BNB,$0.00,2.998e-05
0x1e0fafc1417e44a62bee2e6729c9d085e8aff1bf5d6d2ac03fe4da1bc333bd5c,Success,Transfer,120168425,2026-09-05 19:42:19,0xf1618ea0c0f2204c1aecfabfa2b3dc5fe063d733,Fake_Phishing971097,0x231bdd87ade0feb934a981f9a4442cc2bac110c8,Fake_Phishing1330116,0 BNB,$0.00,2.999e-05
0xca898f892f904af0c75618c038a53ed42c734a087766eb020d94b011d1d72041,Success,Transfer,120166693,2026-09-05 19:29:19,0xf1618ea0c0f2204c1aecfabfa2b3dc5fe063d733,Fake_Phishing971097,0x231bdd87ade0feb934a981f9a4442cc2bac110c8,Fake_Phishing1330116,0 BNB,$0.00,3.031e-05
0xa079a51cf91428d86c566b3774cb631d91fe8bb06bced5d17fefc8aef03701f8,Success,Transfer,120164969,2026-09-05 19:16:24,0xf1618ea0c0f2204c1aecfabfa2b3dc5fe063d733,Fake_Phishing971097,0x231bdd87ade0feb934a981f9a4442cc2bac110c8,Fake_Phishing1330116,0 BNB,$0.00,2.96e-05
0xe8c2ae10a0c6dfed25656d6d2f6eba17ca913ff6ed10487cfbd15b27fe6605f5,Success,Transfer,120163200,2026-09-05 19:03:07,0xf1618ea0c0f2204c1aecfabfa2b3dc5fe063d733,Fake_Phishing971097,0x231bdd87ade0feb934a981f9a4442cc2bac110c8,Fake_Phishing1330116,0 BNB,$0.00,3.029e-05
0x9d6a8f7a534d0347f49ca64553373eb89a16b0f598915327f1b95b29e7924bb3,Success,Transfer,120161566,2026-09-05 18:50:52,0xf1618ea0c0f2204c1aecfabfa2b3dc5fe063d733,Fake_Phishing971097,0x231bdd87ade0feb934a981f9a4442cc2bac110c8,Fake_Phishing1330116,0 BNB,$0.00,3.01e-05
0x0dbe85c210533b2146dd48af100a3a32a155a4da7b1a36e17d167e17e0800075,Success,Transfer,120160319,2026-09-05 18:41:30,0xf1618ea0c0f2204c1aecfabfa2b3dc5fe063d733,Fake_Phishing971097,0x231bdd87ade0feb934a981f9a4442cc2bac110c8,Fake_Phishing1330116,0 BNB,$0.00,3.005e-05
0xe56385f6f8850679603632300cb6db4a60c8f94629e2ab2c0e71db93568d922b,Success,Transfer,120159147,2026-09-05 18:32:43,0xf1618ea0c0f2204c1aecfabfa2b3dc5fe063d733,Fake_Phishing971097,0x231bdd87ade0feb934a981f9a4442cc2bac110c8,Fake_Phishing1330116,0 BNB,$0.00,3.038e-05
0x04a71b2f06f35593b2a5a4e811fa5b022aecda1b590415155365ac4e640047ed,Success,Transfer,120157600,2026-09-05 18:21:07,0xf1618ea0c0f2204c1aecfabfa2b3dc5fe063d733,Fake_Phishing971097,0x231bdd87ade0feb934a981f9a4442cc2bac110c8,Fake_Phishing1330116,0 BNB,$0.00,3.02e-05
0x12c1b06169d909f5f10be9bc3777745f0dbd70f66b2498036a885c5114a25b23,Success,Transfer,120382273,2026-09-06 22:26:54,0xf1618ea0c0f2204c1aecfabfa2b3dc5fe063d733,Fake_Phishing971097,0x231bdd87ade0feb934a981f9a4442cc2bac110c8,Fake_Phishing1330116,0 BNB,$0.00,2.923e-05
0xaa98e286f4c12c53c7204f644db0c8060c4065078c87d957ca79450c94d77121,Success,Transfer,120380702,2026-09-06 22:15:07,0xf1618ea0c0f2204c1aecfabfa2b3dc5fe063d733,Fake_Phishing971097,0x231bdd87ade0feb934a981f9a4442cc2bac110c8,Fake_Phishing1330116,0 BNB,$0.00,2.991e-05
0x27a6723ed04028fb27d370629e50ed465e0450e60a017433874f68ede43a7ae9,Success,Transfer,120378928,2026-09-06 22:01:49,0xf1618ea0c0f2204c1aecfabfa2b3dc5fe063d733,Fake_Phishing971097,0x231bdd87ade0feb934a981f9a4442cc2bac110c8,Fake_Phishing1330116,0 BNB,$0.00,3.008e-05
0x9ccb816e4625c8c103ee795cbc8fa83cc4bae881c31af4a223f732a76612a2bb,Success,Transfer,120376987,2026-09-06 21:47:15,0xf1618ea0c0f2204c1aecfabfa2b3dc5fe063d733,Fake_Phishing971097,0x231bdd87ade0feb934a981f9a4442cc2bac110c8,Fake_Phishing1330116,0 BNB,$0.00,3.001e-05
0x21fa2763d67156c01d45b2053edeaf877d021bc5fae19d098d73e588c6df61e8,Success,Transfer,120374746,2026-09-06 21:30:27,0xf1618ea0c0f2204c1aecfabfa2b3dc5fe063d733,Fake_Phishing971097,0x231bdd87ade0feb934a981f9a4442cc2bac110c8,Fake_Phishing1330116,0 BNB,$0.00,2.972e-05
0xb27f5207cd7f308a320ffa47099824be9c6ee27858588d7e63f1ccf8266e7828,Success,Transfer,120372754,2026-09-06 21:15:29,0xf1618ea0c0f2204c1aecfabfa2b3dc5fe063d733,Fake_Phishing971097,0x231bdd87ade0feb934a981f9a4442cc2bac110c8,Fake_Phishing1330116,0 BNB,$0.00,2.962e-05
0x5c5c196b1d48e626a012369e2d5c3336ca1eb97b6ed9aca40d725eb67e2d7299,Success,Transfer,120370909,2026-09-06 21:01:32,0xf1618ea0c0f2204c1aecfabfa2b3dc5fe063d733,Fake_Phishing971097,0x231bdd87ade0feb934a981f9a4442cc2bac110c8,Fake_Phishing1330116,0 BNB,$0.00,2.861e-05
0xd8e798c8eccbf79861dc1a1e3e6a581b39294267121d456e250f50cb30371591,Success,Transfer,120368693,2026-09-06 20:44:54,0xf1618ea0c0f2204c1aecfabfa2b3dc5fe063d733,Fake_Phishing971097,0x231bdd87ade0feb934a981f9a4442cc2bac110c8,Fake_Phishing1330116,0 BNB,$0.00,3.001e-05
0xd42f3ced97c7e82cd3841c72f79f4d401ecb1f8c698849a1da976e9d3b4598f6,Success,Transfer,120366432,2026-09-06 20:27:55,0xf1618ea0c0f2204c1aecfabfa2b3dc5fe063d733,Fake_Phishing971097,0x231bdd87ade0feb934a981f9a4442cc2bac110c8,Fake_Phishing1330116,0 BNB,$0.00,2.941e-05
0xbdd029ba8983aa05da8f4f7f5ac577470f25063d5fd4c594f473e727510a3a98,Success,Transfer,120363891,2026-09-06 20:08:50,0xf1618ea0c0f2204c1aecfabfa2b3dc5fe063d733,Fake_Phishing971097,0x231bdd87ade0feb934a981f9a4442cc2bac110c8,Fake_Phishing1330116,0 BNB,$0.00,3.043e-05
0x9db4fda10374384fe8d662bf9696bd6af2d4ea472ee115fa80f8dbdc33291a2d,Success,Transfer,120362021,2026-09-06 19:54:47,0xf1618ea0c0f2204c1aecfabfa2b3dc5fe063d733,Fake_Phishing971097,0x231bdd87ade0feb934a981f9a4442cc2bac110c8,Fake_Phishing1330116,0 BNB,$0.00,2.997e-05
0xeb8aa8114cf37815d6e6e3125cbaddef5d2331fce52b02738df3376d514c8e9c,Success,Transfer,120360270,2026-09-06 19:41:39,0xf1618ea0c0f2204c1aecfabfa2b3dc5fe063d733,Fake_Phishing971097,0x231bdd87ade0feb934a981f9a4442cc2bac110c8,Fake_Phishing1330116,0 BNB,$0.00,3.018e-05
0x28fe8f6de6c75f9e7614d936b58bed06ff51ccb49ce6e23bda2029eb11b06b81,Success,Transfer,120358610,2026-09-06 19:29:09,0xf1618ea0c0f2204c1aecfabfa2b3dc5fe063d733,Fake_Phishing971097,0x231bdd87ade0feb934a981f9a4442cc2bac110c8,Fake_Phishing1330116,0 BNB,$0.00,3.047e-05
0x830f71c53b1ee173941a11925152843b69a451071119a14cdc2fe217ec2bc1ce,Success,Transfer,120356693,2026-09-06 19:14:46,0xf1618ea0c0f2204c1aecfabfa2b3dc5fe063d733,Fake_Phishing971097,0x231bdd87ade0feb934a981f9a4442cc2bac110c8,Fake_Phishing1330116,0 BNB,$0.00,3.011e-05
0x0d413c8b5160f934575ef896cce07832cea558e25ef3ed75a0985549dbfdbea7,Success,Transfer,120355162,2026-09-06 19:03:17,0xf1618ea0c0f2204c1aecfabfa2b3dc5fe063d733,Fake_Phishing971097,0x231bdd87ade0feb934a981f9a4442cc2bac110c8,Fake_Phishing1330116,0 BNB,$0.00,2.941e-05
0x2329db5e3be74b50f54b24186bdf9c2ff372335a4ee42fb62ef1ad1bb3b0e508,Success,Transfer,120353543,2026-09-06 18:51:08,0xf1618ea0c0f2204c1aecfabfa2b3dc5fe063d733,Fake_Phishing971097,0x231bdd87ade0feb934a981f9a4442cc2bac110c8,Fake_Phishing1330116,0 BNB,$0.00,2.892e-05
0xc237166d3cb35fae20b72c62e4a6f4b9b2426b2993a9765ed3418f768431441f,Success,Transfer,120351933,2026-09-06 18:39:04,0xf1618ea0c0f2204c1aecfabfa2b3dc5fe063d733,Fake_Phishing971097,0x231bdd87ade0feb934a981f9a4442cc2bac110c8,Fake_Phishing1330116,0 BNB,$0.00,3.042e-05
0xa61fce61974286d713fb80c4dd906cfdf6ad43d115c6a3a7cdbbe25764d57d99,Success,Transfer,120350486,2026-09-06 18:28:12,0xf1618ea0c0f2204c1aecfabfa2b3dc5fe063d733,Fake_Phishing971097,0x231bdd87ade0feb934a981f9a4442cc2bac110c8,Fake_Phishing1330116,0 BNB,$0.00,3.035e-05
0xafb25431276351e2b4326bd0d405dc24e0152136fe3edb8e796b612c399c8333,Success,Transfer,120349115,2026-09-06 18:17:56,0xf1618ea0c0f2204c1aecfabfa2b3dc5fe063d733,Fake_Phishing971097,0x231bdd87ade0feb934a981f9a4442cc2bac110c8,Fake_Phishing1330116,0 BNB,$0.00,3.038e-05
0x0b1c3801232ae0c7548a821b56c27c42d9e7a35ef954e528d633dd1ed77917dc,Success,Transfer,120347544,2026-09-06 18:06:09,0xf1618ea0c0f2204c1aecfabfa2b3dc5fe063d733,Fake_Phishing971097,0x231bdd87ade0feb934a981f9a4442cc2bac110c8,Fake_Phishing1330116,0 BNB,$0.00,2.833e-05
0xb128b65e13c94f2ded870e96a25c444ad68d00baa7dd8bc4266b47ff90cb5d9b,Success,Transfer,120346132,2026-09-06 17:55:33,0xf1618ea0c0f2204c1aecfabfa2b3dc5fe063d733,Fake_Phishing971097,0x231bdd87ade0feb934a981f9a4442cc2bac110c8,Fake_Phishing1330116,0 BNB,$0.00,2.991e-05
0xbbc26c6e46688f5521fca6e4d0f7f5d8c064400152d4929af8e7fd3e09fcd85b,Success,Transfer,120344937,2026-09-06 17:46:35,0xf1618ea0c0f2204c1aecfabfa2b3dc5fe063d733,Fake_Phishing971097,0x231bdd87ade0feb934a981f9a4442cc2bac110c8,Fake_Phishing1330116,0 BNB,$0.00,3.032e-05
0x11d3185951046471728b8ee01ea409a603c5af8153053621d7fa4d45a8332824,Success,Transfer,120343732,2026-09-06 17:37:32,0xf1618ea0c0f2204c1aecfabfa2b3dc5fe063d733,Fake_Phishing971097,0x231bdd87ade0feb934a981f9a4442cc2bac110c8,Fake_Phishing1330116,0 BNB,$0.00,2.932e-05
0xb1ed09f44fe177a6ae8c3d85432b708fcf45a6a4d140aa5b50d2a9eb1e34a8fc,Success,Transfer,120342495,2026-09-06 17:28:16,0xf1618ea0c0f2204c1aecfabfa2b3dc5fe063d733,Fake_Phishing971097,0x231bdd87ade0feb934a981f9a4442cc2bac110c8,Fake_Phishing1330116,0 BNB,$0.00,2.892e-05
0x8a0b62316120dc4f3826e29c9b3b1e4172044dec308e84a541616b2369e825bf,Success,Transfer,120341242,2026-09-06 17:18:52,0xf1618ea0c0f2204c1aecfabfa2b3dc5fe063d733,Fake_Phishing971097,0x231bdd87ade0feb934a981f9a4442cc2bac110c8,Fake_Phishing1330116,0 BNB,$0.00,3.035e-05
0x267570b080596afbea7dad3e732a3b534e9d991913f64b02f0b97396d8ce9a06,Success,Transfer,120339996,2026-09-06 17:09:30,0xf1618ea0c0f2204c1aecfabfa2b3dc5fe063d733,Fake_Phishing971097,0x231bdd87ade0feb934a981f9a4442cc2bac110c8,Fake_Phishing1330116,0 BNB,$0.00,2.962e-05
0x5457302e467b1dd23594b056652df164bde37233f1990e6959d15db8188cb16b,Success,Transfer,120338743,2026-09-06 17:00:07,0xf1618ea0c0f2204c1aecfabfa2b3dc5fe063d733,Fake_Phishing971097,0x231bdd87ade0feb934a981f9a4442cc2bac110c8,Fake_Phishing1330116,0 BNB,$0.00,2.955e-05
0x5aa0355383e47e139bf38ea58944e7c6f6e4d4bb18131ab5ecc64f0da548b6db,Success,Transfer,120337536,2026-09-06 16:51:03,0xf1618ea0c0f2204c1aecfabfa2b3dc5fe063d733,Fake_Phishing971097,0x231bdd87ade0feb934a981f9a4442cc2bac110c8,Fake_Phishing1330116,0 BNB,$0.00,3.008e-05
0x9211ca18f317941087b57b4cecd1addb459f841f18d1c53c126b6f29a879fdbf,Success,Transfer,120336277,2026-09-06 16:41:37,0xf1618ea0c0f2204c1aecfabfa2b3dc5fe063d733,Fake_Phishing971097,0x231bdd87ade0feb934a981f9a4442cc2bac110c8,Fake_Phishing1330116,0 BNB,$0.00,2.932e-05
0xcba835924dd077575310c8c5764cbad69f4fd0ca8a5e54e26db482d3c97a2858,Success,Transfer,120335166,2026-09-06 16:33:16,0xf1618ea0c0f2204c1aecfabfa2b3dc5fe063d733,Fake_Phishing971097,0x231bdd87ade0feb934a981f9a4442cc2bac110c8,Fake_Phishing1330116,0 BNB,$0.00,3.011e-05
0xca729ed33459786ef6154c4d1beb8b316eff62af6604f86b84ffd87653134832,Success,Transfer,120333994,2026-09-06 16:24:28,0xf1618ea0c0f2204c1aecfabfa2b3dc5fe063d733,Fake_Phishing971097,0x231bdd87ade0feb934a981f9a4442cc2bac110c8,Fake_Phishing1330116,0 BNB,$0.00,2.972e-05
0x18acd5726b28eee12cdf2b7d8cbcb57f9a2ea5b60426435e9622d8560adbec2e,Success,Transfer,120332831,2026-09-06 16:15:45,0xf1618ea0c0f2204c1aecfabfa2b3dc5fe063d733,Fake_Phishing971097,0x231bdd87ade0feb934a981f9a4442cc2bac110c8,Fake_Phishing1330116,0 BNB,$0.00,2.971e-05
0x75ebce8cf6e66a434d929b05731e18207631ac04fba0ee6491686efcb08801c1,Success,Transfer,120331722,2026-09-06 16:07:26,0xf1618ea0c0f2204c1aecfabfa2b3dc5fe063d733,Fake_Phishing971097,0x231bdd87ade0feb934a981f9a4442cc2bac110c8,Fake_Phishing1330116,0 BNB,$0.00,2.93e-05
0xb54bc0b2d7804aa697d730ea2067de5cffa38fc481f197f66e1240eab1fd9af0,Success,Transfer,120330587,2026-09-06 15:58:55,0xf1618ea0c0f2204c1aecfabfa2b3dc5fe063d733,Fake_Phishing971097,0x231bdd87ade0feb934a981f9a4442cc2bac110c8,Fake_Phishing1330116,0 BNB,$0.00,3.034e-05
0x9c4f471078de782f8d4431bfc99a2cf44c1284b80fa721a8c5571978919e166a,Success,Transfer,120329597,2026-09-06 15:51:29,0xf1618ea0c0f2204c1aecfabfa2b3dc5fe063d733,Fake_Phishing971097,0x231bdd87ade0feb934a981f9a4442cc2bac110c8,Fake_Phishing1330116,0 BNB,$0.00,3.041e-05
0x4d824d4d3cc033feeacc19fd2d81ca3fab77d431526e57e7da12aaee53018445,Success,Transfer,120328522,2026-09-06 15:43:25,0xf1618ea0c0f2204c1aecfabfa2b3dc5fe063d733,Fake_Phishing971097,0x231bdd87ade0feb934a981f9a4442cc2bac110c8,Fake_Phishing1330116,0 BNB,$0.00,2.922e-05
0x8da9dc42e2eb9e6128ffdf3e81b3771eafc08b2278b594ef51131306ff697105,Success,Transfer,120327509,2026-09-06 15:35:49,0xf1618ea0c0f2204c1aecfabfa2b3dc5fe063d733,Fake_Phishing971097,0x231bdd87ade0feb934a981f9a4442cc2bac110c8,Fake_Phishing1330116,0 BNB,$0.00,2.922e-05
0xccdd01bb13ee496a92595c158726857bbe2108025d3d12e76cfeae45bd72447e,Success,Transfer,120326609,2026-09-06 15:29:04,0xf1618ea0c0f2204c1aecfabfa2b3dc5fe063d733,Fake_Phishing971097,0x231bdd87ade0feb934a981f9a4442cc2bac110c8,Fake_Phishing1330116,0 BNB,$0.00,2.972e-05
0xdb28241cc43628799bc1a39996f9d87679a5c349d263796ce2d82f3ba73b760e,Success,Transfer,120325683,2026-09-06 15:22:08,0xf1618ea0c0f2204c1aecfabfa2b3dc5fe063d733,Fake_Phishing971097,0x231bdd87ade0feb934a981f9a4442cc2bac110c8,Fake_Phishing1330116,0 BNB,$0.00,2.97e-05
0x4125b0dcac5e6838a3f54f2c8fe6b0652264a91b275dd007d56e9957c2759740,Success,Transfer,120324815,2026-09-06 15:15:36,0xf1618ea0c0f2204c1aecfabfa2b3dc5fe063d733,Fake_Phishing971097,0x231bdd87ade0feb934a981f9a4442cc2bac110c8,Fake_Phishing1330116,0 BNB,$0.00,2.991e-05
0x72721512eab98ae3b61c7de44310819f74d83cbb0a70fe027cb1ff3ecda97baf,Success,Transfer,120323891,2026-09-06 15:08:40,0xf1618ea0c0f2204c1aecfabfa2b3dc5fe063d733,Fake_Phishing971097,0x231bdd87ade0feb934a981f9a4442cc2bac110c8,Fake_Phishing1330116,0 BNB,$0.00,2.962e-05
0x76f9144335de1dc88c784bd9ca1181f5c3e45ab0358366c5b30a71b0005e5cf6,Success,Transfer,120322965,2026-09-06 15:01:43,0xf1618ea0c0f2204c1aecfabfa2b3dc5fe063d733,Fake_Phishing971097,0x231bdd87ade0feb934a981f9a4442cc2bac110c8,Fake_Phishing1330116,0 BNB,$0.00,2.922e-05
0x0000212c089d97096921587e98c19d6e7ef92f7f86ba2bc0656703ddf94cbdd2,Success,Transfer,120322137,2026-09-06 14:55:31,0xf1618ea0c0f2204c1aecfabfa2b3dc5fe063d733,Fake_Phishing971097,0x231bdd87ade0feb934a981f9a4442cc2bac110c8,Fake_Phishing1330116,0 BNB,$0.00,2.99e-05
0x719c7fd762a5406fb5c46c91050a9dcee5be3474e04ba2c936b62eae749d86b6,Success,Transfer,120321328,2026-09-06 14:49:26,0xf1618ea0c0f2204c1aecfabfa2b3dc5fe063d733,Fake_Phishing971097,0x231bdd87ade0feb934a981f9a4442cc2bac110c8,Fake_Phishing1330116,0 BNB,$0.00,2.941e-05
0x03c3af8e81737df857ac0e925b5895afbf5b0c3da3522541990fd91dd68b6cc7,Success,Transfer,120320539,2026-09-06 14:43:31,0xf1618ea0c0f2204c1aecfabfa2b3dc5fe063d733,Fake_Phishing971097,0x231bdd87ade0feb934a981f9a4442cc2bac110c8,Fake_Phishing1330116,0 BNB,$0.00,3.011e-05
0x4e2db414843bb536f955d3aa01d5a68ac5e0da59d77931c66718e5719061248f,Success,Transfer,120319696,2026-09-06 14:37:12,0xf1618ea0c0f2204c1aecfabfa2b3dc5fe063d733,Fake_Phishing971097,0x231bdd87ade0feb934a981f9a4442cc2bac110c8,Fake_Phishing1330116,0 BNB,$0.00,3.042e-05
0xa771ce02255b96e98cc1b86ab62c7281266ddb3528504cf3496e98efd6eed29e,Success,Transfer,120318887,2026-09-06 14:31:08,0xf1618ea0c0f2204c1aecfabfa2b3dc5fe063d733,Fake_Phishing971097,0x231bdd87ade0feb934a981f9a4442cc2bac110c8,Fake_Phishing1330116,0 BNB,$0.00,3.034e-05
0xc83feac4f1a5b028742462de4e09fe8ea69689bf324eec3d99efcdb9fa35ceeb,Success,Transfer,120318020,2026-09-06 14:24:38,0xf1618ea0c0f2204c1aecfabfa2b3dc5fe063d733,Fake_Phishing971097,0x231bdd87ade0feb934a981f9a4442cc2bac110c8,Fake_Phishing1330116,0 BNB,$0.00,3.019e-05
0x91a812d738db2f153d958fe6b91628d3aaad03b3ce49970afb9d521c89892e1b,Success,Transfer,120317180,2026-09-06 14:18:20,0xf1618ea0c0f2204c1aecfabfa2b3dc5fe063d733,Fake_Phishing971097,0x231bdd87ade0feb934a981f9a4442cc2bac110c8,Fake_Phishing1330116,0 BNB,$0.00,3.011e-05
0x6fe5b248bea036fa61352a1f7bdc7103896bc2b9d375bb7be5f3ea1d4d1c55a4,Success,Transfer,120316314,2026-09-06 14:11:50,0xf1618ea0c0f2204c1aecfabfa2b3dc5fe063d733,Fake_Phishing971097,0x231bdd87ade0feb934a981f9a4442cc2bac110c8,Fake_Phishing1330116,0 BNB,$0.00,3.031e-05
0x6e21a1e9be6c34ef1e3923d0e0f56bb2d624f847c7900e1a2a252b827935331e,Success,Transfer,120315521,2026-09-06 14:05:53,0xf1618ea0c0f2204c1aecfabfa2b3dc5fe063d733,Fake_Phishing971097,0x231bdd87ade0feb934a981f9a4442cc2bac110c8,Fake_Phishing1330116,0 BNB,$0.00,2.971e-05
0x2c99eeef4b52e4936b962bbbd0320eaccb9bbbd807a59e0d6b88b29f656e399b,Success,Transfer,120314656,2026-09-06 13:59:24,0xf1618ea0c0f2204c1aecfabfa2b3dc5fe063d733,Fake_Phishing971097,0x231bdd87ade0feb934a981f9a4442cc2bac110c8,Fake_Phishing1330116,0 BNB,$0.00,3.011e-05
0x8bef04fe1dd5560405c68c99492856e15bb59d1894aa8655c2861e200c6406e7,Success,Transfer,120313835,2026-09-06 13:53:14,0xf1618ea0c0f2204c1aecfabfa2b3dc5fe063d733,Fake_Phishing971097,0x231bdd87ade0feb934a981f9a4442cc2bac110c8,Fake_Phishing1330116,0 BNB,$0.00,3.042e-05
0x2a0d698bbcd024e0bb1f56a8c955a8dbc058c3682a1a33c0d0de821185954fee,Success,Transfer,120313028,2026-09-06 13:47:11,0xf1618ea0c0f2204c1aecfabfa2b3dc5fe063d733,Fake_Phishing971097,0x231bdd87ade0feb934a981f9a4442cc2bac110c8,Fake_Phishing1330116,0 BNB,$0.00,3.035e-05
0x78ba1487defd4efdbc87f0c89deb5b9df6ac3bbbdc195ed4a20bbb789e6e80ce,Success,Transfer,120312195,2026-09-06 13:40:56,0xf1618ea0c0f2204c1aecfabfa2b3dc5fe063d733,Fake_Phishing971097,0x231bdd87ade0feb934a981f9a4442cc2bac110c8,Fake_Phishing1330116,0 BNB,$0.00,3.025e-05
0x4e7babdd2894693cefdcfcd2692d77469ebd52032391dd08cb76edd40caf530d,Success,Transfer,120311367,2026-09-06 13:34:43,0xf1618ea0c0f2204c1aecfabfa2b3dc5fe063d733,Fake_Phishing971097,0x231bdd87ade0feb934a981f9a4442cc2bac110c8,Fake_Phishing1330116,0 BNB,$0.00,3.035e-05
0xd4d6190a7c4de20035d484c0dd6fc58c06c05859e48b98a1cce2d13ddbc16b46,Success,Transfer,120310565,2026-09-06 13:28:42,0xf1618ea0c0f2204c1aecfabfa2b3dc5fe063d733,Fake_Phishing971097,0x231bdd87ade0feb934a981f9a4442cc2bac110c8,Fake_Phishing1330116,0 BNB,$0.00,3.015e-05
0x48fe806ef401bf855c468e508155abe03a6d6c2fb8e7ae39990a665a48d1b56c,Success,Transfer,120309739,2026-09-06 13:22:31,0xf1618ea0c0f2204c1aecfabfa2b3dc5fe063d733,Fake_Phishing971097,0x231bdd87ade0feb934a981f9a4442cc2bac110c8,Fake_Phishing1330116,0 BNB,$0.00,3.021e-05
0x34bd1e5c28abfa0c9376293e7611eceab6bc337412b99f0d78b9b92f563a8159,Success,Transfer,120308935,2026-09-06 13:16:29,0xf1618ea0c0f2204c1aecfabfa2b3dc5fe063d733,Fake_Phishing971097,0x231bdd87ade0feb934a981f9a4442cc2bac110c8,Fake_Phishing1330116,0 BNB,$0.00,3.035e-05
0x98561e64303a3d1eba02981df4c35d6e0bfc49273064234ca33c5e62dcb89589,Success,Transfer,120308108,2026-09-06 13:10:16,0xf1618ea0c0f2204c1aecfabfa2b3dc5fe063d733,Fake_Phishing971097,0x231bdd87ade0feb934a981f9a4442cc2bac110c8,Fake_Phishing1330116,0 BNB,$0.00,2.972e-05
0xf10c7cf6e57fd0045faf8d1270455f2b822aa7046377cf4d56380d371359ea56,Success,Transfer,120307330,2026-09-06 13:04:26,0xf1618ea0c0f2204c1aecfabfa2b3dc5fe063d733,Fake_Phishing971097,0x231bdd87ade0feb934a981f9a4442cc2bac110c8,Fake_Phishing1330116,0 BNB,$0.00,3.026e-05
0x4b151c4abf7c574726f7742ae2d952a78a7a9c437d887b4dad4304c1b2463b61,Success,Transfer,120306478,2026-09-06 12:58:02,0xf1618ea0c0f2204c1aecfabfa2b3dc5fe063d733,Fake_Phishing971097,0x231bdd87ade0feb934a981f9a4442cc2bac110c8,Fake_Phishing1330116,0 BNB,$0.00,3.034e-05
0x786616a74cb2402f1d6bcdefe5105138cd72a74dcff15d7308bd4074c539162e,Success,Transfer,120305650,2026-09-06 12:51:49,0xf1618ea0c0f2204c1aecfabfa2b3dc5fe063d733,Fake_Phishing971097,0x231bdd87ade0feb934a981f9a4442cc2bac110c8,Fake_Phishing1330116,0 BNB,$0.00,2.962e-05
0x36d55f390a1e19b24070228548c425a903546490b2d3c64d7537994043580678,Success,Transfer,120304845,2026-09-06 12:45:47,0xf1618ea0c0f2204c1aecfabfa2b3dc5fe063d733,Fake_Phishing971097,0x231bdd87ade0feb934a981f9a4442cc2bac110c8,Fake_Phishing1330116,0 BNB,$0.00,3.031e-05
0xe64ad510a2bc4ebe3a2bb71a078362d8e0fdbd4cbb516e10c6eac3a516ebc296,Success,Transfer,120304009,2026-09-06 12:39:31,0xf1618ea0c0f2204c1aecfabfa2b3dc5fe063d733,Fake_Phishing971097,0x231bdd87ade0feb934a981f9a4442cc2bac110c8,Fake_Phishing1330116,0 BNB,$0.00,3.038e-05
0xaf277352eb0efe47d9fc0ffdf27d89fbed7237100256b221aedba42d1c3d8357,Success,Transfer,120303154,2026-09-06 12:33:06,0xf1618ea0c0f2204c1aecfabfa2b3dc5fe063d733,Fake_Phishing971097,0x231bdd87ade0feb934a981f9a4442cc2bac110c8,Fake_Phishing1330116,0 BNB,$0.00,2.861e-05
0xc3ca7cdbbe9aed910c5f37fd9aff7810d848fdcd2c1b436c031e2991b66583f6,Success,Transfer,120302327,2026-09-06 12:26:54,0xf1618ea0c0f2204c1aecfabfa2b3dc5fe063d733,Fake_Phishing971097,0x231bdd87ade0feb934a981f9a4442cc2bac110c8,Fake_Phishing1330116,0 BNB,$0.00,3.031e-05
0xedbe06f0db6327f16f97ef69cdf9013f9fccda4472dad89623d564b7c9652994,Success,Transfer,120301570,2026-09-06 12:21:13,0xf1618ea0c0f2204c1aecfabfa2b3dc5fe063d733,Fake_Phishing971097,0x231bdd87ade0feb934a981f9a4442cc2bac110c8,Fake_Phishing1330116,0 BNB,$0.00,3.039e-05
0xa442f7ef6741477fc7417c0720885adaa07ffc4490cf23a92ddbab10018d9257,Success,Transfer,120300732,2026-09-06 12:14:56,0xf1618ea0c0f2204c1aecfabfa2b3dc5fe063d733,Fake_Phishing971097,0x231bdd87ade0feb934a981f9a4442cc2bac110c8,Fake_Phishing1330116,0 BNB,$0.00,3.014e-05
0xbfe56afc535ba9b2815b0ae9e7051cd017b483e6feb0f7743c7ce2ae01da4178,Success,Transfer,120299943,2026-09-06 12:09:01,0xf1618ea0c0f2204c1aecfabfa2b3dc5fe063d733,Fake_Phishing971097,0x231bdd87ade0feb934a981f9a4442cc2bac110c8,Fake_Phishing1330116,0 BNB,$0.00,3.001e-05
0xe93643d2d27a2e80a9d594ced727549a15e3641de7c684412743d6cfd2ef3ce2,Success,Transfer,120299074,2026-09-06 12:02:30,0xf1618ea0c0f2204c1aecfabfa2b3dc5fe063d733,Fake_Phishing971097,0x231bdd87ade0feb934a981f9a4442cc2bac110c8,Fake_Phishing1330116,0 BNB,$0.00,2.99e-05
0xfbf7447513ca564554c3697d07e3438db3d57e6f8c145673093fd3ca0418d69b,Success,Transfer,120298249,2026-09-06 11:56:19,0xf1618ea0c0f2204c1aecfabfa2b3dc5fe063d733,Fake_Phishing971097,0x231bdd87ade0feb934a981f9a4442cc2bac110c8,Fake_Phishing1330116,0 BNB,$0.00,2.972e-05
0xb7269488b1b4dd94b92aca660ec4c50a899a616b880eff954d42d846fc9dff0b,Success,Transfer,120297483,2026-09-06 11:50:34,0xf1618ea0c0f2204c1aecfabfa2b3dc5fe063d733,Fake_Phishing971097,0x231bdd87ade0feb934a981f9a4442cc2bac110c8,Fake_Phishing1330116,0 BNB,$0.00,3.015e-05
0xcdadaf337ea560cf41d89aa2e7674cf301731fb08d63b770dba626829771be13,Success,Transfer,120296716,2026-09-06 11:44:49,0xf1618ea0c0f2204c1aecfabfa2b3dc5fe063d733,Fake_Phishing971097,0x231bdd87ade0feb934a981f9a4442cc2bac110c8,Fake_Phishing1330116,0 BNB,$0.00,2.972e-05
0x2c1720c139363d8ba3da2f34d9947fa6e804a40e367b294a65aef9d439c2fa82,Success,Transfer,120295859,2026-09-06 11:38:23,0xf1618ea0c0f2204c1aecfabfa2b3dc5fe063d733,Fake_Phishing971097,0x231bdd87ade0feb934a981f9a4442cc2bac110c8,Fake_Phishing1330116,0 BNB,$0.00,3.045e-05
0x5624dd43a0e4b4392b6110979d5fc7ffbadbe89bc43fc23690ba4d8890fdbbae,Success,Transfer,120295009,2026-09-06 11:32:00,0xf1618ea0c0f2204c1aecfabfa2b3dc5fe063d733,Fake_Phishing971097,0x231bdd87ade0feb934a981f9a4442cc2bac110c8,Fake_Phishing1330116,0 BNB,$0.00,2.972e-05
0xf3e38716c6900584c7e069c32c85bd5eb0cd43adaa134f5ef4e2e1d364a689dc,Success,Transfer,120294156,2026-09-06 11:25:37,0xf1618ea0c0f2204c1aecfabfa2b3dc5fe063d733,Fake_Phishing971097,0x231bdd87ade0feb934a981f9a4442cc2bac110c8,Fake_Phishing1330116,0 BNB,$0.00,2.98e-05
0xf7d1d2e845c1a0708db9b27cceb29b79cfb4fc4be1a23b3b9bc5f642d225682e,Success,Transfer,120293317,2026-09-06 11:19:19,0xf1618ea0c0f2204c1aecfabfa2b3dc5fe063d733,Fake_Phishing971097,0x231bdd87ade0feb934a981f9a4442cc2bac110c8,Fake_Phishing1330116,0 BNB,$0.00,3.038e-05
0x185c02d0826a7eb21658cd2a331df232c433065ea07d4120d03e8712ee60804d,Success,Transfer,120292537,2026-09-06 11:13:28,0xf1618ea0c0f2204c1aecfabfa2b3dc5fe063d733,Fake_Phishing971097,0x231bdd87ade0feb934a981f9a4442cc2bac110c8,Fake_Phishing1330116,0 BNB,$0.00,2.913e-05
0xd6a473b7a612bf8d33b2f40a147ed6d3bf8aadb9bb804ae36fd1fb3f2f75b3a5,Success,Transfer,120291668,2026-09-06 11:06:57,0xf1618ea0c0f2204c1aecfabfa2b3dc5fe063d733,Fake_Phishing971097,0x231bdd87ade0feb934a981f9a4442cc2bac110c8,Fake_Phishing1330116,0 BNB,$0.00,3.014e-05
0x825fbee2ee48da18c3695b295c585c533aa53a330efd6ddf743fe2bd8a4d4682,Success,Transfer,120290828,2026-09-06 11:00:39,0xf1618ea0c0f2204c1aecfabfa2b3dc5fe063d733,Fake_Phishing971097,0x231bdd87ade0feb934a981f9a4442cc2bac110c8,Fake_Phishing1330116,0 BNB,$0.00,2.952e-05
0x0d3b3fcba791c0acd4696fcca79d8bab31ce126ff5d2c472e84adb3056cf3003,Success,Transfer,120289992,2026-09-06 10:54:22,0xf1618ea0c0f2204c1aecfabfa2b3dc5fe063d733,Fake_Phishing971097,0x231bdd87ade0feb934a981f9a4442cc2bac110c8,Fake_Phishing1330116,0 BNB,$0.00,2.941e-05
0x5416f97a9ab0369c582ad90b7594f1de60965a90e8d9206d9f1f8da88711f9ec,Success,Transfer,120289200,2026-09-06 10:48:26,0xf1618ea0c0f2204c1aecfabfa2b3dc5fe063d733,Fake_Phishing971097,0x231bdd87ade0feb934a981f9a4442cc2bac110c8,Fake_Phishing1330116,0 BNB,$0.00,3.031e-05
0x166b2732bb560185ed031ef931d0f4f79f0a8fe3f6c0af14c069b143c151361a,Success,Transfer,120288320,2026-09-06 10:41:50,0xf1618ea0c0f2204c1aecfabfa2b3dc5fe063d733,Fake_Phishing971097,0x231bdd87ade0feb934a981f9a4442cc2bac110c8,Fake_Phishing1330116,0 BNB,$0.00,3.025e-05
0x7ea50a48bda1922f15592cd4c205b309c3ab01694a382c2c4ea46ca3287d6296,Success,Transfer,120287538,2026-09-06 10:35:57,0xf1618ea0c0f2204c1aecfabfa2b3dc5fe063d733,Fake_Phishing971097,0x231bdd87ade0feb934a981f9a4442cc2bac110c8,Fake_Phishing1330116,0 BNB,$0.00,3.02e-05
0x05a628771eec9da16c194761b405fafe05b23348ff50ee3511ecdbbb188e4b15,Success,Transfer,120286698,2026-09-06 10:29:39,0xf1618ea0c0f2204c1aecfabfa2b3dc5fe063d733,Fake_Phishing971097,0x231bdd87ade0feb934a981f9a4442cc2bac110c8,Fake_Phishing1330116,0 BNB,$0.00,3.03e-05
0x532f30be65f8c0b14ae829ac7ab18ec9b856738d151933fc2ebe5f07c1c2e36b,Success,Transfer,120285841,2026-09-06 10:23:13,0xf1618ea0c0f2204c1aecfabfa2b3dc5fe063d733,Fake_Phishing971097,0x231bdd87ade0feb934a981f9a4442cc2bac110c8,Fake_Phishing1330116,0 BNB,$0.00,3.038e-05
0x69ff50fbf45e56f8c9831b4609a1d60ae133aa5830702dca6043c33e59a2ec9a,Success,Transfer,120284955,2026-09-06 10:16:35,0xf1618ea0c0f2204c1aecfabfa2b3dc5fe063d733,Fake_Phishing971097,0x231bdd87ade0feb934a981f9a4442cc2bac110c8,Fake_Phishing1330116,0 BNB,$0.00,2.951e-05
0x7de9f40655759162de2622d4413e26266867164cfbacfaeed554daa44058ba56,Success,Transfer,120284080,2026-09-06 10:10:01,0xf1618ea0c0f2204c1aecfabfa2b3dc5fe063d733,Fake_Phishing971097,0x231bdd87ade0feb934a981f9a4442cc2bac110c8,Fake_Phishing1330116,0 BNB,$0.00,2.962e-05
0x5ab0b65d5de2aee2653307e18394db6bb471034281a429300aa3aa1521cefb83,Success,Transfer,120283240,2026-09-06 10:03:42,0xf1618ea0c0f2204c1aecfabfa2b3dc5fe063d733,Fake_Phishing971097,0x231bdd87ade0feb934a981f9a4442cc2bac110c8,Fake_Phishing1330116,0 BNB,$0.00,3.031e-05
0xde561e2ede4d07b8270fdb834581749600644a4ec1a905edbc4d4613d0fd08fb,Success,Transfer,120282458,2026-09-06 09:57:50,0xf1618ea0c0f2204c1aecfabfa2b3dc5fe063d733,Fake_Phishing971097,0x231bdd87ade0feb934a981f9a4442cc2bac110c8,Fake_Phishing1330116,0 BNB,$0.00,3.035e-05
0x60172908d7f62185c0d3307c71ed3daa8cc2bf8fabd47549ce8089e4e2dc525e,Success,Transfer,120281663,2026-09-06 09:51:52,0xf1618ea0c0f2204c1aecfabfa2b3dc5fe063d733,Fake_Phishing971097,0x231bdd87ade0feb934a981f9a4442cc2bac110c8,Fake_Phishing1330116,0 BNB,$0.00,3.038e-05
0x1a9f72e8ab1010c1e1ddd9914136fe2583c32eb533c5b4061e1f7a23c6de2071,Success,Transfer,120280994,2026-09-06 09:46:51,0xf1618ea0c0f2204c1aecfabfa2b3dc5fe063d733,Fake_Phishing971097,0x231bdd87ade0feb934a981f9a4442cc2bac110c8,Fake_Phishing1330116,0 BNB,$0.00,3.035e-05
0xba7d61c5dc4b3172b2876b5c456c133d33672f9e8268db09fa94be3133cec3fa,Success,Transfer,120280173,2026-09-06 09:40:42,0xf1618ea0c0f2204c1aecfabfa2b3dc5fe063d733,Fake_Phishing971097,0x231bdd87ade0feb934a981f9a4442cc2bac110c8,Fake_Phishing1330116,0 BNB,$0.00,3.03e-05
0x36189e6b34c140019e10b4e841d143b1184288d725a175972c63cb9ccc4cdfa0,Success,Transfer,120279353,2026-09-06 09:34:33,0xf1618ea0c0f2204c1aecfabfa2b3dc5fe063d733,Fake_Phishing971097,0x231bdd87ade0feb934a981f9a4442cc2bac110c8,Fake_Phishing1330116,0 BNB,$0.00,3.03e-05
0x0c26cb8d13cfaef692d49f1d21977eef619d93b51d5d0d9817a42615ae708645,Success,Transfer,120278579,2026-09-06 09:28:44,0xf1618ea0c0f2204c1aecfabfa2b3dc5fe063d733,Fake_Phishing971097,0x231bdd87ade0feb934a981f9a4442cc2bac110c8,Fake_Phishing1330116,0 BNB,$0.00,3.02e-05
0x355a37ec664750a2ecaab31cafc0ef59af011c61f8180fd046bea2689220b5fd,Success,Transfer,120277871,2026-09-06 09:23:25,0xf1618ea0c0f2204c1aecfabfa2b3dc5fe063d733,Fake_Phishing971097,0x231bdd87ade0feb934a981f9a4442cc2bac110c8,Fake_Phishing1330116,0 BNB,$0.00,3.019e-05
0x3929997be9d841c81c1328e02933db37b405c63772de0e72e337a562c2643931,Success,Transfer,120277128,2026-09-06 09:17:51,0xf1618ea0c0f2204c1aecfabfa2b3dc5fe063d733,Fake_Phishing971097,0x231bdd87ade0feb934a981f9a4442cc2bac110c8,Fake_Phishing1330116,0 BNB,$0.00,3.038e-05
0x9d00da8c4d5aa4d3998942f501e7d1260c0ca5ddbe3fa12a57d836063a49a842,Success,Transfer,120276343,2026-09-06 09:11:57,0xf1618ea0c0f2204c1aecfabfa2b3dc5fe063d733,Fake_Phishing971097,0x231bdd87ade0feb934a981f9a4442cc2bac110c8,Fake_Phishing1330116,0 BNB,$0.00,2.952e-05
0x4bfd835aa1287ea7c79a372854e371e9205e136fa6505a890d2b6880d8e1c4aa,Success,Transfer,120275560,2026-09-06 09:06:04,0xf1618ea0c0f2204c1aecfabfa2b3dc5fe063d733,Fake_Phishing971097,0x231bdd87ade0feb934a981f9a4442cc2bac110c8,Fake_Phishing1330116,0 BNB,$0.00,3.005e-05
0x2e536c0b92e785f2e325e52d3a6c8d1f1e27a993dce0acd0dd3649de61c422ca,Success,Transfer,120475196,2026-09-07 10:04:10,0xf1618ea0c0f2204c1aecfabfa2b3dc5fe063d733,Fake_Phishing971097,0x231bdd87ade0feb934a981f9a4442cc2bac110c8,Fake_Phishing1330116,0 BNB,$0.00,3.021e-05
0x4279940f5c867fcd94e28ce42395e9428831e05e413db1931c9b612206523cb0,Success,Transfer,120474454,2026-09-07 09:58:36,0xf1618ea0c0f2204c1aecfabfa2b3dc5fe063d733,Fake_Phishing971097,0x231bdd87ade0feb934a981f9a4442cc2bac110c8,Fake_Phishing1330116,0 BNB,$0.00,3e-05
0x4b5160bebfd70813a311d27180fee02b248ef6385d6dab79296dd0e82fd6cfa7,Success,Transfer,120473744,2026-09-07 09:53:17,0xf1618ea0c0f2204c1aecfabfa2b3dc5fe063d733,Fake_Phishing971097,0x231bdd87ade0feb934a981f9a4442cc2bac110c8,Fake_Phishing1330116,0 BNB,$0.00,3.031e-05
0xfdf2c866cb2eb34a49ac62e4decd0c345afd545c3a8c246297a4eec55fc77008,Success,Transfer,120473031,2026-09-07 09:47:55,0xf1618ea0c0f2204c1aecfabfa2b3dc5fe063d733,Fake_Phishing971097,0x231bdd87ade0feb934a981f9a4442cc2bac110c8,Fake_Phishing1330116,0 BNB,$0.00,3.038e-05
0x7e2ff2450c65f16c5dd26e3e053d2dde0c99c9ae10defe36bef5978fa18985b3,Success,Transfer,120472294,2026-09-07 09:42:23,0xf1618ea0c0f2204c1aecfabfa2b3dc5fe063d733,Fake_Phishing971097,0x231bdd87ade0feb934a981f9a4442cc2bac110c8,Fake_Phishing1330116,0 BNB,$0.00,3.01e-05
0x6445bf60be0122af3e97cda76bbbad28fcf52ecb591a1a167f596ecde9a74934,Success,Transfer,120471538,2026-09-07 09:36:42,0xf1618ea0c0f2204c1aecfabfa2b3dc5fe063d733,Fake_Phishing971097,0x231bdd87ade0feb934a981f9a4442cc2bac110c8,Fake_Phishing1330116,0 BNB,$0.00,3.034e-05
0x8a9ad61a890b7317c73b5d5835111844d6a836baf89627ba05b83a9610c11277,Success,Transfer,120470775,2026-09-07 09:30:59,0xf1618ea0c0f2204c1aecfabfa2b3dc5fe063d733,Fake_Phishing971097,0x231bdd87ade0feb934a981f9a4442cc2bac110c8,Fake_Phishing1330116,0 BNB,$0.00,3.028e-05
0x75493a1606caf0fb2cb731e1002af7e48802011b667dec9d527bda951c684dad,Success,Transfer,120470091,2026-09-07 09:25:51,0xf1618ea0c0f2204c1aecfabfa2b3dc5fe063d733,Fake_Phishing971097,0x231bdd87ade0feb934a981f9a4442cc2bac110c8,Fake_Phishing1330116,0 BNB,$0.00,3.031e-05
0xec57f11988d897550d187e3a96b2196d6f37db5445a08764e819801c7c18b989,Success,Transfer,120469379,2026-09-07 09:20:31,0xf1618ea0c0f2204c1aecfabfa2b3dc5fe063d733,Fake_Phishing971097,0x231bdd87ade0feb934a981f9a4442cc2bac110c8,Fake_Phishing1330116,0 BNB,$0.00,3.034e-05
0xd66e5ce22d7b17b2720f57a1b1951213c07f27164f5981710318b6a31343c7c6,Success,Transfer,120468666,2026-09-07 09:15:10,0xf1618ea0c0f2204c1aecfabfa2b3dc5fe063d733,Fake_Phishing971097,0x231bdd87ade0feb934a981f9a4442cc2bac110c8,Fake_Phishing1330116,0 BNB,$0.00,3.031e-05
0xd6fc0d75137141375e80ba56bc8effc1b995e7a1c74747a2f0a98ce6c92ef986,Success,Transfer,120467913,2026-09-07 09:09:31,0xf1618ea0c0f2204c1aecfabfa2b3dc5fe063d733,Fake_Phishing971097,0x231bdd87ade0feb934a981f9a4442cc2bac110c8,Fake_Phishing1330116,0 BNB,$0.00,2.941e-05
0x18512c6cfc052b02eb5c074e3fcaebddbcf35cabb02cbcd4cffa5e527c8c5851,Success,Transfer,120467273,2026-09-07 09:04:43,0xf1618ea0c0f2204c1aecfabfa2b3dc5fe063d733,Fake_Phishing971097,0x231bdd87ade0feb934a981f9a4442cc2bac110c8,Fake_Phishing1330116,0 BNB,$0.00,3.034e-05
0x10918c88f4794d0f2e7cc5ac283bcea04f790c489d5811f0b7c3c80198d39de3,Success,Transfer,120466550,2026-09-07 08:59:18,0xf1618ea0c0f2204c1aecfabfa2b3dc5fe063d733,Fake_Phishing971097,0x231bdd87ade0feb934a981f9a4442cc2bac110c8,Fake_Phishing1330116,0 BNB,$0.00,3.021e-05
0x3b613d06b3a1fd877a78329ab20facf61b198c4c4c69a120c540817f1925d3c4,Success,Transfer,120465814,2026-09-07 08:53:46,0xf1618ea0c0f2204c1aecfabfa2b3dc5fe063d733,Fake_Phishing971097,0x231bdd87ade0feb934a981f9a4442cc2bac110c8,Fake_Phishing1330116,0 BNB,$0.00,2.942e-05
0x36c6ef3d0b6643f3ce95d57240a245a03a2320a9021be64f2960bb5776895aca,Success,Transfer,120465047,2026-09-07 08:48:01,0xf1618ea0c0f2204c1aecfabfa2b3dc5fe063d733,Fake_Phishing971097,0x231bdd87ade0feb934a981f9a4442cc2bac110c8,Fake_Phishing1330116,0 BNB,$0.00,3.031e-05
0xaa19983a170367452dbf3fe967b760de00259d3f092373c043342116282fc2ed,Success,Transfer,120464258,2026-09-07 08:42:06,0xf1618ea0c0f2204c1aecfabfa2b3dc5fe063d733,Fake_Phishing971097,0x231bdd87ade0feb934a981f9a4442cc2bac110c8,Fake_Phishing1330116,0 BNB,$0.00,3.038e-05
0x239810726544133753c1d1f484730346b5f8e5bbdf649dde32c625ce5e3d7d27,Success,Transfer,120463490,2026-09-07 08:36:20,0xf1618ea0c0f2204c1aecfabfa2b3dc5fe063d733,Fake_Phishing971097,0x231bdd87ade0feb934a981f9a4442cc2bac110c8,Fake_Phishing1330116,0 BNB,$0.00,3.015e-05
0x7e816cbda2eb068e18040d041821323c744f85d58766499d61205040f9eb1599,Success,Transfer,120462774,2026-09-07 08:30:58,0xf1618ea0c0f2204c1aecfabfa2b3dc5fe063d733,Fake_Phishing971097,0x231bdd87ade0feb934a981f9a4442cc2bac110c8,Fake_Phishing1330116,0 BNB,$0.00,2.962e-05
0x3003b08ec8242fb7b8d023968b72d685e7a465894778da74098f9f2aebc233a5,Success,Transfer,120462059,2026-09-07 08:25:36,0xf1618ea0c0f2204c1aecfabfa2b3dc5fe063d733,Fake_Phishing971097,0x231bdd87ade0feb934a981f9a4442cc2bac110c8,Fake_Phishing1330116,0 BNB,$0.00,3.031e-05
0x9303b7f1cda1cfd01f6ff2b6a36efaa2937da607036179fe4e9bc6ba9ba69540,Success,Transfer,120461352,2026-09-07 08:20:18,0xf1618ea0c0f2204c1aecfabfa2b3dc5fe063d733,Fake_Phishing971097,0x231bdd87ade0feb934a981f9a4442cc2bac110c8,Fake_Phishing1330116,0 BNB,$0.00,3.034e-05
0x1e23262c32d1d52876b5460226e83795e4d836635b5c664884fff516203aaf4b,Success,Transfer,120460675,2026-09-07 08:15:13,0xf1618ea0c0f2204c1aecfabfa2b3dc5fe063d733,Fake_Phishing971097,0x231bdd87ade0feb934a981f9a4442cc2bac110c8,Fake_Phishing1330116,0 BNB,$0.00,2.972e-05
0x8bf899717d69dd1224189a14410058786163cfee0703f20cdcbb069052481e2f,Success,Transfer,120459972,2026-09-07 08:09:57,0xf1618ea0c0f2204c1aecfabfa2b3dc5fe063d733,Fake_Phishing971097,0x231bdd87ade0feb934a981f9a4442cc2bac110c8,Fake_Phishing1330116,0 BNB,$0.00,3.008e-05
0xd9c425d6f056779c2dff437c696ac6c42aef2b1ad47399f2928c28d910e04a3c,Success,Transfer,120459251,2026-09-07 08:04:32,0xf1618ea0c0f2204c1aecfabfa2b3dc5fe063d733,Fake_Phishing971097,0x231bdd87ade0feb934a981f9a4442cc2bac110c8,Fake_Phishing1330116,0 BNB,$0.00,2.914e-05
0xa44c5d37f54ea7c3cd52b197b7b1dcdd94df3f6719d2cf7adee5f802267479d0,Success,Transfer,120458517,2026-09-07 07:59:02,0xf1618ea0c0f2204c1aecfabfa2b3dc5fe063d733,Fake_Phishing971097,0x231bdd87ade0feb934a981f9a4442cc2bac110c8,Fake_Phishing1330116,0 BNB,$0.00,2.972e-05
0xc39287a923af602ac1c19b25e6820ea3c73ae66bb9b620d99a46d7ae53e34039,Success,Transfer,120457806,2026-09-07 07:53:42,0xf1618ea0c0f2204c1aecfabfa2b3dc5fe063d733,Fake_Phishing971097,0x231bdd87ade0feb934a981f9a4442cc2bac110c8,Fake_Phishing1330116,0 BNB,$0.00,2.972e-05
0xb4f1beb191a914e699a80130d58728bdd91c126f1abaf282612c0a3b651a4aff,Success,Transfer,120457044,2026-09-07 07:47:59,0xf1618ea0c0f2204c1aecfabfa2b3dc5fe063d733,Fake_Phishing971097,0x231bdd87ade0feb934a981f9a4442cc2bac110c8,Fake_Phishing1330116,0 BNB,$0.00,3.031e-05
0x3912e7da9dd9ede23058364cac31a814c79124085327d6bb249de538f2d6630e,Success,Transfer,120456355,2026-09-07 07:42:49,0xf1618ea0c0f2204c1aecfabfa2b3dc5fe063d733,Fake_Phishing971097,0x231bdd87ade0feb934a981f9a4442cc2bac110c8,Fake_Phishing1330116,0 BNB,$0.00,3.025e-05
0xd1fd81692a817b999d16bd109b873d9c0548855ec2aeb5c49fd60e1fdad9102d,Success,Transfer,120455625,2026-09-07 07:37:20,0xf1618ea0c0f2204c1aecfabfa2b3dc5fe063d733,Fake_Phishing971097,0x231bdd87ade0feb934a981f9a4442cc2bac110c8,Fake_Phishing1330116,0 BNB,$0.00,2.942e-05
0x7ee1ec7abe9005cea4ffc1824057a75752be137cf480fdca9ec79b90b2ec8349,Success,Transfer,120454890,2026-09-07 07:31:50,0xf1618ea0c0f2204c1aecfabfa2b3dc5fe063d733,Fake_Phishing971097,0x231bdd87ade0feb934a981f9a4442cc2bac110c8,Fake_Phishing1330116,0 BNB,$0.00,2.972e-05
0x76d12ca464648836df3da1b5f065c53d317fd2dedfad90ef2c580905be0d583c,Success,Transfer,120454158,2026-09-07 07:26:20,0xf1618ea0c0f2204c1aecfabfa2b3dc5fe063d733,Fake_Phishing971097,0x231bdd87ade0feb934a981f9a4442cc2bac110c8,Fake_Phishing1330116,0 BNB,$0.00,2.962e-05
0xc24489974ff718d97244b9dd2d5bfae22e8e4c918028fd33126bb31fa63cec18,Success,Transfer,120453498,2026-09-07 07:21:23,0xf1618ea0c0f2204c1aecfabfa2b3dc5fe063d733,Fake_Phishing971097,0x231bdd87ade0feb934a981f9a4442cc2bac110c8,Fake_Phishing1330116,0 BNB,$0.00,3.021e-05
0xdae7193f22eb9007dd8f4f580a1ab1678231a906eaa2290201ea94f99a705594,Success,Transfer,120452698,2026-09-07 07:15:23,0xf1618ea0c0f2204c1aecfabfa2b3dc5fe063d733,Fake_Phishing971097,0x231bdd87ade0feb934a981f9a4442cc2bac110c8,Fake_Phishing1330116,0 BNB,$0.00,3.035e-05
0x38bdada1e7a5bbb9d9c7b9fe528ef924c94cbe78170d6ee822e2b5f082627311,Success,Transfer,120451967,2026-09-07 07:09:54,0xf1618ea0c0f2204c1aecfabfa2b3dc5fe063d733,Fake_Phishing971097,0x231bdd87ade0feb934a981f9a4442cc2bac110c8,Fake_Phishing1330116,0 BNB,$0.00,3.031e-05
0x171339e6df7388e7cf5a1e54f4f9fac5f948c934b3a5dd1734da30241001522c,Success,Transfer,120451316,2026-09-07 07:05:01,0xf1618ea0c0f2204c1aecfabfa2b3dc5fe063d733,Fake_Phishing971097,0x231bdd87ade0feb934a981f9a4442cc2bac110c8,Fake_Phishing1330116,0 BNB,$0.00,2.931e-05
0x5b14c04ab475c28a62d5941c15d4b4dd7f9720ab76f01894700e07eec5da6063,Success,Transfer,120450598,2026-09-07 06:59:38,0xf1618ea0c0f2204c1aecfabfa2b3dc5fe063d733,Fake_Phishing971097,0x231bdd87ade0feb934a981f9a4442cc2bac110c8,Fake_Phishing1330116,0 BNB,$0.00,2.962e-05
0xe7d88a3c090ee379bb561585f028968c1a19d9533736b88cb294e65e5bc3a5a5,Success,Transfer,120449873,2026-09-07 06:54:11,0xf1618ea0c0f2204c1aecfabfa2b3dc5fe063d733,Fake_Phishing971097,0x231bdd87ade0feb934a981f9a4442cc2bac110c8,Fake_Phishing1330116,0 BNB,$0.00,3.024e-05
0xd113ad880aec9bb739542ca6d4d0054f2cfefbbb1ca8faadd530e2b7fed22240,Success,Transfer,120449083,2026-09-07 06:48:15,0xf1618ea0c0f2204c1aecfabfa2b3dc5fe063d733,Fake_Phishing971097,0x231bdd87ade0feb934a981f9a4442cc2bac110c8,Fake_Phishing1330116,0 BNB,$0.00,3.005e-05
0x2639a1711a71f94012023b46675e42bfcfa4af58e51e8d6bd865725fecb5eb83,Success,Transfer,120448487,2026-09-07 06:43:47,0xf1618ea0c0f2204c1aecfabfa2b3dc5fe063d733,Fake_Phishing971097,0x231bdd87ade0feb934a981f9a4442cc2bac110c8,Fake_Phishing1330116,0 BNB,$0.00,2.902e-05
0xcc1d63b41798ebe9176c7fe7ca7eb41e5bdba0c29c414d07e354b97b089fba77,Success,Transfer,120447750,2026-09-07 06:38:16,0xf1618ea0c0f2204c1aecfabfa2b3dc5fe063d733,Fake_Phishing971097,0x231bdd87ade0feb934a981f9a4442cc2bac110c8,Fake_Phishing1330116,0 BNB,$0.00,3.031e-05
0x61de3e17e2ada505631f78033e7cc599363aa0392305ceffea1310eb7f7dfc76,Success,Transfer,120446920,2026-09-07 06:32:02,0xf1618ea0c0f2204c1aecfabfa2b3dc5fe063d733,Fake_Phishing971097,0x231bdd87ade0feb934a981f9a4442cc2bac110c8,Fake_Phishing1330116,0 BNB,$0.00,2.972e-05
0xa9d1d8d98c8e228a02ceb19692733b5c0ef292d65a6af16301034ef630796209,Success,Transfer,120446160,2026-09-07 06:26:20,0xf1618ea0c0f2204c1aecfabfa2b3dc5fe063d733,Fake_Phishing971097,0x231bdd87ade0feb934a981f9a4442cc2bac110c8,Fake_Phishing1330116,0 BNB,$0.00,2.962e-05
0xff94b67a926f3fe3bc452cc56ac7da7770a5a2e2cad23acfc6c66c2c2b4b216b,Success,Transfer,120445483,2026-09-07 06:21:15,0xf1618ea0c0f2204c1aecfabfa2b3dc5fe063d733,Fake_Phishing971097,0x231bdd87ade0feb934a981f9a4442cc2bac110c8,Fake_Phishing1330116,0 BNB,$0.00,2.994e-05
0x61e2956233dd6218314dec5cafc11ce40d374b30f483858468b6dcfc9d8e99a4,Success,Transfer,120444713,2026-09-07 06:15:28,0xf1618ea0c0f2204c1aecfabfa2b3dc5fe063d733,Fake_Phishing971097,0x231bdd87ade0feb934a981f9a4442cc2bac110c8,Fake_Phishing1330116,0 BNB,$0.00,3.02e-05
0x3e8760db3ad96796ae85a6697aec01e4f76c737c2beb0f5f8b65785c0fe7c3f4,Success,Transfer,120443896,2026-09-07 06:09:21,0xf1618ea0c0f2204c1aecfabfa2b3dc5fe063d733,Fake_Phishing971097,0x231bdd87ade0feb934a981f9a4442cc2bac110c8,Fake_Phishing1330116,0 BNB,$0.00,2.921e-05
0xa5cac028c9591b32e500847e1b3527091796889c33d2101dbad3c3cb3730d939,Success,Transfer,120443105,2026-09-07 06:03:25,0xf1618ea0c0f2204c1aecfabfa2b3dc5fe063d733,Fake_Phishing971097,0x231bdd87ade0feb934a981f9a4442cc2bac110c8,Fake_Phishing1330116,0 BNB,$0.00,2.951e-05
0x45a2dbbe889087002016e3ad3fcefe356cd030daeb52338b55f3f8a578cf568f,Success,Transfer,120442325,2026-09-07 05:57:34,0xf1618ea0c0f2204c1aecfabfa2b3dc5fe063d733,Fake_Phishing971097,0x231bdd87ade0feb934a981f9a4442cc2bac110c8,Fake_Phishing1330116,0 BNB,$0.00,2.962e-05
0x1bb353313a29c9b7154e5ccb6dc0d18dbf2c341b3f1df1078b8f92a69b864d22,Success,Transfer,120441568,2026-09-07 05:51:52,0xf1618ea0c0f2204c1aecfabfa2b3dc5fe063d733,Fake_Phishing971097,0x231bdd87ade0feb934a981f9a4442cc2bac110c8,Fake_Phishing1330116,0 BNB,$0.00,3.001e-05
0x95814fcee6a3701699acf081eca376c781969afc0860950b9589df1ed892f6ef,Success,Transfer,120440792,2026-09-07 05:46:02,0xf1618ea0c0f2204c1aecfabfa2b3dc5fe063d733,Fake_Phishing971097,0x231bdd87ade0feb934a981f9a4442cc2bac110c8,Fake_Phishing1330116,0 BNB,$0.00,3.031e-05
0x02abd8f6c030f83c2a2bef7ea9f1572a6132711ae188f585025b205c317c9408,Success,Transfer,120440046,2026-09-07 05:40:27,0xf1618ea0c0f2204c1aecfabfa2b3dc5fe063d733,Fake_Phishing971097,0x231bdd87ade0feb934a981f9a4442cc2bac110c8,Fake_Phishing1330116,0 BNB,$0.00,3.014e-05
0x2668496826e934962b401814868d3eb0bc86144336c21c068ce1072410ff88e3,Success,Transfer,120439212,2026-09-07 05:34:11,0xf1618ea0c0f2204c1aecfabfa2b3dc5fe063d733,Fake_Phishing971097,0x231bdd87ade0feb934a981f9a4442cc2bac110c8,Fake_Phishing1330116,0 BNB,$0.00,2.972e-05
0xa9c9704523fe25a7fcc6ed544145d14fccb2d8d51ec7a232cad2be96f12c7b4b,Success,Transfer,120438374,2026-09-07 05:27:53,0xf1618ea0c0f2204c1aecfabfa2b3dc5fe063d733,Fake_Phishing971097,0x231bdd87ade0feb934a981f9a4442cc2bac110c8,Fake_Phishing1330116,0 BNB,$0.00,3.031e-05
0x24488bf952e6c2f8adf12e80f18b224196654475f892f50c85481371ff635a22,Success,Transfer,120437452,2026-09-07 05:20:58,0xf1618ea0c0f2204c1aecfabfa2b3dc5fe063d733,Fake_Phishing971097,0x231bdd87ade0feb934a981f9a4442cc2bac110c8,Fake_Phishing1330116,0 BNB,$0.00,3.034e-05
0x40a8d025a5321f9270a28bc7957c9a0e07b4dc2e9c47c99674d7d97fd75e7c86,Success,Transfer,120436431,2026-09-07 05:13:18,0xf1618ea0c0f2204c1aecfabfa2b3dc5fe063d733,Fake_Phishing971097,0x231bdd87ade0feb934a981f9a4442cc2bac110c8,Fake_Phishing1330116,0 BNB,$0.00,3.015e-05
0xd5765c15c6a701a9c326cdd4f47d817672316b2d055fccc0de073a5396b9c4a0,Success,Transfer,120435461,2026-09-07 05:06:02,0xf1618ea0c0f2204c1aecfabfa2b3dc5fe063d733,Fake_Phishing971097,0x231bdd87ade0feb934a981f9a4442cc2bac110c8,Fake_Phishing1330116,0 BNB,$0.00,3.021e-05
0x145dc973659b401a3c99135dd1206538bdfd79470d3afc29649dd61e79578bb2,Success,Transfer,120434522,2026-09-07 04:58:59,0xf1618ea0c0f2204c1aecfabfa2b3dc5fe063d733,Fake_Phishing971097,0x231bdd87ade0feb934a981f9a4442cc2bac110c8,Fake_Phishing1330116,0 BNB,$0.00,3.02e-05
0xbff7d62770f82fe3fe08674647e79d8b0683d30e84f67f62d8459210b091a71b,Success,Transfer,120433618,2026-09-07 04:52:12,0xf1618ea0c0f2204c1aecfabfa2b3dc5fe063d733,Fake_Phishing971097,0x231bdd87ade0feb934a981f9a4442cc2bac110c8,Fake_Phishing1330116,0 BNB,$0.00,2.952e-05
0x974735465f4cd13a6c9c12bcad57ad86a4876a03accffcc063822f01ad65cdfd,Success,Transfer,120432621,2026-09-07 04:44:43,0xf1618ea0c0f2204c1aecfabfa2b3dc5fe063d733,Fake_Phishing971097,0x231bdd87ade0feb934a981f9a4442cc2bac110c8,Fake_Phishing1330116,0 BNB,$0.00,2.972e-05
0x9cdbedbb450f0624048d74515a3f14582d3b38143fbbd9942cbb6622590841e0,Success,Transfer,120431626,2026-09-07 04:37:15,0xf1618ea0c0f2204c1aecfabfa2b3dc5fe063d733,Fake_Phishing971097,0x231bdd87ade0feb934a981f9a4442cc2bac110c8,Fake_Phishing1330116,0 BNB,$0.00,2.902e-05
0x12d2c9a8537dafd17180b5f77b1f1c89c9ce16383eb623d267ba5ed32ae71065,Success,Transfer,120430640,2026-09-07 04:29:52,0xf1618ea0c0f2204c1aecfabfa2b3dc5fe063d733,Fake_Phishing971097,0x231bdd87ade0feb934a981f9a4442cc2bac110c8,Fake_Phishing1330116,0 BNB,$0.00,2.962e-05
0xd234be34aace56301c88aba16aa9145c3f81eff94847d8ede339b6c48a21d8d8,Success,Transfer,120429666,2026-09-07 04:22:33,0xf1618ea0c0f2204c1aecfabfa2b3dc5fe063d733,Fake_Phishing971097,0x231bdd87ade0feb934a981f9a4442cc2bac110c8,Fake_Phishing1330116,0 BNB,$0.00,3.005e-05
0x9b872cb8d078147520e026adadbc39265ee19135c2ea849bd062deb6eb4e4a8a,Success,Transfer,120428632,2026-09-07 04:14:48,0xf1618ea0c0f2204c1aecfabfa2b3dc5fe063d733,Fake_Phishing971097,0x231bdd87ade0feb934a981f9a4442cc2bac110c8,Fake_Phishing1330116,0 BNB,$0.00,2.972e-05
0xfa5a965e8d6aed425903663f647d7997badbf95e99d4c7eb3e3020f15ad20b47,Success,Transfer,120427699,2026-09-07 04:07:47,0xf1618ea0c0f2204c1aecfabfa2b3dc5fe063d733,Fake_Phishing971097,0x231bdd87ade0feb934a981f9a4442cc2bac110c8,Fake_Phishing1330116,0 BNB,$0.00,2.823e-05
0x3034921f3de95f6b1ce904248915d8a039df012fafbc6ed9628dfc026c0020ab,Success,Transfer,120426811,2026-09-07 04:01:08,0xf1618ea0c0f2204c1aecfabfa2b3dc5fe063d733,Fake_Phishing971097,0x231bdd87ade0feb934a981f9a4442cc2bac110c8,Fake_Phishing1330116,0 BNB,$0.00,2.981e-05
0xd2ddd674e848f5a662382e211d2a6522060d9028ab237b08f81508273ee9ab0b,Success,Transfer,120425877,2026-09-07 03:54:07,0xf1618ea0c0f2204c1aecfabfa2b3dc5fe063d733,Fake_Phishing971097,0x231bdd87ade0feb934a981f9a4442cc2bac110c8,Fake_Phishing1330116,0 BNB,$0.00,3.046e-05
0x791a7d0ceccab534df8f64a9ad0b1669434013af024c738e8347fb82911f4285,Success,Transfer,120424868,2026-09-07 03:46:33,0xf1618ea0c0f2204c1aecfabfa2b3dc5fe063d733,Fake_Phishing971097,0x231bdd87ade0feb934a981f9a4442cc2bac110c8,Fake_Phishing1330116,0 BNB,$0.00,2.962e-05
0xe29b76555fb3666a19077ecf2add03576d7af8ca7aa808c7a277d9a8f10b1cfd,Success,Transfer,120423858,2026-09-07 03:38:59,0xf1618ea0c0f2204c1aecfabfa2b3dc5fe063d733,Fake_Phishing971097,0x231bdd87ade0feb934a981f9a4442cc2bac110c8,Fake_Phishing1330116,0 BNB,$0.00,3.031e-05
0x4d49b9389a03ef4c217560d5d09feb453cbce8b2796c1a5771348c5e60077466,Success,Transfer,120422959,2026-09-07 03:32:14,0xf1618ea0c0f2204c1aecfabfa2b3dc5fe063d733,Fake_Phishing971097,0x231bdd87ade0feb934a981f9a4442cc2bac110c8,Fake_Phishing1330116,0 BNB,$0.00,2.972e-05
0x8477d2abb0bffef86070c2d76f13e3929120e2e41bf8a908926e5ea03a1d791d,Success,Transfer,120422067,2026-09-07 03:25:33,0xf1618ea0c0f2204c1aecfabfa2b3dc5fe063d733,Fake_Phishing971097,0x231bdd87ade0feb934a981f9a4442cc2bac110c8,Fake_Phishing1330116,0 BNB,$0.00,3.031e-05
0xa77c67963361e235ebce580eb79e22b37abda84ed9bab4a3f36c90e5ca713427,Success,Transfer,120421128,2026-09-07 03:18:30,0xf1618ea0c0f2204c1aecfabfa2b3dc5fe063d733,Fake_Phishing971097,0x231bdd87ade0feb934a981f9a4442cc2bac110c8,Fake_Phishing1330116,0 BNB,$0.00,2.922e-05
0x2801596d10b3bbcc7a6ecd40148131a4528dc76404064136fa2e7bfc3c0487c8,Success,Transfer,120420316,2026-09-07 03:12:25,0xf1618ea0c0f2204c1aecfabfa2b3dc5fe063d733,Fake_Phishing971097,0x231bdd87ade0feb934a981f9a4442cc2bac110c8,Fake_Phishing1330116,0 BNB,$0.00,3.001e-05
0x1841f4fe5c53cd87766f2114ced73e0a5d11dcefc009e064ccd5bbb034ce913e,Success,Transfer,120419491,2026-09-07 03:06:14,0xf1618ea0c0f2204c1aecfabfa2b3dc5fe063d733,Fake_Phishing971097,0x231bdd87ade0feb934a981f9a4442cc2bac110c8,Fake_Phishing1330116,0 BNB,$0.00,3.046e-05
0xfb2fbc73f25b152a2bd7751cb2df908d51c45d21fa94d92e8a76260a6d1219b7,Success,Transfer,120418684,2026-09-07 03:00:10,0xf1618ea0c0f2204c1aecfabfa2b3dc5fe063d733,Fake_Phishing971097,0x231bdd87ade0feb934a981f9a4442cc2bac110c8,Fake_Phishing1330116,0 BNB,$0.00,2.952e-05
0x8076f4e3a718ecac647a2d4835187a086bb174a4c61980bc03e0c211edca0b48,Success,Transfer,120417987,2026-09-07 02:54:57,0xf1618ea0c0f2204c1aecfabfa2b3dc5fe063d733,Fake_Phishing971097,0x231bdd87ade0feb934a981f9a4442cc2bac110c8,Fake_Phishing1330116,0 BNB,$0.00,2.962e-05
0x59c6967e7ffa4f674de64b816528b09d20fbb2eb25fe681dc0b202eec3a4d12a,Success,Transfer,120417081,2026-09-07 02:48:09,0xf1618ea0c0f2204c1aecfabfa2b3dc5fe063d733,Fake_Phishing971097,0x231bdd87ade0feb934a981f9a4442cc2bac110c8,Fake_Phishing1330116,0 BNB,$0.00,3.021e-05
0x8536a7d8136396d80330eb48f8d2761bcc0529bed8278011e9c495c5ae94ed7a,Success,Transfer,120416183,2026-09-07 02:41:25,0xf1618ea0c0f2204c1aecfabfa2b3dc5fe063d733,Fake_Phishing971097,0x231bdd87ade0feb934a981f9a4442cc2bac110c8,Fake_Phishing1330116,0 BNB,$0.00,3.031e-05
0x88728d6eba7e9031d43d077c21188ea41e2e7e85ab8e34dc0faad8642c51ac01,Success,Transfer,120415377,2026-09-07 02:35:22,0xf1618ea0c0f2204c1aecfabfa2b3dc5fe063d733,Fake_Phishing971097,0x231bdd87ade0feb934a981f9a4442cc2bac110c8,Fake_Phishing1330116,0 BNB,$0.00,3.021e-05
0x9f4e2638795f509ee24cf795562292797dd537e22271c824f720847a4df6617d,Success,Transfer,120414604,2026-09-07 02:29:34,0xf1618ea0c0f2204c1aecfabfa2b3dc5fe063d733,Fake_Phishing971097,0x231bdd87ade0feb934a981f9a4442cc2bac110c8,Fake_Phishing1330116,0 BNB,$0.00,2.963e-05
0x81189661cbddedf7784198d9dd0c523c681a53e7db1824161fedfaf07c3de79e,Success,Transfer,120413733,2026-09-07 02:23:02,0xf1618ea0c0f2204c1aecfabfa2b3dc5fe063d733,Fake_Phishing971097,0x231bdd87ade0feb934a981f9a4442cc2bac110c8,Fake_Phishing1330116,0 BNB,$0.00,3.057e-05
0xa8f56d887523662757325270799e7eb40577966cbd5257516f21cda46667194b,Success,Transfer,120412924,2026-09-07 02:16:58,0xf1618ea0c0f2204c1aecfabfa2b3dc5fe063d733,Fake_Phishing971097,0x231bdd87ade0feb934a981f9a4442cc2bac110c8,Fake_Phishing1330116,0 BNB,$0.00,3.011e-05
0xc7d2e1007e48b2cc88a7cdfe7d30bb58a90caaec1bee7526b3c448ffcc759e00,Success,Transfer,120412038,2026-09-07 02:10:19,0xf1618ea0c0f2204c1aecfabfa2b3dc5fe063d733,Fake_Phishing971097,0x231bdd87ade0feb934a981f9a4442cc2bac110c8,Fake_Phishing1330116,0 BNB,$0.00,2.972e-05
0xc9daa457a80ec1b33706639b80ff41d50084151259f4a7745b1f75a4e92da3b6,Success,Transfer,120411168,2026-09-07 02:03:47,0xf1618ea0c0f2204c1aecfabfa2b3dc5fe063d733,Fake_Phishing971097,0x231bdd87ade0feb934a981f9a4442cc2bac110c8,Fake_Phishing1330116,0 BNB,$0.00,3.031e-05
0xfc7b9432b73ad3ab2002ae3861d82f44dcffe59721444cb28fb638629c8840f6,Success,Transfer,120410326,2026-09-07 01:57:28,0xf1618ea0c0f2204c1aecfabfa2b3dc5fe063d733,Fake_Phishing971097,0x231bdd87ade0feb934a981f9a4442cc2bac110c8,Fake_Phishing1330116,0 BNB,$0.00,3.088e-05
0x567fb5632c16e01a97658f81de97307fd7f1d029471867fe33935303cb0cfca9,Success,Transfer,120409483,2026-09-07 01:51:08,0xf1618ea0c0f2204c1aecfabfa2b3dc5fe063d733,Fake_Phishing971097,0x231bdd87ade0feb934a981f9a4442cc2bac110c8,Fake_Phishing1330116,0 BNB,$0.00,2.953e-05
0x8def1facb2eacbd655509795df87f25b5e317c687dd8f93035bbc4b44ae26b8a,Success,Transfer,120408591,2026-09-07 01:44:27,0xf1618ea0c0f2204c1aecfabfa2b3dc5fe063d733,Fake_Phishing971097,0x231bdd87ade0feb934a981f9a4442cc2bac110c8,Fake_Phishing1330116,0 BNB,$0.00,2.952e-05
0x19fba37ef0ed1f5943e86ac7ea0b6705d059cda32cc46e12fcf48b0ade577fe3,Success,Transfer,120407593,2026-09-07 01:36:58,0xf1618ea0c0f2204c1aecfabfa2b3dc5fe063d733,Fake_Phishing971097,0x231bdd87ade0feb934a981f9a4442cc2bac110c8,Fake_Phishing1330116,0 BNB,$0.00,2.963e-05
0x75bcfca62272c4bf401c201268c60a0963e7695d12b0d78a796bf3d799b36b95,Success,Transfer,120406579,2026-09-07 01:29:21,0xf1618ea0c0f2204c1aecfabfa2b3dc5fe063d733,Fake_Phishing971097,0x231bdd87ade0feb934a981f9a4442cc2bac110c8,Fake_Phishing1330116,0 BNB,$0.00,3.001e-05
0xba79c86b3e6c871c144f4317ffcec301d04affa67d604a0adeb9abcd20902c3a,Success,Transfer,120405366,2026-09-07 01:20:15,0xf1618ea0c0f2204c1aecfabfa2b3dc5fe063d733,Fake_Phishing971097,0x231bdd87ade0feb934a981f9a4442cc2bac110c8,Fake_Phishing1330116,0 BNB,$0.00,2.972e-05
0xb0dede862984224d684f7a92a10f09b5fe83b8bc45fe70ef1bfd958f18a9cee4,Success,Transfer,120404211,2026-09-07 01:11:35,0xf1618ea0c0f2204c1aecfabfa2b3dc5fe063d733,Fake_Phishing971097,0x231bdd87ade0feb934a981f9a4442cc2bac110c8,Fake_Phishing1330116,0 BNB,$0.00,2.851e-05
0xdda30adf9987b51297726876ab298699255581c3218011e12337d63751e2d6cf,Success,Transfer,120403147,2026-09-07 01:03:36,0xf1618ea0c0f2204c1aecfabfa2b3dc5fe063d733,Fake_Phishing971097,0x231bdd87ade0feb934a981f9a4442cc2bac110c8,Fake_Phishing1330116,0 BNB,$0.00,3.001e-05
0x9a9704e5faea248d280496c984c844bd9760f44c9059f614af4b4bd49c0ad110,Success,Transfer,120401914,2026-09-07 00:54:21,0xf1618ea0c0f2204c1aecfabfa2b3dc5fe063d733,Fake_Phishing971097,0x231bdd87ade0feb934a981f9a4442cc2bac110c8,Fake_Phishing1330116,0 BNB,$0.00,3.001e-05
0x72858b2ee798e8482e8536c071984e53aaca62d413617f0f988f8ac89a9cca6a,Success,Transfer,120400139,2026-09-07 00:41:02,0xf1618ea0c0f2204c1aecfabfa2b3dc5fe063d733,Fake_Phishing971097,0x231bdd87ade0feb934a981f9a4442cc2bac110c8,Fake_Phishing1330116,0 BNB,$0.00,3.004e-05
0xe6c719ac56845a117978ed596135b6cf876d4b932042eda12c3d5352745f9160,Success,Transfer,120398509,2026-09-07 00:28:48,0xf1618ea0c0f2204c1aecfabfa2b3dc5fe063d733,Fake_Phishing971097,0x231bdd87ade0feb934a981f9a4442cc2bac110c8,Fake_Phishing1330116,0 BNB,$0.00,3.032e-05
0xb0b945c278709e1633bedc61208c9955ce763eff21590acc8c2d099152d4cf39,Success,Transfer,120396998,2026-09-07 00:17:28,0xf1618ea0c0f2204c1aecfabfa2b3dc5fe063d733,Fake_Phishing971097,0x231bdd87ade0feb934a981f9a4442cc2bac110c8,Fake_Phishing1330116,0 BNB,$0.00,3.03e-05
0x71f4b07f87887a75013c1a2d1b7ad725fc38842df3d86a7a700afc33493d1de1,Success,Transfer,120395551,2026-09-07 00:06:36,0xf1618ea0c0f2204c1aecfabfa2b3dc5fe063d733,Fake_Phishing971097,0x231bdd87ade0feb934a981f9a4442cc2bac110c8,Fake_Phishing1330116,0 BNB,$0.00,3.032e-05
0x5f7ce8e716100ffbec51b6522269ff10e020607e601eac8c5bbd4b9b95593c6a,Success,Transfer,120393926,2026-09-06 23:54:24,0xf1618ea0c0f2204c1aecfabfa2b3dc5fe063d733,Fake_Phishing971097,0x231bdd87ade0feb934a981f9a4442cc2bac110c8,Fake_Phishing1330116,0 BNB,$0.00,3.001e-05
0x4e47b31b22890d26f67d2f747b23bf0efe0e4bcc29b5074fd22e16e49e158492,Success,Transfer,120391941,2026-09-06 23:39:31,0xf1618ea0c0f2204c1aecfabfa2b3dc5fe063d733,Fake_Phishing971097,0x231bdd87ade0feb934a981f9a4442cc2bac110c8,Fake_Phishing1330116,0 BNB,$0.00,2.971e-05
0x4738138de62d5c0742fd3c7d44c1e20315dcd1123c613d419de63cfc2d008621,Success,Transfer,120389749,2026-09-06 23:23:03,0xf1618ea0c0f2204c1aecfabfa2b3dc5fe063d733,Fake_Phishing971097,0x231bdd87ade0feb934a981f9a4442cc2bac110c8,Fake_Phishing1330116,0 BNB,$0.00,3.031e-05
0xb06539f609a4ff35077950bba323628ad2f2e13058256343448df4f12973686c,Success,Transfer,120387507,2026-09-06 23:06:13,0xf1618ea0c0f2204c1aecfabfa2b3dc5fe063d733,Fake_Phishing971097,0x231bdd87ade0feb934a981f9a4442cc2bac110c8,Fake_Phishing1330116,0 BNB,$0.00,2.972e-05
0x9d8a49ee420c2bbaed5ec6090a148e7c25dc97a431067d2906be24ab1b824888,Success,Transfer,120385468,2026-09-06 22:50:54,0xf1618ea0c0f2204c1aecfabfa2b3dc5fe063d733,Fake_Phishing971097,0x231bdd87ade0feb934a981f9a4442cc2bac110c8,Fake_Phishing1330116,0 BNB,$0.00,3.024e-05
0xdadeee46c242b06ba618aabd33cda888305e77c8469c24f81d4e29ae5f425dca,Success,Transfer,120383859,2026-09-06 22:38:49,0xf1618ea0c0f2204c1aecfabfa2b3dc5fe063d733,Fake_Phishing971097,0x231bdd87ade0feb934a981f9a4442cc2bac110c8,Fake_Phishing1330116,0 BNB,$0.00,3.031e-05
